-1.686285938;48.147233672;-1.686243676;48.146900695;1604995167492;1604995167492;6.239999771118164;"Bus700";"OPC_N3:20";"2020-11-10T07:59:27.492Z";"2020-11-10T07:59:27.492Z";
-1.686543438;48.146868213;-1.686311617;48.144447914;1604995143408;1604995143408;6.190000057220459;"Bus700";"OPC_N3:20";"2020-11-10T07:59:03.408Z";"2020-11-10T07:59:03.408Z";
-1.686543028;48.144015349;-1.686208014;48.143079346;1604995109263;1604995109263;5.539999961853027;"Bus700";"OPC_N3:20";"2020-11-10T07:58:29.263Z";"2020-11-10T07:58:29.263Z";
-1.686634583;48.142721672;-1.6865813;48.141454578;1604995061123;1604995061123;7.300000190734863;"Bus700";"OPC_N3:20";"2020-11-10T07:57:41.123Z";"2020-11-10T07:57:41.123Z";
-1.68662033;48.140607645;-1.686465855;48.13974979;1604995037024;1604995037024;7.199999809265137;"Bus700";"OPC_N3:20";"2020-11-10T07:57:17.024Z";"2020-11-10T07:57:17.024Z";
-1.686529419;48.139049117;-1.686422344;48.138217646;1604995012954;1604995012954;4.21999979019165;"Bus700";"OPC_N3:20";"2020-11-10T07:56:52.954Z";"2020-11-10T07:56:52.954Z";
-1.686408914;48.138211842;-1.686365065;48.138098166;1604994988852;1604994988852;5.320000171661377;"Bus700";"OPC_N3:20";"2020-11-10T07:56:28.852Z";"2020-11-10T07:56:28.852Z";
-1.68629512;48.137851123;-1.686094078;48.137206543;1604994964809;1604994964809;4.599999904632568;"Bus700";"OPC_N3:20";"2020-11-10T07:56:04.809Z";"2020-11-10T07:56:04.809Z";
-1.6860893;48.136254101;-1.685620813;48.134626292;1604994940702;1604994940702;4.070000171661377;"Bus700";"OPC_N3:20";"2020-11-10T07:55:40.702Z";"2020-11-10T07:55:40.702Z";
-1.685212785;48.133237539;-1.685182767;48.133136361;1604994892545;1604994892545;4.550000190734863;"Bus700";"OPC_N3:20";"2020-11-10T07:54:52.545Z";"2020-11-10T07:54:52.545Z";
-1.684944203;48.132407733;-1.684567412;48.131152242;1604994868440;1604994868440;3.319999933242798;"Bus700";"OPC_N3:20";"2020-11-10T07:54:28.440Z";"2020-11-10T07:54:28.440Z";
-1.684474995;48.130790534;-1.684227761;48.130208457;1604994844389;1604994844389;4.25;"Bus700";"OPC_N3:20";"2020-11-10T07:54:04.389Z";"2020-11-10T07:54:04.389Z";
-1.684122709;48.129878342;-1.683787022;48.129061521;1604994820298;1604994820298;4.289999961853027;"Bus700";"OPC_N3:20";"2020-11-10T07:53:40.298Z";"2020-11-10T07:53:40.298Z";
-1.68377241;48.12902963;-1.683670522;48.128783079;1604994796197;1604994796197;5.010000228881836;"Bus700";"OPC_N3:20";"2020-11-10T07:53:16.197Z";"2020-11-10T07:53:16.197Z";
-1.683473465;48.128103951;-1.68328549;48.127698836;1604994772100;1604994772100;4.440000057220459;"Bus700";"OPC_N3:20";"2020-11-10T07:52:52.100Z";"2020-11-10T07:52:52.100Z";
-1.683298918;48.127698836;-1.68328549;48.12769864;1604994748001;1604994748001;4.409999847412109;"Bus700";"OPC_N3:20";"2020-11-10T07:52:28.001Z";"2020-11-10T07:52:28.001Z";
-1.683298918;48.12769864;-1.683284306;48.127672752;1604994723954;1604994723954;4.309999942779541;"Bus700";"OPC_N3:20";"2020-11-10T07:52:03.954Z";"2020-11-10T07:52:03.954Z";
-1.683283517;48.127647359;-1.682928513;48.126688306;1604994699857;1604994699857;4.199999809265137;"Bus700";"OPC_N3:20";"2020-11-10T07:51:39.857Z";"2020-11-10T07:51:39.857Z";
-1.682511909;48.125889979;-1.682095713;48.125086339;1604994675780;1604994675780;4.199999809265137;"Bus700";"OPC_N3:20";"2020-11-10T07:51:15.780Z";"2020-11-10T07:51:15.780Z";
-1.682081498;48.125067146;-1.681893151;48.124661338;1604994651687;1604994651687;5.199999809265137;"Bus700";"OPC_N3:20";"2020-11-10T07:50:51.687Z";"2020-11-10T07:50:51.687Z";
-1.682521479;48.124338011;-1.68165822;48.123771499;1604994627639;1604994627639;5.329999923706055;"Bus700";"OPC_N3:20";"2020-11-10T07:50:27.639Z";"2020-11-10T07:50:27.639Z";
-1.683635478;48.123754089;-1.682910451;48.123724468;1604994603541;1604994603541;6.329999923706055;"Bus700";"OPC_N3:20";"2020-11-10T07:50:03.541Z";"2020-11-10T07:50:03.541Z";
-1.683635478;48.123724468;-1.683635478;48.123724468;1604994579454;1604994579454;7;"Bus700";"OPC_N3:20";"2020-11-10T07:49:39.454Z";"2020-11-10T07:49:39.454Z";
-1.685949522;48.123680678;-1.68385109;48.122115438;1604994555378;1604994555378;5.050000190734863;"Bus700";"OPC_N3:20";"2020-11-10T07:49:15.378Z";"2020-11-10T07:49:15.378Z";
-1.686558801;48.122102741;-1.685949127;48.121437879;1604994507237;1604994507237;5.210000038146973;"Bus700";"OPC_N3:20";"2020-11-10T07:48:27.237Z";"2020-11-10T07:48:27.237Z";
-1.687785989;48.121186107;-1.686765311;48.119984229;1604994483137;1604994483137;5.199999809265137;"Bus700";"OPC_N3:20";"2020-11-10T07:48:03.137Z";"2020-11-10T07:48:03.137Z";
-1.689013502;48.119596823;-1.688122389;48.118501237;1604994459073;1604994459073;4.909999847412109;"Bus700";"OPC_N3:20";"2020-11-10T07:47:39.073Z";"2020-11-10T07:47:39.073Z";
-1.689289092;48.118346706;-1.689156426;48.118281841;1604994434934;1604994434934;6.25;"Bus700";"OPC_N3:20";"2020-11-10T07:47:14.934Z";"2020-11-10T07:47:14.934Z";
-1.690028964;48.118281052;-1.689302121;48.117500126;1604994410846;1604994410846;5.25;"Bus700";"OPC_N3:20";"2020-11-10T07:46:50.846Z";"2020-11-10T07:46:50.846Z";
-1.690806709;48.117158975;-1.690313612;48.116611516;1604994386809;1604994386809;5.090000152587891;"Bus700";"OPC_N3:20";"2020-11-10T07:46:26.809Z";"2020-11-10T07:46:26.809Z";
-1.693368718;48.116598621;-1.690819738;48.113673894;1604994362722;1604994362722;6.880000114440918;"Bus700";"OPC_N3:20";"2020-11-10T07:46:02.722Z";"2020-11-10T07:46:02.722Z";
-1.69359685;48.113384906;-1.693514324;48.113164339;1604994290445;1604994290445;5.480000019073486;"Bus700";"OPC_N3:20";"2020-11-10T07:44:50.445Z";"2020-11-10T07:44:50.445Z";
-1.693383193;48.112836005;-1.693382003;48.112803919;1604994266385;1604994266385;6.199999809265137;"Bus700";"OPC_N3:20";"2020-11-10T07:44:26.385Z";"2020-11-10T07:44:26.385Z";
-1.693497258;48.112803919;-1.693308933;48.112620462;1604994242293;1604994242293;4.349999904632568;"Bus700";"OPC_N3:20";"2020-11-10T07:44:02.293Z";"2020-11-10T07:44:02.293Z";
-1.693214968;48.112615842;-1.689585796;48.111566812;1604994218221;1604994218221;5.539999961853027;"Bus700";"OPC_N3:20";"2020-11-10T07:43:38.221Z";"2020-11-10T07:43:38.221Z";
-1.689479598;48.112147213;-1.68789528;48.11171675;1604994145520;1604994145520;7.739999771118164;"Bus700";"OPC_N3:20";"2020-11-10T07:42:25.520Z";"2020-11-10T07:42:25.520Z";
-1.687082778;48.112378041;-1.686437647;48.111944589;1604994121430;1604994121430;5.659999847412109;"Bus700";"OPC_N3:20";"2020-11-10T07:42:01.430Z";"2020-11-10T07:42:01.430Z";
-1.686324727;48.111774415;-1.686224046;48.111583967;1604994087308;1604994087308;4.960000038146973;"Bus700";"OPC_N3:20";"2020-11-10T07:41:27.308Z";"2020-11-10T07:41:27.308Z";
-1.68607875;48.111254446;-1.685657481;48.110291764;1604994063216;1604994063216;5.130000114440918;"Bus700";"OPC_N3:20";"2020-11-10T07:41:03.216Z";"2020-11-10T07:41:03.216Z";
-1.685548122;48.110238027;-1.684591147;48.110146889;1604994039138;1604994039138;6.429999828338623;"Bus700";"OPC_N3:20";"2020-11-10T07:40:39.138Z";"2020-11-10T07:40:39.138Z";
-1.684298215;48.109946696;-1.683920008;48.109750535;1604994015031;1604994015031;5.889999866485596;"Bus700";"OPC_N3:20";"2020-11-10T07:40:15.031Z";"2020-11-10T07:40:15.031Z";
-1.683303743;48.109822277;-1.683196755;48.109814012;1604993990982;1604993990982;6.170000076293945;"Bus700";"OPC_N3:20";"2020-11-10T07:39:50.982Z";"2020-11-10T07:39:50.982Z";
-1.683196755;48.109822474;-1.683183332;48.109822277;1604993966893;1604993966893;6.28000020980835;"Bus700";"OPC_N3:20";"2020-11-10T07:39:26.893Z";"2020-11-10T07:39:26.893Z";
-1.683156486;48.109837826;-1.682807098;48.109828872;1604993942819;1604993942819;4.809999942779541;"Bus700";"OPC_N3:20";"2020-11-10T07:39:02.819Z";"2020-11-10T07:39:02.819Z";
-1.682484162;48.109824631;-1.681394943;48.109807088;1604993918721;1604993918721;3.990000009536743;"Bus700";"OPC_N3:20";"2020-11-10T07:38:38.721Z";"2020-11-10T07:38:38.721Z";
-1.679884106;48.109888473;-1.678238215;48.109659898;1604993870577;1604993870577;4.900000095367432;"Bus700";"OPC_N3:20";"2020-11-10T07:37:50.577Z";"2020-11-10T07:37:50.577Z";
-1.678157678;48.109856266;-1.678086238;48.109735596;1604993822411;1604993822411;5.949999809265137;"Bus700";"OPC_N3:20";"2020-11-10T07:37:02.411Z";"2020-11-10T07:37:02.411Z";
-1.678086238;48.109735596;-1.678085845;48.109728904;1604993774306;1604993774306;6.409999847412109;"Bus700";"OPC_N3:20";"2020-11-10T07:36:14.306Z";"2020-11-10T07:36:14.306Z";
-1.678112297;48.109722899;-1.678085845;48.109696426;1604993750293;1604993750293;6.409999847412109;"Bus700";"OPC_N3:20";"2020-11-10T07:35:50.293Z";"2020-11-10T07:35:50.293Z";
-1.678124934;48.10969623;-1.678124934;48.109690225;1604993726181;1604993726181;5.78000020980835;"Bus700";"OPC_N3:20";"2020-11-10T07:35:26.181Z";"2020-11-10T07:35:26.181Z";
-1.678152172;48.109720545;-1.678152172;48.109708535;1604993702140;1604993702140;5.960000038146973;"Bus700";"OPC_N3:20";"2020-11-10T07:35:02.140Z";"2020-11-10T07:35:02.140Z";
-1.678152172;48.109708535;-1.678151779;48.109695838;1604993678100;1604993678100;5.960000038146973;"Bus700";"OPC_N3:20";"2020-11-10T07:34:38.100Z";"2020-11-10T07:34:38.100Z";
-1.678151779;48.109689833;-1.678151386;48.109677137;1604993654052;1604993654052;5.960000038146973;"Bus700";"OPC_N3:20";"2020-11-10T07:34:14.052Z";"2020-11-10T07:34:14.052Z";
-1.678150993;48.10966444;-1.678148633;48.109600269;1604993630040;1604993630040;5.960000038146973;"Bus700";"OPC_N3:20";"2020-11-10T07:33:50.040Z";"2020-11-10T07:33:50.040Z";
-1.678219338;48.109561687;-1.677826989;48.108074879;1604993605997;1604993605997;5.340000152587891;"Bus700";"OPC_N3:20";"2020-11-10T07:33:25.997Z";"2020-11-10T07:33:25.997Z";
-1.677906507;48.108031371;-1.677784079;48.107545067;1604993557818;1604993557818;6.440000057220459;"Bus700";"OPC_N3:20";"2020-11-10T07:32:37.818Z";"2020-11-10T07:32:37.818Z";
-1.677781775;48.107461196;-1.675233908;48.107370715;1604993533728;1604993533728;6.360000133514404;"Bus700";"OPC_N3:20";"2020-11-10T07:32:13.728Z";"2020-11-10T07:32:13.728Z";
-1.675221271;48.107474971;-1.674668996;48.107443334;1604993485587;1604993485587;6.409999847412109;"Bus700";"OPC_N3:20";"2020-11-10T07:31:25.587Z";"2020-11-10T07:31:25.587Z";
-1.674096883;48.105966627;-1.674095314;48.10592785;1604993437431;1604993437431;5.840000152587891;"Bus700";"OPC_N3:20";"2020-11-10T07:30:37.431Z";"2020-11-10T07:30:37.431Z";
-1.674042889;48.10557687;-1.673752882;48.104918483;1604993413335;1604993413335;4.909999847412109;"Bus700";"OPC_N3:20";"2020-11-10T07:30:13.335Z";"2020-11-10T07:30:13.335Z";
-1.673636882;48.104646721;-1.673267534;48.104039608;1604993389216;1604993389216;5.190000057220459;"Bus700";"OPC_N3:20";"2020-11-10T07:29:49.216Z";"2020-11-10T07:29:49.216Z";
-1.672855783;48.10418422;-1.672709716;48.1041493;1604993365157;1604993365157;5.239999771118164;"Bus700";"OPC_N3:20";"2020-11-10T07:29:25.157Z";"2020-11-10T07:29:25.157Z";
-1.672616941;48.104282326;-1.672430217;48.104217674;1604993341051;1604993341051;6.710000038146973;"Bus700";"OPC_N3:20";"2020-11-10T07:29:01.051Z";"2020-11-10T07:29:01.051Z";
-1.672443638;48.104282326;-1.672443638;48.104282326;1604993316977;1604993316977;7.599999904632568;"Bus700";"OPC_N3:20";"2020-11-10T07:28:36.977Z";"2020-11-10T07:28:36.977Z";
-1.672443638;48.104295905;-1.672431001;48.104282326;1604993292877;1604993292877;7.610000133514404;"Bus700";"OPC_N3:20";"2020-11-10T07:28:12.877Z";"2020-11-10T07:28:12.877Z";
-1.672431393;48.104302596;-1.672431001;48.104295905;1604993268849;1604993268849;8.850000381469727;"Bus700";"OPC_N3:20";"2020-11-10T07:27:48.849Z";"2020-11-10T07:27:48.849Z";
-1.672431001;48.104295905;-1.672174426;48.104278856;1604993220639;1604993220639;7.329999923706055;"Bus700";"OPC_N3:20";"2020-11-10T07:27:00.639Z";"2020-11-10T07:27:00.639Z";
-1.672093505;48.104525403;-1.66827425;48.104120527;1604993196568;1604993196568;5.940000057220459;"Bus700";"OPC_N3:20";"2020-11-10T07:26:36.568Z";"2020-11-10T07:26:36.568Z";
-1.644036658;48.111161153;-1.644036658;48.111161153;1604996779527;1604996779527;3.509999990463257;"Bus743";"OPC_N3:09";"2020-11-10T08:26:19.527Z";"2020-11-10T08:26:19.527Z";
-1.644036658;48.111161153;-1.644036658;48.111161153;1604996823567;1604996823567;3.509999990463257;"Bus743";"OPC_N3:09";"2020-11-10T08:27:03.567Z";"2020-11-10T08:27:03.567Z";
-1.644036658;48.111161153;-1.644036658;48.111161153;1604996911643;1604996911643;3.509999990463257;"Bus743";"OPC_N3:09";"2020-11-10T08:28:31.643Z";"2020-11-10T08:28:31.643Z";
-1.644036658;48.111161153;-1.644036658;48.111161153;1604997023098;1604997023098;3.9100000858306885;"Bus743";"OPC_N3:09";"2020-11-10T08:30:23.098Z";"2020-11-10T08:30:23.098Z";
-1.644036658;48.111161153;-1.644036658;48.111161153;1604997161347;1604997161347;1.649999976158142;"Bus743";"OPC_N3:09";"2020-11-10T08:32:41.347Z";"2020-11-10T08:32:41.347Z";
-1.644036658;48.111161153;-1.644036658;48.111161153;1604997195493;1604997195493;4.650000095367432;"Bus743";"OPC_N3:09";"2020-11-10T08:33:15.493Z";"2020-11-10T08:33:15.493Z";
-1.644036658;48.111161153;-1.644036658;48.111161153;1604997229594;1604997229594;5.460000038146973;"Bus743";"OPC_N3:09";"2020-11-10T08:33:49.594Z";"2020-11-10T08:33:49.594Z";
-1.644036658;48.111161153;-1.644036658;48.111161153;1604997263668;1604997263668;7.179999828338623;"Bus743";"OPC_N3:09";"2020-11-10T08:34:23.668Z";"2020-11-10T08:34:23.668Z";
-1.644036658;48.111161153;-1.644036658;48.111161153;1604997297740;1604997297740;8.670000076293945;"Bus743";"OPC_N3:09";"2020-11-10T08:34:57.740Z";"2020-11-10T08:34:57.740Z";
-1.644036658;48.111161153;-1.644036658;48.111161153;1604997331829;1604997331829;3.5399999618530273;"Bus743";"OPC_N3:09";"2020-11-10T08:35:31.829Z";"2020-11-10T08:35:31.829Z";
-1.644036658;48.111161153;-1.644036658;48.111161153;1604997365920;1604997365920;2.4600000381469727;"Bus743";"OPC_N3:09";"2020-11-10T08:36:05.920Z";"2020-11-10T08:36:05.920Z";
-1.644036658;48.111161153;-1.644036658;48.111161153;1604997434074;1604997434074;2.3299999237060547;"Bus743";"OPC_N3:09";"2020-11-10T08:37:14.074Z";"2020-11-10T08:37:14.074Z";
-1.644036658;48.111161153;-1.644036658;48.111161153;1604997468204;1604997468204;4.159999847412109;"Bus743";"OPC_N3:09";"2020-11-10T08:37:48.204Z";"2020-11-10T08:37:48.204Z";
-1.644036658;48.111161153;-1.644036658;48.111161153;1604997502226;1604997502226;6.300000190734863;"Bus743";"OPC_N3:09";"2020-11-10T08:38:22.226Z";"2020-11-10T08:38:22.226Z";
-1.644036658;48.111161153;-1.644036658;48.111161153;1604997570387;1604997570387;2.359999895095825;"Bus743";"OPC_N3:09";"2020-11-10T08:39:30.387Z";"2020-11-10T08:39:30.387Z";
-1.644036658;48.111161153;-1.644036658;48.111161153;1604997604478;1604997604478;5.380000114440918;"Bus743";"OPC_N3:09";"2020-11-10T08:40:04.478Z";"2020-11-10T08:40:04.478Z";
-1.644036658;48.111161153;-1.644036658;48.111161153;1604997638547;1604997638547;5.239999771118164;"Bus743";"OPC_N3:09";"2020-11-10T08:40:38.547Z";"2020-11-10T08:40:38.547Z";
-1.644036658;48.111161153;-1.644036658;48.111161153;1604997672636;1604997672636;1.350000023841858;"Bus743";"OPC_N3:09";"2020-11-10T08:41:12.636Z";"2020-11-10T08:41:12.636Z";
-1.644036658;48.111161153;-1.644036658;48.111161153;1604997706706;1604997706706;5.559999942779541;"Bus743";"OPC_N3:09";"2020-11-10T08:41:46.706Z";"2020-11-10T08:41:46.706Z";
-1.644036658;48.111161153;-1.644036658;48.111161153;1604997774858;1604997774858;1.590000033378601;"Bus743";"OPC_N3:09";"2020-11-10T08:42:54.858Z";"2020-11-10T08:42:54.858Z";
-1.644036658;48.111161153;-1.644036658;48.111161153;1604997808933;1604997808933;1.2799999713897705;"Bus743";"OPC_N3:09";"2020-11-10T08:43:28.933Z";"2020-11-10T08:43:28.933Z";
-1.644036658;48.111161153;-1.644036658;48.111161153;1604997877117;1604997877117;4.880000114440918;"Bus743";"OPC_N3:09";"2020-11-10T08:44:37.117Z";"2020-11-10T08:44:37.117Z";
-1.644036658;48.111161153;-1.644036658;48.111161153;1604997911185;1604997911185;4.940000057220459;"Bus743";"OPC_N3:09";"2020-11-10T08:45:11.185Z";"2020-11-10T08:45:11.185Z";
-1.644036658;48.111161153;-1.644036658;48.111161153;1604997945251;1604997945251;2.490000009536743;"Bus743";"OPC_N3:09";"2020-11-10T08:45:45.251Z";"2020-11-10T08:45:45.251Z";
-1.644036658;48.111161153;-1.644036658;48.111161153;1604997979327;1604997979327;1.350000023841858;"Bus743";"OPC_N3:09";"2020-11-10T08:46:19.327Z";"2020-11-10T08:46:19.327Z";
-1.644036658;48.111161153;-1.644036658;48.111161153;1604998013433;1604998013433;1.350000023841858;"Bus743";"OPC_N3:09";"2020-11-10T08:46:53.433Z";"2020-11-10T08:46:53.433Z";
-1.644036658;48.111161153;-1.644036658;48.111161153;1604998047519;1604998047519;1.2799999713897705;"Bus743";"OPC_N3:09";"2020-11-10T08:47:27.519Z";"2020-11-10T08:47:27.519Z";
-1.644036658;48.111161153;-1.644036658;48.111161153;1604998125675;1604998125675;1.8799999952316284;"Bus743";"OPC_N3:09";"2020-11-10T08:48:45.675Z";"2020-11-10T08:48:45.675Z";
-1.644036658;48.111161153;-1.644036658;48.111161153;1604998159757;1604998159757;1.059999942779541;"Bus743";"OPC_N3:09";"2020-11-10T08:49:19.757Z";"2020-11-10T08:49:19.757Z";
-1.644036658;48.111161153;-1.644036658;48.111161153;1604998282025;1604998282025;0.6100000143051147;"Bus743";"OPC_N3:09";"2020-11-10T08:51:22.025Z";"2020-11-10T08:51:22.025Z";
-1.644036658;48.111161153;-1.644036658;48.111161153;1604998350205;1604998350205;1.190000057220459;"Bus743";"OPC_N3:09";"2020-11-10T08:52:30.205Z";"2020-11-10T08:52:30.205Z";
-1.644036658;48.111161153;-1.644036658;48.111161153;1604998384281;1604998384281;0.6800000071525574;"Bus743";"OPC_N3:09";"2020-11-10T08:53:04.281Z";"2020-11-10T08:53:04.281Z";
-1.644036658;48.111161153;-1.644036658;48.111161153;1604998452408;1604998452408;3.240000009536743;"Bus743";"OPC_N3:09";"2020-11-10T08:54:12.408Z";"2020-11-10T08:54:12.408Z";
-1.644036658;48.111161153;-1.644036658;48.111161153;1604998486521;1604998486521;2.299999952316284;"Bus743";"OPC_N3:09";"2020-11-10T08:54:46.521Z";"2020-11-10T08:54:46.521Z";
-1.644036658;48.111161153;-1.644036658;48.111161153;1604998520561;1604998520561;0.8199999928474426;"Bus743";"OPC_N3:09";"2020-11-10T08:55:20.561Z";"2020-11-10T08:55:20.561Z";
-1.644036658;48.111161153;-1.644036658;48.111161153;1604998588709;1604998588709;1.0399999618530273;"Bus743";"OPC_N3:09";"2020-11-10T08:56:28.709Z";"2020-11-10T08:56:28.709Z";
-1.644036658;48.111161153;-1.644036658;48.111161153;1604998622781;1604998622781;1.0800000429153442;"Bus743";"OPC_N3:09";"2020-11-10T08:57:02.781Z";"2020-11-10T08:57:02.781Z";
-1.644036658;48.111161153;-1.644036658;48.111161153;1604998690968;1604998690968;3.049999952316284;"Bus743";"OPC_N3:09";"2020-11-10T08:58:10.968Z";"2020-11-10T08:58:10.968Z";
-1.644036658;48.111161153;-1.644036658;48.111161153;1604998725031;1604998725031;0.8100000023841858;"Bus743";"OPC_N3:09";"2020-11-10T08:58:45.031Z";"2020-11-10T08:58:45.031Z";
-1.644036658;48.111161153;-1.644036658;48.111161153;1604998759104;1604998759104;1.3600000143051147;"Bus743";"OPC_N3:09";"2020-11-10T08:59:19.104Z";"2020-11-10T08:59:19.104Z";
-1.644036658;48.111161153;-1.644036658;48.111161153;1604998793192;1604998793192;1.1299999952316284;"Bus743";"OPC_N3:09";"2020-11-10T08:59:53.192Z";"2020-11-10T08:59:53.192Z";
-1.644036658;48.111161153;-1.644036658;48.111161153;1604998895421;1604998895421;0.7799999713897705;"Bus743";"OPC_N3:09";"2020-11-10T09:01:35.421Z";"2020-11-10T09:01:35.421Z";
-1.644036658;48.111161153;-1.644036658;48.111161153;1604998929515;1604998929515;1.1299999952316284;"Bus743";"OPC_N3:09";"2020-11-10T09:02:09.515Z";"2020-11-10T09:02:09.515Z";
-1.644036658;48.111161153;-1.644036658;48.111161153;1604998997643;1604998997643;2;"Bus743";"OPC_N3:09";"2020-11-10T09:03:17.643Z";"2020-11-10T09:03:17.643Z";
-1.644036658;48.111161153;-1.644036658;48.111161153;1604999031766;1604999031766;1.2300000190734863;"Bus743";"OPC_N3:09";"2020-11-10T09:03:51.766Z";"2020-11-10T09:03:51.766Z";
-1.644036658;48.111161153;-1.644036658;48.111161153;1604999236220;1604999236220;3.069999933242798;"Bus743";"OPC_N3:09";"2020-11-10T09:07:16.220Z";"2020-11-10T09:07:16.220Z";
-1.644036658;48.111161153;-1.644036658;48.111161153;1604999338458;1604999338458;2.8499999046325684;"Bus743";"OPC_N3:09";"2020-11-10T09:08:58.458Z";"2020-11-10T09:08:58.458Z";
-1.644036658;48.111161153;-1.644036658;48.111161153;1604999372546;1604999372546;2.25;"Bus743";"OPC_N3:09";"2020-11-10T09:09:32.546Z";"2020-11-10T09:09:32.546Z";
-1.644036658;48.111161153;-1.644036658;48.111161153;1604999406621;1604999406621;1.6699999570846558;"Bus743";"OPC_N3:09";"2020-11-10T09:10:06.621Z";"2020-11-10T09:10:06.621Z";
-1.644036658;48.111161153;-1.644036658;48.111161153;1604999542927;1604999542927;0.5799999833106995;"Bus743";"OPC_N3:09";"2020-11-10T09:12:22.927Z";"2020-11-10T09:12:22.927Z";
-1.644036658;48.111161153;-1.644036658;48.111161153;1604999611092;1604999611092;0.6700000166893005;"Bus743";"OPC_N3:09";"2020-11-10T09:13:31.092Z";"2020-11-10T09:13:31.092Z";
-1.644036658;48.111161153;-1.644036658;48.111161153;1604999679217;1604999679217;0.800000011920929;"Bus743";"OPC_N3:09";"2020-11-10T09:14:39.217Z";"2020-11-10T09:14:39.217Z";
-1.644036658;48.111161153;-1.644036658;48.111161153;1604999713335;1604999713335;0;"Bus743";"OPC_N3:09";"2020-11-10T09:15:13.335Z";"2020-11-10T09:15:13.335Z";
-1.644036658;48.111161153;-1.644036658;48.111161153;1604999747403;1604999747403;1.309999942779541;"Bus743";"OPC_N3:09";"2020-11-10T09:15:47.403Z";"2020-11-10T09:15:47.403Z";
-1.644036658;48.111161153;-1.644036658;48.111161153;1604999825571;1604999825571;1.1200000047683716;"Bus743";"OPC_N3:09";"2020-11-10T09:17:05.571Z";"2020-11-10T09:17:05.571Z";
-1.644036658;48.111161153;-1.644036658;48.111161153;1604999859651;1604999859651;1.0800000429153442;"Bus743";"OPC_N3:09";"2020-11-10T09:17:39.651Z";"2020-11-10T09:17:39.651Z";
-1.644036658;48.111161153;-1.644036658;48.111161153;1604999893735;1604999893735;0.5699999928474426;"Bus743";"OPC_N3:09";"2020-11-10T09:18:13.735Z";"2020-11-10T09:18:13.735Z";
-1.644036658;48.111161153;-1.644036658;48.111161153;1604999927820;1604999927820;2.4100000858306885;"Bus743";"OPC_N3:09";"2020-11-10T09:18:47.820Z";"2020-11-10T09:18:47.820Z";
-1.644036658;48.111161153;-1.644036658;48.111161153;1604999961898;1604999961898;1.9500000476837158;"Bus743";"OPC_N3:09";"2020-11-10T09:19:21.898Z";"2020-11-10T09:19:21.898Z";
-1.644036658;48.111161153;-1.644036658;48.111161153;1605000098211;1605000098211;1.75;"Bus743";"OPC_N3:09";"2020-11-10T09:21:38.211Z";"2020-11-10T09:21:38.211Z";
-1.644036658;48.111161153;-1.644036658;48.111161153;1605000166371;1605000166371;0.7099999785423279;"Bus743";"OPC_N3:09";"2020-11-10T09:22:46.371Z";"2020-11-10T09:22:46.371Z";
-1.644036658;48.111161153;-1.644036658;48.111161153;1605000200439;1605000200439;0.9700000286102295;"Bus743";"OPC_N3:09";"2020-11-10T09:23:20.439Z";"2020-11-10T09:23:20.439Z";
-1.644036658;48.111161153;-1.644036658;48.111161153;1605000268617;1605000268617;0.6200000047683716;"Bus743";"OPC_N3:09";"2020-11-10T09:24:28.617Z";"2020-11-10T09:24:28.617Z";
-1.644036658;48.111161153;-1.644036658;48.111161153;1605000302681;1605000302681;0.7699999809265137;"Bus743";"OPC_N3:09";"2020-11-10T09:25:02.681Z";"2020-11-10T09:25:02.681Z";
-1.644036658;48.111161153;-1.644036658;48.111161153;1605000439019;1605000439019;0.9300000071525574;"Bus743";"OPC_N3:09";"2020-11-10T09:27:19.019Z";"2020-11-10T09:27:19.019Z";
-1.644036658;48.111161153;-1.644036658;48.111161153;1605000575324;1605000575324;0.8999999761581421;"Bus743";"OPC_N3:09";"2020-11-10T09:29:35.324Z";"2020-11-10T09:29:35.324Z";
-1.644036658;48.111161153;-1.644036658;48.111161153;1605000677563;1605000677563;1.2400000095367432;"Bus743";"OPC_N3:09";"2020-11-10T09:31:17.563Z";"2020-11-10T09:31:17.563Z";
-1.644036658;48.111161153;-1.644036658;48.111161153;1605000779797;1605000779797;1.8300000429153442;"Bus743";"OPC_N3:09";"2020-11-10T09:32:59.797Z";"2020-11-10T09:32:59.797Z";
-1.644036658;48.111161153;-1.644036658;48.111161153;1605000847966;1605000847966;1.9299999475479126;"Bus743";"OPC_N3:09";"2020-11-10T09:34:07.966Z";"2020-11-10T09:34:07.966Z";
-1.644036658;48.111161153;-1.644036658;48.111161153;1605000882044;1605000882044;1.1699999570846558;"Bus743";"OPC_N3:09";"2020-11-10T09:34:42.044Z";"2020-11-10T09:34:42.044Z";
-1.644036658;48.111161153;-1.644036658;48.111161153;1605001052443;1605001052443;1.0199999809265137;"Bus743";"OPC_N3:09";"2020-11-10T09:37:32.443Z";"2020-11-10T09:37:32.443Z";
-1.644036658;48.111161153;-1.644036658;48.111161153;1605001291003;1605001291003;1;"Bus743";"OPC_N3:09";"2020-11-10T09:41:31.003Z";"2020-11-10T09:41:31.003Z";
-1.644036658;48.111161153;-1.644036658;48.111161153;1605001359143;1605001359143;0.8299999833106995;"Bus743";"OPC_N3:09";"2020-11-10T09:42:39.143Z";"2020-11-10T09:42:39.143Z";
-1.644036658;48.111161153;-1.644036658;48.111161153;1605001427333;1605001427333;1.159999966621399;"Bus743";"OPC_N3:09";"2020-11-10T09:43:47.333Z";"2020-11-10T09:43:47.333Z";
-1.644036658;48.111161153;-1.644036658;48.111161153;1605001563647;1605001563647;2.299999952316284;"Bus743";"OPC_N3:09";"2020-11-10T09:46:03.647Z";"2020-11-10T09:46:03.647Z";
-1.644036658;48.111161153;-1.644036658;48.111161153;1605001597715;1605001597715;0.9399999976158142;"Bus743";"OPC_N3:09";"2020-11-10T09:46:37.715Z";"2020-11-10T09:46:37.715Z";
-1.644036658;48.111161153;-1.644036658;48.111161153;1605001631786;1605001631786;1.0700000524520874;"Bus743";"OPC_N3:09";"2020-11-10T09:47:11.786Z";"2020-11-10T09:47:11.786Z";
-1.644036658;48.111161153;-1.644036658;48.111161153;1605001665857;1605001665857;1.1799999475479126;"Bus743";"OPC_N3:09";"2020-11-10T09:47:45.857Z";"2020-11-10T09:47:45.857Z";
-1.644036658;48.111161153;-1.644036658;48.111161153;1605001768113;1605001768113;0.9599999785423279;"Bus743";"OPC_N3:09";"2020-11-10T09:49:28.113Z";"2020-11-10T09:49:28.113Z";
-1.644036658;48.111161153;-1.644036658;48.111161153;1605001846286;1605001846286;1.9199999570846558;"Bus743";"OPC_N3:09";"2020-11-10T09:50:46.286Z";"2020-11-10T09:50:46.286Z";
-1.644036658;48.111161153;-1.644036658;48.111161153;1605001880366;1605001880366;2.0299999713897705;"Bus743";"OPC_N3:09";"2020-11-10T09:51:20.366Z";"2020-11-10T09:51:20.366Z";
-1.644036658;48.111161153;-1.644036658;48.111161153;1605001914493;1605001914493;3.430000066757202;"Bus743";"OPC_N3:09";"2020-11-10T09:51:54.493Z";"2020-11-10T09:51:54.493Z";
-1.644036658;48.111161153;-1.644036658;48.111161153;1605001948537;1605001948537;3.700000047683716;"Bus743";"OPC_N3:09";"2020-11-10T09:52:28.537Z";"2020-11-10T09:52:28.537Z";
-1.644036658;48.111161153;-1.644036658;48.111161153;1605002026700;1605002026700;2.0899999141693115;"Bus743";"OPC_N3:09";"2020-11-10T09:53:46.700Z";"2020-11-10T09:53:46.700Z";
-1.644036658;48.111161153;-1.644036658;48.111161153;1605002094879;1605002094879;2.569999933242798;"Bus743";"OPC_N3:09";"2020-11-10T09:54:54.879Z";"2020-11-10T09:54:54.879Z";
-1.644036658;48.111161153;-1.644036658;48.111161153;1605002128960;1605002128960;1.2100000381469727;"Bus743";"OPC_N3:09";"2020-11-10T09:55:28.960Z";"2020-11-10T09:55:28.960Z";
-1.644036658;48.111161153;-1.644036658;48.111161153;1605002197117;1605002197117;1.2799999713897705;"Bus743";"OPC_N3:09";"2020-11-10T09:56:37.117Z";"2020-11-10T09:56:37.117Z";
-1.644036658;48.111161153;-1.644036658;48.111161153;1605002231180;1605002231180;1.2100000381469727;"Bus743";"OPC_N3:09";"2020-11-10T09:57:11.180Z";"2020-11-10T09:57:11.180Z";
-1.644036658;48.111161153;-1.644036658;48.111161153;1605012192503;1605012192503;1.75;"Bus743";"OPC_N3:09";"2020-11-10T12:43:12.503Z";"2020-11-10T12:43:12.503Z";
-1.667379304;48.104686374;-1.667272322;48.104672118;1604993148424;1604993148424;5.75;"Bus700";"OPC_N3:20";"2020-11-10T07:25:48.424Z";"2020-11-10T07:25:48.424Z";
-1.644036658;48.111161153;-1.644036658;48.111161153;1604996735495;1604996735495;3.509999990463257;"Bus743";"OPC_N3:09";"2020-11-10T08:25:35.495Z";"2020-11-10T08:25:35.495Z";
-1.667138106;48.104747307;-1.665378314;48.104688321;1604993124331;1604993124331;5.880000114440918;"Bus700";"OPC_N3:20";"2020-11-10T07:25:24.331Z";"2020-11-10T07:25:24.331Z";
-1.662267937;48.103315669;-1.661474711;48.102892489;1604993076168;1604993076168;4.900000095367432;"Bus700";"OPC_N3:20";"2020-11-10T07:24:36.168Z";"2020-11-10T07:24:36.168Z";
-1.661474711;48.102892489;-1.661351975;48.102824745;1604993052071;1604993052071;6.769999980926514;"Bus700";"OPC_N3:20";"2020-11-10T07:24:12.071Z";"2020-11-10T07:24:12.071Z";
-1.644037043;48.11116184;-1.644037043;48.11116184;1604996647451;1604996647451;3.509999990463257;"Bus743";"OPC_N3:09";"2020-11-10T08:24:07.451Z";"2020-11-10T08:24:07.451Z";
-1.661050483;48.102631869;-1.660748604;48.102420289;1604993028012;1604993028012;6.570000171661377;"Bus700";"OPC_N3:20";"2020-11-10T07:23:48.012Z";"2020-11-10T07:23:48.012Z";
-1.644050466;48.111161648;-1.644050466;48.111161648;1604996603428;1604996603428;3.509999990463257;"Bus743";"OPC_N3:09";"2020-11-10T08:23:23.428Z";"2020-11-10T08:23:23.428Z";
-1.660516167;48.102271908;-1.660174029;48.102042891;1604993003913;1604993003913;5.449999809265137;"Bus700";"OPC_N3:20";"2020-11-10T07:23:23.913Z";"2020-11-10T07:23:23.913Z";
-1.659922729;48.101746974;-1.659702162;48.101559621;1604992979826;1604992979826;5.059999942779541;"Bus700";"OPC_N3:20";"2020-11-10T07:22:59.826Z";"2020-11-10T07:22:59.826Z";
-1.659661121;48.101528803;-1.658757675;48.100621734;1604992955729;1604992955729;6.139999866485596;"Bus700";"OPC_N3:20";"2020-11-10T07:22:35.729Z";"2020-11-10T07:22:35.729Z";
-1.658466517;48.100339092;-1.657278571;48.099353207;1604992931679;1604992931679;6.019999980926514;"Bus700";"OPC_N3:20";"2020-11-10T07:22:11.679Z";"2020-11-10T07:22:11.679Z";
-1.644050081;48.111154956;-1.644050081;48.111154956;1604996515358;1604996515358;4.039999961853027;"Bus743";"OPC_N3:09";"2020-11-10T08:21:55.358Z";"2020-11-10T08:21:55.358Z";
-1.656919551;48.099052141;-1.655776581;48.098181989;1604992907596;1604992907596;6.559999942779541;"Bus700";"OPC_N3:20";"2020-11-10T07:21:47.596Z";"2020-11-10T07:21:47.596Z";
-1.655368552;48.098004219;-1.655355133;48.097998213;1604992883477;1604992883477;5.039999961853027;"Bus700";"OPC_N3:20";"2020-11-10T07:21:23.477Z";"2020-11-10T07:21:23.477Z";
-1.644050081;48.111148951;-1.644050081;48.111148951;1604996471335;1604996471335;4.039999961853027;"Bus743";"OPC_N3:09";"2020-11-10T08:21:11.335Z";"2020-11-10T08:21:11.335Z";
-1.655355133;48.097998406;-1.655341713;48.097998213;1604992859415;1604992859415;5.489999771118164;"Bus700";"OPC_N3:20";"2020-11-10T07:20:59.415Z";"2020-11-10T07:20:59.415Z";
-1.655341713;48.0979986;-1.655135761;48.09786696;1604992835312;1604992835312;5.28000020980835;"Bus700";"OPC_N3:20";"2020-11-10T07:20:35.312Z";"2020-11-10T07:20:35.312Z";
-1.654711215;48.097629655;-1.653042239;48.096708165;1604992811266;1604992811266;5.070000171661377;"Bus700";"OPC_N3:20";"2020-11-10T07:20:11.266Z";"2020-11-10T07:20:11.266Z";
-1.652645714;48.096496545;-1.651770998;48.096018348;1604992787173;1604992787173;5.610000133514404;"Bus700";"OPC_N3:20";"2020-11-10T07:19:47.173Z";"2020-11-10T07:19:47.173Z";
-1.644050466;48.111155643;-1.644050466;48.111155643;1604996383273;1604996383273;4.039999961853027;"Bus743";"OPC_N3:09";"2020-11-10T08:19:43.273Z";"2020-11-10T08:19:43.273Z";
-1.644050466;48.111155643;-1.644050466;48.111155643;1604996339257;1604996339257;4.039999961853027;"Bus743";"OPC_N3:09";"2020-11-10T08:18:59.257Z";"2020-11-10T08:18:59.257Z";
-1.647300848;48.092782692;-1.643223961;48.087433288;1604992664826;1604992664826;5;"Bus700";"OPC_N3:20";"2020-11-10T07:17:44.826Z";"2020-11-10T07:17:44.826Z";
-1.644064275;48.111162144;-1.644064275;48.111162144;1604996207164;1604996207164;4.329999923706055;"Bus743";"OPC_N3:09";"2020-11-10T08:16:47.164Z";"2020-11-10T08:16:47.164Z";
-1.644051237;48.111151014;-1.644051237;48.111151014;1604996163147;1604996163147;4.329999923706055;"Bus743";"OPC_N3:09";"2020-11-10T08:16:03.147Z";"2020-11-10T08:16:03.147Z";
-1.644051237;48.111151014;-1.644051237;48.111151014;1604996119117;1604996119117;4.329999923706055;"Bus743";"OPC_N3:09";"2020-11-10T08:15:19.117Z";"2020-11-10T08:15:19.117Z";
-1.643223961;48.087433288;-1.643223576;48.087426598;1604992505437;1604992505437;4.550000190734863;"Bus700";"OPC_N3:20";"2020-11-10T07:15:05.437Z";"2020-11-10T07:15:05.437Z";
-1.643223961;48.087433288;-1.643223576;48.087426598;1604992481419;1604992481419;4.550000190734863;"Bus700";"OPC_N3:20";"2020-11-10T07:14:41.419Z";"2020-11-10T07:14:41.419Z";
-1.644051622;48.111157706;-1.644051622;48.111157706;1604996075093;1604996075093;4.329999923706055;"Bus743";"OPC_N3:09";"2020-11-10T08:14:35.093Z";"2020-11-10T08:14:35.093Z";
-1.643223961;48.087427281;-1.643223961;48.087427281;1604992457398;1604992457398;4.550000190734863;"Bus700";"OPC_N3:20";"2020-11-10T07:14:17.398Z";"2020-11-10T07:14:17.398Z";
-1.643223961;48.087427281;-1.643223961;48.087427281;1604992433378;1604992433378;4.550000190734863;"Bus700";"OPC_N3:20";"2020-11-10T07:13:53.378Z";"2020-11-10T07:13:53.378Z";
-1.643223961;48.087427281;-1.643223961;48.087427281;1604992409360;1604992409360;4.550000190734863;"Bus700";"OPC_N3:20";"2020-11-10T07:13:29.360Z";"2020-11-10T07:13:29.360Z";
-1.643223961;48.087427281;-1.643223961;48.087421273;1604992385340;1604992385340;4.550000190734863;"Bus700";"OPC_N3:20";"2020-11-10T07:13:05.340Z";"2020-11-10T07:13:05.340Z";
-1.643223961;48.087428155;-1.643210929;48.087414583;1604992361328;1604992361328;4.550000190734863;"Bus700";"OPC_N3:20";"2020-11-10T07:12:41.328Z";"2020-11-10T07:12:41.328Z";
-1.643115469;48.087615448;-1.642129517;48.087331267;1604992337309;1604992337309;4.550000190734863;"Bus700";"OPC_N3:20";"2020-11-10T07:12:17.309Z";"2020-11-10T07:12:17.309Z";
-1.641362463;48.08820578;-1.640066325;48.087794603;1604992313293;1604992313293;4.550000190734863;"Bus700";"OPC_N3:20";"2020-11-10T07:11:53.293Z";"2020-11-10T07:11:53.293Z";
-1.639497804;48.088233511;-1.637648907;48.087673627;1604992285224;1604992285224;5.78000020980835;"Bus700";"OPC_N3:20";"2020-11-10T07:11:25.224Z";"2020-11-10T07:11:25.224Z";
-1.636949284;48.08946375;-1.635446495;48.088612549;1604992257181;1604992257181;5.78000020980835;"Bus700";"OPC_N3:20";"2020-11-10T07:10:57.181Z";"2020-11-10T07:10:57.181Z";
-1.64406466;48.111150822;-1.64406466;48.111150822;1604995854947;1604995854947;6.360000133514404;"Bus743";"OPC_N3:09";"2020-11-10T08:10:54.947Z";"2020-11-10T08:10:54.947Z";
-1.635447262;48.091743649;-1.63440523;48.08947044;1604992219138;1604992219138;5.78000020980835;"Bus700";"OPC_N3:20";"2020-11-10T07:10:19.138Z";"2020-11-10T07:10:19.138Z";
-1.64406466;48.111150822;-1.64406466;48.111150822;1604995810921;1604995810921;6.360000133514404;"Bus743";"OPC_N3:09";"2020-11-10T08:10:10.921Z";"2020-11-10T08:10:10.921Z";
-1.636451675;48.092006122;-1.63603532;48.092005356;1604992167003;1604992167003;5.300000190734863;"Bus700";"OPC_N3:20";"2020-11-10T07:09:27.003Z";"2020-11-10T07:09:27.003Z";
-1.637877867;48.092088797;-1.637460744;48.092068649;1604992152954;1604992152954;4.559999942779541;"Bus700";"OPC_N3:20";"2020-11-10T07:09:12.954Z";"2020-11-10T07:09:12.954Z";
-1.639572073;48.092587506;-1.638767708;48.092215836;1604992138921;1604992138921;4.599999904632568;"Bus700";"OPC_N3:20";"2020-11-10T07:08:58.921Z";"2020-11-10T07:08:58.921Z";
-1.644051237;48.111157019;-1.644051237;48.111157019;1604995722874;1604995722874;6.360000133514404;"Bus743";"OPC_N3:09";"2020-11-10T08:08:42.874Z";"2020-11-10T08:08:42.874Z";
-1.639627284;48.092631522;-1.639572073;48.092587506;1604992110822;1604992110822;4.550000190734863;"Bus700";"OPC_N3:20";"2020-11-10T07:08:30.822Z";"2020-11-10T07:08:30.822Z";
-1.639954709;48.092810692;-1.639792149;48.092756195;1604992086720;1604992086720;3.930000066757202;"Bus700";"OPC_N3:20";"2020-11-10T07:08:06.720Z";"2020-11-10T07:08:06.720Z";
-1.63986923;48.093223239;-1.639578244;48.093085363;1604992072654;1604992072654;2.2899999618530273;"Bus700";"OPC_N3:20";"2020-11-10T07:07:52.654Z";"2020-11-10T07:07:52.654Z";
-1.638697614;48.094031492;-1.638369434;48.093809489;1604992058604;1604992058604;2.359999895095825;"Bus700";"OPC_N3:20";"2020-11-10T07:07:38.604Z";"2020-11-10T07:07:38.604Z";
-1.638071159;48.095038347;-1.637810078;48.094360696;1604992044544;1604992044544;2.369999885559082;"Bus700";"OPC_N3:20";"2020-11-10T07:07:24.544Z";"2020-11-10T07:07:24.544Z";
-1.64406466;48.111156826;-1.64406466;48.111156826;1604995634833;1604995634833;6.360000133514404;"Bus743";"OPC_N3:09";"2020-11-10T08:07:14.833Z";"2020-11-10T08:07:14.833Z";
-1.637671674;48.095551617;-1.637544003;48.095333169;1604992030506;1604992030506;2.7899999618530273;"Bus700";"OPC_N3:20";"2020-11-10T07:07:10.506Z";"2020-11-10T07:07:10.506Z";
-1.63754477;48.095616662;-1.637533653;48.095558308;1604992016458;1604992016458;2.7100000381469727;"Bus700";"OPC_N3:20";"2020-11-10T07:06:56.458Z";"2020-11-10T07:06:56.458Z";
-1.637396397;48.096283063;-1.63721888;48.095955582;1604992002409;1604992002409;2.7100000381469727;"Bus700";"OPC_N3:20";"2020-11-10T07:06:42.409Z";"2020-11-10T07:06:42.409Z";
-1.64406466;48.111162831;-1.64406466;48.111162831;1604995590781;1604995590781;6.78000020980835;"Bus743";"OPC_N3:09";"2020-11-10T08:06:30.781Z";"2020-11-10T08:06:30.781Z";
-1.637041362;48.096616549;-1.636836616;48.096523162;1604991988373;1604991988373;2.7200000286102295;"Bus700";"OPC_N3:20";"2020-11-10T07:06:28.373Z";"2020-11-10T07:06:28.373Z";
-1.637058229;48.096420247;-1.636927485;48.096316074;1604991974314;1604991974314;3;"Bus700";"OPC_N3:20";"2020-11-10T07:06:14.314Z";"2020-11-10T07:06:14.314Z";
-1.637058229;48.096316074;-1.637058229;48.096316074;1604991960257;1604991960257;3.0199999809265137;"Bus700";"OPC_N3:20";"2020-11-10T07:06:00.257Z";"2020-11-10T07:06:00.257Z";
-1.637058229;48.096310067;-1.637058229;48.096310067;1604991946192;1604991946192;3.0799999237060547;"Bus700";"OPC_N3:20";"2020-11-10T07:05:46.192Z";"2020-11-10T07:05:46.192Z";
-1.64406466;48.111156826;-1.64406466;48.111156826;1604995546758;1604995546758;6.78000020980835;"Bus743";"OPC_N3:09";"2020-11-10T08:05:46.758Z";"2020-11-10T08:05:46.758Z";
-1.637058229;48.096310067;-1.637058229;48.096310067;1604991932154;1604991932154;3.430000066757202;"Bus700";"OPC_N3:20";"2020-11-10T07:05:32.154Z";"2020-11-10T07:05:32.154Z";
-1.637058229;48.096310067;-1.637058229;48.096310067;1604991918081;1604991918081;3.5199999809265137;"Bus700";"OPC_N3:20";"2020-11-10T07:05:18.081Z";"2020-11-10T07:05:18.081Z";
-1.637058229;48.096310067;-1.637058229;48.096310067;1604991904050;1604991904050;3.3299999237060547;"Bus700";"OPC_N3:20";"2020-11-10T07:05:04.050Z";"2020-11-10T07:05:04.050Z";
-1.637058229;48.096310067;-1.637058229;48.096304061;1604991879971;1604991879971;2.509999990463257;"Bus700";"OPC_N3:20";"2020-11-10T07:04:39.971Z";"2020-11-10T07:04:39.971Z";
-1.637058613;48.096310752;-1.637058229;48.096304061;1604991865943;1604991865943;2.490000009536743;"Bus700";"OPC_N3:20";"2020-11-10T07:04:25.943Z";"2020-11-10T07:04:25.943Z";
-1.64406466;48.111162831;-1.64406466;48.111162831;1604995458713;1604995458713;6.78000020980835;"Bus743";"OPC_N3:09";"2020-11-10T08:04:18.713Z";"2020-11-10T08:04:18.713Z";
-1.637058229;48.096304061;-1.637058229;48.096304061;1604991851866;1604991851866;2.2100000381469727;"Bus700";"OPC_N3:20";"2020-11-10T07:04:11.866Z";"2020-11-10T07:04:11.866Z";
-1.637058229;48.096304061;-1.637058229;48.096304061;1604991823763;1604991823763;2.5799999237060547;"Bus700";"OPC_N3:20";"2020-11-10T07:03:43.763Z";"2020-11-10T07:03:43.763Z";
-1.637058229;48.096304061;-1.637058229;48.096304061;1604991809713;1604991809713;2.7300000190734863;"Bus700";"OPC_N3:20";"2020-11-10T07:03:29.713Z";"2020-11-10T07:03:29.713Z";
-1.637058229;48.096304061;-1.637058229;48.096304061;1604991795649;1604991795649;2.4000000953674316;"Bus700";"OPC_N3:20";"2020-11-10T07:03:15.649Z";"2020-11-10T07:03:15.649Z";
-1.637058229;48.096304061;-1.637058229;48.096304061;1604991781613;1604991781613;2.690000057220459;"Bus700";"OPC_N3:20";"2020-11-10T07:03:01.613Z";"2020-11-10T07:03:01.613Z";
-1.637058229;48.096304061;-1.637058229;48.096304061;1604991757541;1604991757541;2.5299999713897705;"Bus700";"OPC_N3:20";"2020-11-10T07:02:37.541Z";"2020-11-10T07:02:37.541Z";
-1.637058229;48.096304061;-1.637058229;48.096304061;1604991743488;1604991743488;2.7699999809265137;"Bus700";"OPC_N3:20";"2020-11-10T07:02:23.488Z";"2020-11-10T07:02:23.488Z";
-1.637058229;48.096298054;-1.637058229;48.096298054;1604991729406;1604991729406;3.049999952316284;"Bus700";"OPC_N3:20";"2020-11-10T07:02:09.406Z";"2020-11-10T07:02:09.406Z";
-1.644065046;48.111169523;-1.644065046;48.111169523;1604995326647;1604995326647;6.78000020980835;"Bus743";"OPC_N3:09";"2020-11-10T08:02:06.647Z";"2020-11-10T08:02:06.647Z";
-1.637058229;48.096298054;-1.637058229;48.096298054;1604991715352;1604991715352;3.2799999713897705;"Bus700";"OPC_N3:20";"2020-11-10T07:01:55.352Z";"2020-11-10T07:01:55.352Z";
-1.637072032;48.096304554;-1.637071649;48.096297863;1604991701303;1604991701303;3.2100000381469727;"Bus700";"OPC_N3:20";"2020-11-10T07:01:41.303Z";"2020-11-10T07:01:41.303Z";
-1.637072032;48.096304554;-1.637072032;48.096304554;1604991687248;1604991687248;3.759999990463257;"Bus700";"OPC_N3:20";"2020-11-10T07:01:27.248Z";"2020-11-10T07:01:27.248Z";
-1.644078854;48.111176023;-1.644078854;48.111176023;1604995282609;1604995282609;6.78000020980835;"Bus743";"OPC_N3:09";"2020-11-10T08:01:22.609Z";"2020-11-10T08:01:22.609Z";
-1.637072032;48.096304554;-1.637071649;48.096297863;1604991674464;1604991674464;3.75;"Bus700";"OPC_N3:20";"2020-11-10T07:01:14.464Z";"2020-11-10T07:01:14.464Z";
-1.637085068;48.096297863;-1.637071649;48.096297672;1604991660422;1604991660422;5.269999980926514;"Bus700";"OPC_N3:20";"2020-11-10T07:01:00.422Z";"2020-11-10T07:01:00.422Z";
-1.644078854;48.111176023;-1.644078854;48.111176023;1604995238569;1604995238569;6.010000228881836;"Bus743";"OPC_N3:09";"2020-11-10T08:00:38.569Z";"2020-11-10T08:00:38.569Z";
-1.637085068;48.096297672;-1.637085068;48.096297672;1604991636353;1604991636353;6;"Bus700";"OPC_N3:20";"2020-11-10T07:00:36.353Z";"2020-11-10T07:00:36.353Z";
-1.637085068;48.096297672;-1.637085068;48.096297672;1604991622299;1604991622299;5.909999847412109;"Bus700";"OPC_N3:20";"2020-11-10T07:00:22.299Z";"2020-11-10T07:00:22.299Z";
-1.637084685;48.096290981;-1.637084685;48.096290981;1604991608244;1604991608244;4.199999809265137;"Bus700";"OPC_N3:20";"2020-11-10T07:00:08.244Z";"2020-11-10T07:00:08.244Z";
-1.644078854;48.111176023;-1.644078854;48.111176023;1604995194546;1604995194546;6.010000228881836;"Bus743";"OPC_N3:09";"2020-11-10T07:59:54.546Z";"2020-11-10T07:59:54.546Z";
-1.637084685;48.096290981;-1.637084685;48.096290981;1604991594195;1604991594195;4.650000095367432;"Bus700";"OPC_N3:20";"2020-11-10T06:59:54.195Z";"2020-11-10T06:59:54.195Z";
-1.637085068;48.096297672;-1.637085068;48.096297672;1604991580137;1604991580137;5.519999980926514;"Bus700";"OPC_N3:20";"2020-11-10T06:59:40.137Z";"2020-11-10T06:59:40.137Z";
-1.637085068;48.096297672;-1.637085068;48.096297672;1604991566086;1604991566086;5.940000057220459;"Bus700";"OPC_N3:20";"2020-11-10T06:59:26.086Z";"2020-11-10T06:59:26.086Z";
-1.644078854;48.111176023;-1.644078854;48.111176023;1604995150522;1604995150522;6.010000228881836;"Bus743";"OPC_N3:09";"2020-11-10T07:59:10.522Z";"2020-11-10T07:59:10.522Z";
-1.637085068;48.096297672;-1.637085068;48.096297672;1604991552041;1604991552041;6.039999961853027;"Bus700";"OPC_N3:20";"2020-11-10T06:59:12.041Z";"2020-11-10T06:59:12.041Z";
-1.637085068;48.096291666;-1.637058229;48.096228864;1604991537980;1604991537980;4.570000171661377;"Bus700";"OPC_N3:20";"2020-11-10T06:58:57.980Z";"2020-11-10T06:58:57.980Z";
-1.637693909;48.095977949;-1.637236514;48.095192434;1604991513912;1604991513912;5.400000095367432;"Bus700";"OPC_N3:20";"2020-11-10T06:58:33.912Z";"2020-11-10T06:58:33.912Z";
-1.63815129;48.094798841;-1.637908606;48.094394905;1604991499865;1604991499865;6.150000095367432;"Bus700";"OPC_N3:20";"2020-11-10T06:58:19.865Z";"2020-11-10T06:58:19.865Z";
-1.63815129;48.094394905;-1.63815129;48.094394905;1604991485802;1604991485802;7.019999980926514;"Bus700";"OPC_N3:20";"2020-11-10T06:58:05.802Z";"2020-11-10T06:58:05.802Z";
-1.63813787;48.094389089;-1.63813787;48.094383083;1604991471759;1604991471759;6.420000076293945;"Bus700";"OPC_N3:20";"2020-11-10T06:57:51.759Z";"2020-11-10T06:57:51.759Z";
-1.638463751;48.094249258;-1.638241769;48.094030837;1604991457695;1604991457695;7.889999866485596;"Bus700";"OPC_N3:20";"2020-11-10T06:57:37.695Z";"2020-11-10T06:57:37.695Z";
-1.639646105;48.093745757;-1.638857873;48.093193614;1604991443655;1604991443655;7.050000190734863;"Bus700";"OPC_N3:20";"2020-11-10T06:57:23.655Z";"2020-11-10T06:57:23.655Z";
-1.64407924;48.111182716;-1.64407924;48.111182716;1604995018447;1604995018447;6.010000228881836;"Bus743";"OPC_N3:09";"2020-11-10T07:56:58.447Z";"2020-11-10T07:56:58.447Z";
-1.639564032;48.092729417;-1.639564032;48.092729417;1604991415543;1604991415543;7.5;"Bus700";"OPC_N3:20";"2020-11-10T06:56:55.543Z";"2020-11-10T06:56:55.543Z";
-1.639563264;48.092704022;-1.639493866;48.092634803;1604991400814;1604991400814;6.690000057220459;"Bus700";"OPC_N3:20";"2020-11-10T06:56:40.814Z";"2020-11-10T06:56:40.814Z";
-1.639205164;48.092416282;-1.638945604;48.092267553;1604991386766;1604991386766;6.380000114440918;"Bus700";"OPC_N3:20";"2020-11-10T06:56:26.766Z";"2020-11-10T06:56:26.766Z";
-1.638364386;48.092142121;-1.637772437;48.092099751;1604991372701;1604991372701;5.860000133514404;"Bus700";"OPC_N3:20";"2020-11-10T06:56:12.701Z";"2020-11-10T06:56:12.701Z";
-1.637247966;48.092075125;-1.636117363;48.091994929;1604991358658;1604991358658;5.179999828338623;"Bus700";"OPC_N3:20";"2020-11-10T06:55:58.658Z";"2020-11-10T06:55:58.658Z";
-1.637444199;48.09188704;-1.634361511;48.088494611;1604991344592;1604991344592;6.119999885559082;"Bus700";"OPC_N3:20";"2020-11-10T06:55:44.592Z";"2020-11-10T06:55:44.592Z";
-1.644079625;48.111189408;-1.644079625;48.111189408;1604994930371;1604994930371;4.699999809265137;"Bus743";"OPC_N3:09";"2020-11-10T07:55:30.371Z";"2020-11-10T07:55:30.371Z";
-1.63892585;48.088279027;-1.637840204;48.087786848;1604991260291;1604991260291;5.239999771118164;"Bus700";"OPC_N3:20";"2020-11-10T06:54:20.291Z";"2020-11-10T06:54:20.291Z";
-1.643766041;48.088245153;-1.638979135;48.087477771;1604991232182;1604991232182;7.699999809265137;"Bus700";"OPC_N3:20";"2020-11-10T06:53:52.182Z";"2020-11-10T06:53:52.182Z";
-1.643766041;48.087597364;-1.643766041;48.087597364;1604991165956;1604991165956;9.4399995803833;"Bus700";"OPC_N3:20";"2020-11-10T06:52:45.956Z";"2020-11-10T06:52:45.956Z";
-1.644065816;48.111182908;-1.644065816;48.111182908;1604994754231;1604994754231;4.699999809265137;"Bus743";"OPC_N3:09";"2020-11-10T07:52:34.231Z";"2020-11-10T07:52:34.231Z";
-1.643779073;48.087590482;-1.643779073;48.087590482;1604991151894;1604991151894;7.78000020980835;"Bus700";"OPC_N3:20";"2020-11-10T06:52:31.894Z";"2020-11-10T06:52:31.894Z";
-1.64379172;48.087570903;-1.643791335;48.087564214;1604991137852;1604991137852;5.130000114440918;"Bus700";"OPC_N3:20";"2020-11-10T06:52:17.852Z";"2020-11-10T06:52:17.852Z";
-1.644583273;48.087544635;-1.643803982;48.087181061;1604991123793;1604991123793;7.900000095367432;"Bus700";"OPC_N3:20";"2020-11-10T06:52:03.793Z";"2020-11-10T06:52:03.793Z";
-1.644750828;48.087895901;-1.644545783;48.087388602;1604991095680;1604991095680;6.610000133514404;"Bus700";"OPC_N3:20";"2020-11-10T06:51:35.680Z";"2020-11-10T06:51:35.680Z";
-1.643944235;48.111147233;-1.643944235;48.111147233;1604994666090;1604994666090;5.070000171661377;"Bus743";"OPC_N3:09";"2020-11-10T07:51:06.090Z";"2020-11-10T07:51:06.090Z";
-1.644624878;48.08843822;-1.644611009;48.088017164;1604991057568;1604991057568;7.760000228881836;"Bus700";"OPC_N3:20";"2020-11-10T06:50:57.568Z";"2020-11-10T06:50:57.568Z";
-1.644748918;48.089793757;-1.644642214;48.088979558;1604991043526;1604991043526;8.600000381469727;"Bus700";"OPC_N3:20";"2020-11-10T06:50:43.526Z";"2020-11-10T06:50:43.526Z";
-1.644885477;48.090294592;-1.64484214;48.09019359;1604991029454;1604991029454;7.449999809265137;"Bus700";"OPC_N3:20";"2020-11-10T06:50:29.454Z";"2020-11-10T06:50:29.454Z";
-1.643261895;48.110824652;-1.643261895;48.110824652;1604994621969;1604994621969;7.630000114440918;"Bus743";"OPC_N3:09";"2020-11-10T07:50:21.969Z";"2020-11-10T07:50:21.969Z";
-1.645921588;48.091654398;-1.645921588;48.091654398;1604990987305;1604990987305;9.3100004196167;"Bus700";"OPC_N3:20";"2020-11-10T06:49:47.305Z";"2020-11-10T06:49:47.305Z";
-1.644914123;48.110815097;-1.644914123;48.110815097;1604994577864;1604994577864;4.599999904632568;"Bus743";"OPC_N3:09";"2020-11-10T07:49:37.864Z";"2020-11-10T07:49:37.864Z";
-1.647122162;48.092645525;-1.645921588;48.091654398;1604990973233;1604990973233;8.619999885559082;"Bus700";"OPC_N3:20";"2020-11-10T06:49:33.233Z";"2020-11-10T06:49:33.233Z";
-1.64734149;48.092770785;-1.647300848;48.092764672;1604990949185;1604990949185;8.930000305175781;"Bus700";"OPC_N3:20";"2020-11-10T06:49:09.185Z";"2020-11-10T06:49:09.185Z";
-1.648005658;48.093337703;-1.647631386;48.092985329;1604990935138;1604990935138;9.640000343322754;"Bus700";"OPC_N3:20";"2020-11-10T06:48:55.138Z";"2020-11-10T06:48:55.138Z";
-1.644771477;48.110976267;-1.644771477;48.110976267;1604994533765;1604994533765;5.929999828338623;"Bus743";"OPC_N3:09";"2020-11-10T07:48:53.765Z";"2020-11-10T07:48:53.765Z";
-1.649437142;48.094444448;-1.648955501;48.094081606;1604990921073;1604990921073;6.389999866485596;"Bus700";"OPC_N3:20";"2020-11-10T06:48:41.073Z";"2020-11-10T06:48:41.073Z";
-1.650399284;48.095144048;-1.650262772;48.0950758;1604990906990;1604990906990;7.309999942779541;"Bus700";"OPC_N3:20";"2020-11-10T06:48:26.990Z";"2020-11-10T06:48:26.990Z";
-1.650427669;48.095152405;-1.65041309;48.095144539;1604990892945;1604990892945;7.53000020980835;"Bus700";"OPC_N3:20";"2020-11-10T06:48:12.945Z";"2020-11-10T06:48:12.945Z";
-1.644759595;48.110985213;-1.644759595;48.110985213;1604994489673;1604994489673;5.570000171661377;"Bus743";"OPC_N3:09";"2020-11-10T07:48:09.673Z";"2020-11-10T07:48:09.673Z";
-1.651294355;48.095760513;-1.650565728;48.095259429;1604990878892;1604990878892;8.779999732971191;"Bus700";"OPC_N3:20";"2020-11-10T06:47:58.892Z";"2020-11-10T06:47:58.892Z";
-1.651991901;48.096152343;-1.651677449;48.095984344;1604990864843;1604990864843;8.079999923706055;"Bus700";"OPC_N3:20";"2020-11-10T06:47:44.843Z";"2020-11-10T06:47:44.843Z";
-1.653686519;48.097083422;-1.652702877;48.096549983;1604990850776;1604990850776;8.630000114440918;"Bus700";"OPC_N3:20";"2020-11-10T06:47:30.776Z";"2020-11-10T06:47:30.776Z";
-1.643306016;48.110878988;-1.643306016;48.110878988;1604994445604;1604994445604;4.989999771118164;"Bus743";"OPC_N3:09";"2020-11-10T07:47:25.604Z";"2020-11-10T07:47:25.604Z";
-1.654219963;48.097394192;-1.654206543;48.097393999;1604990826717;1604990826717;10.229999542236328;"Bus700";"OPC_N3:20";"2020-11-10T06:47:06.717Z";"2020-11-10T06:47:06.717Z";
-1.654562047;48.097593006;-1.654329647;48.097468636;1604990812664;1604990812664;8.279999732971191;"Bus700";"OPC_N3:20";"2020-11-10T06:46:52.664Z";"2020-11-10T06:46:52.664Z";
-1.655163764;48.097892652;-1.654863098;48.097755184;1604990798621;1604990798621;10.300000190734863;"Bus700";"OPC_N3:20";"2020-11-10T06:46:38.621Z";"2020-11-10T06:46:38.621Z";
-1.655696449;48.098177828;-1.655341713;48.097998406;1604990784555;1604990784555;8.520000457763672;"Bus700";"OPC_N3:20";"2020-11-10T06:46:24.555Z";"2020-11-10T06:46:24.555Z";
-1.65590124;48.098283194;-1.65590124;48.098283194;1604990770514;1604990770514;10.140000343322754;"Bus700";"OPC_N3:20";"2020-11-10T06:46:10.514Z";"2020-11-10T06:46:10.514Z";
-1.643607378;48.110230778;-1.643607378;48.110230778;1604994357396;1604994357396;4.489999771118164;"Bus743";"OPC_N3:09";"2020-11-10T07:45:57.396Z";"2020-11-10T07:45:57.396Z";
-1.656688303;48.098947849;-1.656301285;48.098609077;1604990756447;1604990756447;7.5;"Bus700";"OPC_N3:20";"2020-11-10T06:45:56.447Z";"2020-11-10T06:45:56.447Z";
-1.657405178;48.099505884;-1.657363752;48.09947438;1604990742401;1604990742401;9.510000228881836;"Bus700";"OPC_N3:20";"2020-11-10T06:45:42.401Z";"2020-11-10T06:45:42.401Z";
-1.660159052;48.102028332;-1.657405178;48.09950569;1604990728336;1604990728336;9.279999732971191;"Bus700";"OPC_N3:20";"2020-11-10T06:45:28.336Z";"2020-11-10T06:45:28.336Z";
-1.643607378;48.110230778;-1.643607378;48.110230778;1604994313292;1604994313292;5.409999847412109;"Bus743";"OPC_N3:09";"2020-11-10T07:45:13.292Z";"2020-11-10T07:45:13.292Z";
-1.661981418;48.103125343;-1.660913548;48.102526913;1604990676189;1604990676189;11.069999694824219;"Bus700";"OPC_N3:20";"2020-11-10T06:44:36.189Z";"2020-11-10T06:44:36.189Z";
-1.643607378;48.110230778;-1.643607378;48.110230778;1604994269187;1604994269187;5.409999847412109;"Bus743";"OPC_N3:09";"2020-11-10T07:44:29.187Z";"2020-11-10T07:44:29.187Z";
-1.663037062;48.10377406;-1.66276279;48.103599502;1604990652088;1604990652088;10.119999885559082;"Bus700";"OPC_N3:20";"2020-11-10T06:44:12.088Z";"2020-11-10T06:44:12.088Z";
-1.663091916;48.103811374;-1.663091526;48.103798677;1604990638020;1604990638020;8.5600004196167;"Bus700";"OPC_N3:20";"2020-11-10T06:43:58.020Z";"2020-11-10T06:43:58.020Z";
-1.643607378;48.110230778;-1.643607378;48.110230778;1604994225081;1604994225081;6.199999809265137;"Bus743";"OPC_N3:09";"2020-11-10T07:43:45.081Z";"2020-11-10T07:43:45.081Z";
-1.663778579;48.104297525;-1.663201625;48.103886001;1604990623979;1604990623979;7.920000076293945;"Bus700";"OPC_N3:20";"2020-11-10T06:43:43.979Z";"2020-11-10T06:43:43.979Z";
-1.667299165;48.104868511;-1.664882885;48.104752044;1604990595868;1604990595868;5.78000020980835;"Bus700";"OPC_N3:20";"2020-11-10T06:43:15.868Z";"2020-11-10T06:43:15.868Z";
-1.643607378;48.110230778;-1.643607378;48.110230778;1604994180985;1604994180985;5.159999847412109;"Bus743";"OPC_N3:09";"2020-11-10T07:43:00.985Z";"2020-11-10T07:43:00.985Z";
-1.669092181;48.104686874;-1.66787473;48.104524151;1604990557754;1604990557754;7;"Bus700";"OPC_N3:20";"2020-11-10T06:42:37.754Z";"2020-11-10T06:42:37.754Z";
-1.670551604;48.104446766;-1.669681163;48.104340572;1604990543696;1604990543696;5.53000020980835;"Bus700";"OPC_N3:20";"2020-11-10T06:42:23.696Z";"2020-11-10T06:42:23.696Z";
-1.643607763;48.11023747;-1.643607763;48.11023747;1604994136878;1604994136878;5.639999866485596;"Bus743";"OPC_N3:09";"2020-11-10T07:42:16.878Z";"2020-11-10T07:42:16.878Z";
-1.671112565;48.104272699;-1.670898996;48.104231485;1604990529649;1604990529649;7.210000038146973;"Bus700";"OPC_N3:20";"2020-11-10T06:42:09.649Z";"2020-11-10T06:42:09.649Z";
-1.672577461;48.104309383;-1.671837323;48.104214935;1604990515577;1604990515577;7.25;"Bus700";"OPC_N3:20";"2020-11-10T06:41:55.577Z";"2020-11-10T06:41:55.577Z";
-1.643607763;48.110231465;-1.643607763;48.110231465;1604994092784;1604994092784;5.96999979019165;"Bus743";"OPC_N3:09";"2020-11-10T07:41:32.784Z";"2020-11-10T07:41:32.784Z";
-1.672681305;48.104248582;-1.672575893;48.104181868;1604990491514;1604990491514;8.510000228881836;"Bus700";"OPC_N3:20";"2020-11-10T06:41:31.514Z";"2020-11-10T06:41:31.514Z";
-1.673378434;48.104146311;-1.672881058;48.104079262;1604990463399;1604990463399;9.270000457763672;"Bus700";"OPC_N3:20";"2020-11-10T06:41:03.399Z";"2020-11-10T06:41:03.399Z";
-1.67344907;48.104253796;-1.673435649;48.1042536;1604990449344;1604990449344;9.039999961853027;"Bus700";"OPC_N3:20";"2020-11-10T06:40:49.344Z";"2020-11-10T06:40:49.344Z";
-1.64359434;48.110231657;-1.64359434;48.110231657;1604994048683;1604994048683;4.789999961853027;"Bus743";"OPC_N3:09";"2020-11-10T07:40:48.683Z";"2020-11-10T07:40:48.683Z";
-1.67344907;48.1042536;-1.67344907;48.1042536;1604990435288;1604990435288;9.649999618530273;"Bus700";"OPC_N3:20";"2020-11-10T06:40:35.288Z";"2020-11-10T06:40:35.288Z";
-1.67344907;48.104259606;-1.67344907;48.104259606;1604990421232;1604990421232;9.40999984741211;"Bus700";"OPC_N3:20";"2020-11-10T06:40:21.232Z";"2020-11-10T06:40:21.232Z";
-1.673462492;48.104265611;-1.67344907;48.10426473;1604990407191;1604990407191;9.979999542236328;"Bus700";"OPC_N3:20";"2020-11-10T06:40:07.191Z";"2020-11-10T06:40:07.191Z";
-1.64359434;48.110231657;-1.64359434;48.110231657;1604994004642;1604994004642;4.929999828338623;"Bus743";"OPC_N3:09";"2020-11-10T07:40:04.642Z";"2020-11-10T07:40:04.642Z";
-1.673569774;48.104719764;-1.673475521;48.104282551;1604990393117;1604990393117;12.119999885559082;"Bus700";"OPC_N3:20";"2020-11-10T06:39:53.117Z";"2020-11-10T06:39:53.117Z";
-1.673706255;48.105171831;-1.673615529;48.104878918;1604990369077;1604990369077;10.729999542236328;"Bus700";"OPC_N3:20";"2020-11-10T06:39:29.077Z";"2020-11-10T06:39:29.077Z";
-1.64359434;48.110231657;-1.64359434;48.110231657;1604993960503;1604993960503;5.130000114440918;"Bus743";"OPC_N3:09";"2020-11-10T07:39:20.503Z";"2020-11-10T07:39:20.503Z";
-1.673750442;48.105280198;-1.673749658;48.105260809;1604990355001;1604990355001;7.769999980926514;"Bus700";"OPC_N3:20";"2020-11-10T06:39:15.001Z";"2020-11-10T06:39:15.001Z";
-1.673929545;48.105813866;-1.673823434;48.105451657;1604990340967;1604990340967;7.21999979019165;"Bus700";"OPC_N3:20";"2020-11-10T06:39:00.967Z";"2020-11-10T06:39:00.967Z";
-1.674225051;48.106631992;-1.674092484;48.106276867;1604990326910;1604990326910;7.289999961853027;"Bus700";"OPC_N3:20";"2020-11-10T06:38:46.910Z";"2020-11-10T06:38:46.910Z";
-1.674897174;48.107507338;-1.6743004;48.106885638;1604990312864;1604990312864;9.34000015258789;"Bus700";"OPC_N3:20";"2020-11-10T06:38:32.864Z";"2020-11-10T06:38:32.864Z";
-1.64359434;48.110231657;-1.64359434;48.110231657;1604993916392;1604993916392;5.309999942779541;"Bus743";"OPC_N3:09";"2020-11-10T07:38:36.392Z";"2020-11-10T07:38:36.392Z";
-1.675057064;48.107481161;-1.674910204;48.10745962;1604990284752;1604990284752;11.1899995803833;"Bus700";"OPC_N3:20";"2020-11-10T06:38:04.752Z";"2020-11-10T06:38:04.752Z";
-1.676422989;48.107395423;-1.675927545;48.107362098;1604990270684;1604990270684;6.289999961853027;"Bus700";"OPC_N3:20";"2020-11-10T06:37:50.684Z";"2020-11-10T06:37:50.684Z";
-1.64359434;48.110231657;-1.64359434;48.110231657;1604993872299;1604993872299;6.199999809265137;"Bus743";"OPC_N3:09";"2020-11-10T07:37:52.299Z";"2020-11-10T07:37:52.299Z";
-1.677771105;48.10771505;-1.677373213;48.107307352;1604990256648;1604990256648;5.619999885559082;"Bus700";"OPC_N3:20";"2020-11-10T06:37:36.648Z";"2020-11-10T06:37:36.648Z";
-1.677778968;48.107780889;-1.677750158;48.107753827;1604990232572;1604990232572;6.579999923706055;"Bus700";"OPC_N3:20";"2020-11-10T06:37:12.572Z";"2020-11-10T06:37:12.572Z";
-1.64359434;48.110231657;-1.64359434;48.110231657;1604993828186;1604993828186;5.989999771118164;"Bus743";"OPC_N3:09";"2020-11-10T07:37:08.186Z";"2020-11-10T07:37:08.186Z";
-1.677794356;48.107810403;-1.677779754;48.107782262;1604990218536;1604990218536;6.590000152587891;"Bus700";"OPC_N3:20";"2020-11-10T06:36:58.536Z";"2020-11-10T06:36:58.536Z";
-1.64359434;48.110231657;-1.64359434;48.110231657;1604993784123;1604993784123;5.949999809265137;"Bus743";"OPC_N3:09";"2020-11-10T07:36:24.123Z";"2020-11-10T07:36:24.123Z";
-1.677809918;48.10947357;-1.677748364;48.108485984;1604990176353;1604990176353;7.309999942779541;"Bus700";"OPC_N3:20";"2020-11-10T06:36:16.353Z";"2020-11-10T06:36:16.353Z";
-1.64359434;48.110231657;-1.64359434;48.110231657;1604993739998;1604993739998;6.760000228881836;"Bus743";"OPC_N3:09";"2020-11-10T07:35:39.998Z";"2020-11-10T07:35:39.998Z";
-1.677823341;48.109467566;-1.677809918;48.10946737;1604990134205;1604990134205;10.09000015258789;"Bus700";"OPC_N3:20";"2020-11-10T06:35:34.205Z";"2020-11-10T06:35:34.205Z";
-1.677837157;48.10947987;-1.677837157;48.10947987;1604990120148;1604990120148;7.849999904632568;"Bus700";"OPC_N3:20";"2020-11-10T06:35:20.148Z";"2020-11-10T06:35:20.148Z";
-1.677837943;48.109493254;-1.67783755;48.109486562;1604990106092;1604990106092;7.420000076293945;"Bus700";"OPC_N3:20";"2020-11-10T06:35:06.092Z";"2020-11-10T06:35:06.092Z";
-1.64359434;48.110231657;-1.64359434;48.110231657;1604993695892;1604993695892;5.429999828338623;"Bus743";"OPC_N3:09";"2020-11-10T07:34:55.892Z";"2020-11-10T07:34:55.892Z";
-1.677852152;48.109614905;-1.677838337;48.109505951;1604990092012;1604990092012;7.849999904632568;"Bus700";"OPC_N3:20";"2020-11-10T06:34:52.012Z";"2020-11-10T06:34:52.012Z";
-1.678027382;48.109931151;-1.67782368;48.109710474;1604990077962;1604990077962;6.099999904632568;"Bus700";"OPC_N3:20";"2020-11-10T06:34:37.962Z";"2020-11-10T06:34:37.962Z";
-1.678188456;48.109929975;-1.678107919;48.109922794;1604990053895;1604990053895;8.050000190734863;"Bus700";"OPC_N3:20";"2020-11-10T06:34:13.895Z";"2020-11-10T06:34:13.895Z";
-1.64359434;48.110231657;-1.64359434;48.110231657;1604993651811;1604993651811;6;"Bus743";"OPC_N3:09";"2020-11-10T07:34:11.811Z";"2020-11-10T07:34:11.811Z";
-1.678631805;48.109907059;-1.678443491;48.109905;1604990039854;1604990039854;8.84000015258789;"Bus700";"OPC_N3:20";"2020-11-10T06:33:59.854Z";"2020-11-10T06:33:59.854Z";
-1.679088576;48.109913186;-1.678940924;48.109911028;1604990025784;1604990025784;7.059999942779541;"Bus700";"OPC_N3:20";"2020-11-10T06:33:45.784Z";"2020-11-10T06:33:45.784Z";
-1.67926268;48.109908379;-1.679208988;48.109902571;1604990011745;1604990011745;5.730000019073486;"Bus700";"OPC_N3:20";"2020-11-10T06:33:31.745Z";"2020-11-10T06:33:31.745Z";
-1.64359434;48.110231657;-1.64359434;48.110231657;1604993607699;1604993607699;6.570000171661377;"Bus743";"OPC_N3:09";"2020-11-10T07:33:27.699Z";"2020-11-10T07:33:27.699Z";
-1.680514156;48.109999456;-1.679383879;48.109924727;1604989997731;1604989997731;6.489999771118164;"Bus700";"OPC_N3:20";"2020-11-10T06:33:17.731Z";"2020-11-10T06:33:17.731Z";
-1.64359434;48.110231657;-1.64359434;48.110231657;1604993563612;1604993563612;5.659999847412109;"Bus743";"OPC_N3:09";"2020-11-10T07:32:43.612Z";"2020-11-10T07:32:43.612Z";
-1.680540608;48.109978907;-1.680527579;48.109966014;1604989945520;1604989945520;5.590000152587891;"Bus700";"OPC_N3:20";"2020-11-10T06:32:25.520Z";"2020-11-10T06:32:25.520Z";
-1.681694974;48.109950387;-1.681198328;48.109937113;1604989931459;1604989931459;6.28000020980835;"Bus700";"OPC_N3:20";"2020-11-10T06:32:11.459Z";"2020-11-10T06:32:11.459Z";
-1.683077921;48.109918226;-1.682164774;48.109899541;1604989917412;1604989917412;6.28000020980835;"Bus700";"OPC_N3:20";"2020-11-10T06:31:57.412Z";"2020-11-10T06:31:57.412Z";
-1.683521664;48.109908008;-1.683414281;48.109906435;1604989903352;1604989903352;5.789999961853027;"Bus700";"OPC_N3:20";"2020-11-10T06:31:43.352Z";"2020-11-10T06:31:43.352Z";
-1.683548115;48.109906238;-1.683535087;48.109893345;1604989889306;1604989889306;6.340000152587891;"Bus700";"OPC_N3:20";"2020-11-10T06:31:29.306Z";"2020-11-10T06:31:29.306Z";
-1.684768803;48.109820021;-1.684069238;48.109797287;1604989875236;1604989875236;6.150000095367432;"Bus700";"OPC_N3:20";"2020-11-10T06:31:15.236Z";"2020-11-10T06:31:15.236Z";
-1.642827779;48.111086988;-1.642827779;48.111086988;1604993465370;1604993465370;7.199999809265137;"Bus743";"OPC_N3:09";"2020-11-10T07:31:05.370Z";"2020-11-10T07:31:05.370Z";
-1.684931851;48.109869331;-1.684918428;48.109869134;1604989851191;1604989851191;5.159999847412109;"Bus700";"OPC_N3:20";"2020-11-10T06:30:51.191Z";"2020-11-10T06:30:51.191Z";
-1.684972119;48.109874548;-1.684931851;48.109869134;1604989837131;1604989837131;6.199999809265137;"Bus700";"OPC_N3:20";"2020-11-10T06:30:37.131Z";"2020-11-10T06:30:37.131Z";
-1.686154524;48.110321193;-1.685135167;48.109941675;1604989823088;1604989823088;5.300000190734863;"Bus700";"OPC_N3:20";"2020-11-10T06:30:23.088Z";"2020-11-10T06:30:23.088Z";
-1.64319538;48.112496554;-1.64319538;48.112496554;1604993421276;1604993421276;6.78000020980835;"Bus743";"OPC_N3:09";"2020-11-10T07:30:21.276Z";"2020-11-10T07:30:21.276Z";
-1.686443928;48.110936139;-1.686300213;48.11066341;1604989780905;1604989780905;4.849999904632568;"Bus700";"OPC_N3:20";"2020-11-10T06:29:40.905Z";"2020-11-10T06:29:40.905Z";
-1.686899163;48.111701082;-1.686670556;48.111283867;1604989766861;1604989766861;3.4800000190734863;"Bus700";"OPC_N3:20";"2020-11-10T06:29:26.861Z";"2020-11-10T06:29:26.861Z";
-1.686983656;48.111832872;-1.686912586;48.11170689;1604989738751;1604989738751;3.880000114440918;"Bus700";"OPC_N3:20";"2020-11-10T06:28:58.751Z";"2020-11-10T06:28:58.751Z";
-1.641064529;48.113524496;-1.641064529;48.113524496;1604993333088;1604993333088;5.989999771118164;"Bus743";"OPC_N3:09";"2020-11-10T07:28:53.088Z";"2020-11-10T07:28:53.088Z";
-1.68768011;48.112236602;-1.687265566;48.112167694;1604989724682;1604989724682;5.769999980926514;"Bus700";"OPC_N3:20";"2020-11-10T06:28:44.682Z";"2020-11-10T06:28:44.682Z";
-1.689092302;48.111899653;-1.688679345;48.111791962;1604989710641;1604989710641;4.099999904632568;"Bus700";"OPC_N3:20";"2020-11-10T06:28:30.641Z";"2020-11-10T06:28:30.641Z";
-1.68994466;48.111724926;-1.689331942;48.111563484;1604989696573;1604989696573;4.429999828338623;"Bus700";"OPC_N3:20";"2020-11-10T06:28:16.573Z";"2020-11-10T06:28:16.573Z";
-1.63940227;48.114045007;-1.63940227;48.114045007;1604993288979;1604993288979;7.429999828338623;"Bus743";"OPC_N3:09";"2020-11-10T07:28:08.979Z";"2020-11-10T07:28:08.979Z";
-1.690885474;48.111581745;-1.690317341;48.111462385;1604989668495;1604989668495;4.619999885559082;"Bus700";"OPC_N3:20";"2020-11-10T06:27:48.495Z";"2020-11-10T06:27:48.495Z";
-1.634676165;48.114152989;-1.634676165;48.114152989;1604993244878;1604993244878;5.710000038146973;"Bus743";"OPC_N3:09";"2020-11-10T07:27:24.878Z";"2020-11-10T07:27:24.878Z";
-1.690899294;48.111594244;-1.690885474;48.111581745;1604989640386;1604989640386;4.489999771118164;"Bus700";"OPC_N3:20";"2020-11-10T06:27:20.386Z";"2020-11-10T06:27:20.386Z";
-1.691352169;48.111917152;-1.690899294;48.111600249;1604989626322;1604989626322;4.920000076293945;"Bus700";"OPC_N3:20";"2020-11-10T06:27:06.322Z";"2020-11-10T06:27:06.322Z";
-1.692450624;48.112664518;-1.691736744;48.112196952;1604989612287;1604989612287;4.239999771118164;"Bus700";"OPC_N3:20";"2020-11-10T06:26:52.287Z";"2020-11-10T06:26:52.287Z";
-1.632129463;48.117849548;-1.632129463;48.117849548;1604993200768;1604993200768;6.590000152587891;"Bus743";"OPC_N3:09";"2020-11-10T07:26:40.768Z";"2020-11-10T07:26:40.768Z";
-1.693285657;48.112747137;-1.692882556;48.112740375;1604989598214;1604989598214;4.53000020980835;"Bus700";"OPC_N3:20";"2020-11-10T06:26:38.214Z";"2020-11-10T06:26:38.214Z";
-1.693413612;48.113022222;-1.693363093;48.112949879;1604989584175;1604989584175;4.5;"Bus700";"OPC_N3:20";"2020-11-10T06:26:24.175Z";"2020-11-10T06:26:24.175Z";
-1.693374204;48.113913761;-1.693125174;48.113073895;1604989560099;1604989560099;4.519999980926514;"Bus700";"OPC_N3:20";"2020-11-10T06:26:00.099Z";"2020-11-10T06:26:00.099Z";
-1.629955283;48.121451132;-1.629955283;48.121451132;1604993156677;1604993156677;8.649999618530273;"Bus743";"OPC_N3:09";"2020-11-10T07:25:56.677Z";"2020-11-10T07:25:56.677Z";
-1.692800687;48.115523289;-1.691698507;48.11426821;1604989517944;1604989517944;4.5;"Bus700";"OPC_N3:20";"2020-11-10T06:25:17.944Z";"2020-11-10T06:25:17.944Z";
-1.624462812;48.123263807;-1.624462812;48.123263807;1604993112579;1604993112579;8.75;"Bus743";"OPC_N3:09";"2020-11-10T07:25:12.579Z";"2020-11-10T07:25:12.579Z";
-1.691439933;48.116064156;-1.691245702;48.115838655;1604989493855;1604989493855;4.889999866485596;"Bus700";"OPC_N3:20";"2020-11-10T06:24:53.855Z";"2020-11-10T06:24:53.855Z";
-1.691103187;48.11739422;-1.690053833;48.116219378;1604989479784;1604989479784;5.769999980926514;"Bus700";"OPC_N3:20";"2020-11-10T06:24:39.784Z";"2020-11-10T06:24:39.784Z";
-1.689859195;48.118232135;-1.689314358;48.117607021;1604989451667;1604989451667;5.659999847412109;"Bus700";"OPC_N3:20";"2020-11-10T06:24:11.667Z";"2020-11-10T06:24:11.667Z";
-1.618799371;48.126799239;-1.618799371;48.126799239;1604993024377;1604993024377;5.650000095367432;"Bus743";"OPC_N3:09";"2020-11-10T07:23:44.377Z";"2020-11-10T07:23:44.377Z";
-1.689237372;48.118497397;-1.68905536;48.118316192;1604989413593;1604989413593;6.78000020980835;"Bus700";"OPC_N3:20";"2020-11-10T06:23:33.593Z";"2020-11-10T06:23:33.593Z";
-1.688681074;48.120855402;-1.68698485;48.118949571;1604989399542;1604989399542;5;"Bus700";"OPC_N3:20";"2020-11-10T06:23:19.542Z";"2020-11-10T06:23:19.542Z";
-1.611543091;48.127583241;-1.611543091;48.127583241;1604992980276;1604992980276;7.420000076293945;"Bus743";"OPC_N3:09";"2020-11-10T07:23:00.276Z";"2020-11-10T07:23:00.276Z";
-1.686725034;48.121688082;-1.686192363;48.121126663;1604989361428;1604989361428;6.199999809265137;"Bus700";"OPC_N3:20";"2020-11-10T06:22:41.428Z";"2020-11-10T06:22:41.428Z";
-1.68602415;48.122107274;-1.685829873;48.121887786;1604989347363;1604989347363;4.570000171661377;"Bus700";"OPC_N3:20";"2020-11-10T06:22:27.363Z";"2020-11-10T06:22:27.363Z";
-1.685764324;48.123529011;-1.68430364;48.122165049;1604989333324;1604989333324;4.710000038146973;"Bus700";"OPC_N3:20";"2020-11-10T06:22:13.324Z";"2020-11-10T06:22:13.324Z";
-1.600747842;48.130634544;-1.600747842;48.130634544;1604992936178;1604992936178;7.659999847412109;"Bus743";"OPC_N3:09";"2020-11-10T07:22:16.178Z";"2020-11-10T07:22:16.178Z";
-1.683795411;48.123651641;-1.683327065;48.123599972;1604989291138;1604989291138;6.269999980926514;"Bus700";"OPC_N3:20";"2020-11-10T06:21:31.138Z";"2020-11-10T06:21:31.138Z";
-1.682616647;48.124140085;-1.681609244;48.123706158;1604989277078;1604989277078;6.440000057220459;"Bus700";"OPC_N3:20";"2020-11-10T06:21:17.078Z";"2020-11-10T06:21:17.078Z";
-1.682578239;48.126223448;-1.681741909;48.124501206;1604989253010;1604989253010;6.309999942779541;"Bus700";"OPC_N3:20";"2020-11-10T06:20:53.010Z";"2020-11-10T06:20:53.010Z";
-1.596756221;48.131550329;-1.596756221;48.131550329;1604992847972;1604992847972;7.03000020980835;"Bus743";"OPC_N3:09";"2020-11-10T07:20:47.972Z";"2020-11-10T07:20:47.972Z";
-1.683122794;48.127242541;-1.682951409;48.126938801;1604989224903;1604989224903;6.53000020980835;"Bus700";"OPC_N3:20";"2020-11-10T06:20:24.903Z";"2020-11-10T06:20:24.903Z";
-1.683178871;48.127311931;-1.683178871;48.127305928;1604989210869;1604989210869;6.550000190734863;"Bus700";"OPC_N3:20";"2020-11-10T06:20:10.869Z";"2020-11-10T06:20:10.869Z";
-1.597447468;48.128676505;-1.597447468;48.128676505;1604992803877;1604992803877;8.430000305175781;"Bus743";"OPC_N3:09";"2020-11-10T07:20:03.877Z";"2020-11-10T07:20:03.877Z";
-1.683412257;48.127875509;-1.68317966;48.127331321;1604989196792;1604989196792;7.139999866485596;"Bus700";"OPC_N3:20";"2020-11-10T06:19:56.792Z";"2020-11-10T06:19:56.792Z";
-1.683587596;48.128306214;-1.683514537;48.128122752;1604989182742;1604989182742;6.909999847412109;"Bus700";"OPC_N3:20";"2020-11-10T06:19:42.742Z";"2020-11-10T06:19:42.742Z";
-1.68421789;48.129921056;-1.683588385;48.128325604;1604989168682;1604989168682;7.320000171661377;"Bus700";"OPC_N3:20";"2020-11-10T06:19:28.682Z";"2020-11-10T06:19:28.682Z";
-1.601820699;48.123483294;-1.601820699;48.123483294;1604992715700;1604992715700;5.75;"Bus743";"OPC_N3:09";"2020-11-10T07:18:35.700Z";"2020-11-10T07:18:35.700Z";
-1.685044129;48.132596802;-1.68421789;48.129921056;1604989102468;1604989102468;8.100000381469727;"Bus700";"OPC_N3:20";"2020-11-10T06:18:22.468Z";"2020-11-10T06:18:22.468Z";
-1.605905487;48.123455853;-1.605905487;48.123455853;1604992671575;1604992671575;7;"Bus743";"OPC_N3:09";"2020-11-10T07:17:51.575Z";"2020-11-10T07:17:51.575Z";
-1.685328909;48.13349728;-1.685227795;48.133276124;1604989054324;1604989054324;8.130000114440918;"Bus700";"OPC_N3:20";"2020-11-10T06:17:34.324Z";"2020-11-10T06:17:34.324Z";
-1.68561094;48.134746759;-1.685445436;48.134195592;1604989040252;1604989040252;7.820000171661377;"Bus700";"OPC_N3:20";"2020-11-10T06:17:20.252Z";"2020-11-10T06:17:20.252Z";
-1.610811035;48.123131057;-1.610811035;48.123131057;1604992627461;1604992627461;6.989999771118164;"Bus743";"OPC_N3:09";"2020-11-10T07:17:07.461Z";"2020-11-10T07:17:07.461Z";
-1.686290376;48.137042182;-1.685762228;48.135278733;1604989026221;1604989026221;7.480000019073486;"Bus700";"OPC_N3:20";"2020-11-10T06:17:06.221Z";"2020-11-10T06:17:06.221Z";
-1.686319608;48.137111965;-1.686319213;48.13710527;1604989002114;1604989002114;7.949999809265137;"Bus700";"OPC_N3:20";"2020-11-10T06:16:42.114Z";"2020-11-10T06:16:42.114Z";
-1.686606443;48.138921664;-1.686445646;48.137803586;1604988973997;1604988973997;7.519999980926514;"Bus700";"OPC_N3:20";"2020-11-10T06:16:13.997Z";"2020-11-10T06:16:13.997Z";
-1.686632559;48.140137486;-1.686608846;48.13981958;1604988949930;1604988949930;6.840000152587891;"Bus700";"OPC_N3:20";"2020-11-10T06:15:49.930Z";"2020-11-10T06:15:49.930Z";
-1.686773985;48.140851352;-1.686602169;48.140352046;1604988935900;1604988935900;5.78000020980835;"Bus700";"OPC_N3:20";"2020-11-10T06:15:35.900Z";"2020-11-10T06:15:35.900Z";
-1.68664447;48.142194136;-1.686603371;48.141297309;1604988921821;1604988921821;6.460000038146973;"Bus700";"OPC_N3:20";"2020-11-10T06:15:21.821Z";"2020-11-10T06:15:21.821Z";
-1.686618035;48.142920003;-1.68660185;48.142594811;1604988907779;1604988907779;5.510000228881836;"Bus700";"OPC_N3:20";"2020-11-10T06:15:07.779Z";"2020-11-10T06:15:07.779Z";
-1.686723952;48.143796057;-1.68671525;48.143522739;1604988893709;1604988893709;6.360000133514404;"Bus700";"OPC_N3:20";"2020-11-10T06:14:53.709Z";"2020-11-10T06:14:53.709Z";
-1.686452184;48.14634454;-1.68624286;48.144520166;1604988879646;1604988879646;6.340000152587891;"Bus700";"OPC_N3:20";"2020-11-10T06:14:39.646Z";"2020-11-10T06:14:39.646Z";
-1.686202971;48.147410566;-1.686089603;48.146771696;1604988851533;1604988851533;7.079999923706055;"Bus700";"OPC_N3:20";"2020-11-10T06:14:11.533Z";"2020-11-10T06:14:11.533Z";
-1.686091976;48.147474742;-1.68609158;48.147468046;1604988837471;1604988837471;6.03000020980835;"Bus700";"OPC_N3:20";"2020-11-10T06:13:57.471Z";"2020-11-10T06:13:57.471Z";
-1.68606946;48.147967558;-1.686001121;48.147602794;1604988823428;1604988823428;7.139999866485596;"Bus700";"OPC_N3:20";"2020-11-10T06:13:43.428Z";"2020-11-10T06:13:43.428Z";
-1.685854566;48.149252689;-1.685775163;48.14880555;1604988809368;1604988809368;7.5;"Bus700";"OPC_N3:20";"2020-11-10T06:13:29.368Z";"2020-11-10T06:13:29.368Z";
-1.685721834;48.150484067;-1.685654288;48.149680042;1604988795345;1604988795345;7.5;"Bus700";"OPC_N3:20";"2020-11-10T06:13:15.345Z";"2020-11-10T06:13:15.345Z";
-1.685749517;48.150928645;-1.685718301;48.150801381;1604988781326;1604988781326;8.069999694824219;"Bus700";"OPC_N3:20";"2020-11-10T06:13:01.326Z";"2020-11-10T06:13:01.326Z";
-1.613774901;48.114214723;-1.613774901;48.114214723;1604992362869;1604992362869;6.5;"Bus743";"OPC_N3:09";"2020-11-10T07:12:42.869Z";"2020-11-10T07:12:42.869Z";
-1.686088551;48.152242891;-1.685766508;48.151036713;1604988753195;1604988753195;7.110000133514404;"Bus700";"OPC_N3:20";"2020-11-10T06:12:33.195Z";"2020-11-10T06:12:33.195Z";
-1.686273091;48.152947602;-1.686180623;48.152579899;1604988725091;1604988725091;6.900000095367432;"Bus700";"OPC_N3:20";"2020-11-10T06:12:05.091Z";"2020-11-10T06:12:05.091Z";
-1.618702423;48.114158804;-1.618702423;48.114158804;1604992318777;1604992318777;6.71999979019165;"Bus743";"OPC_N3:09";"2020-11-10T07:11:58.777Z";"2020-11-10T07:11:58.777Z";
-1.686758332;48.153813024;-1.686405863;48.153314713;1604988711023;1604988711023;8.050000190734863;"Bus700";"OPC_N3:20";"2020-11-10T06:11:51.023Z";"2020-11-10T06:11:51.023Z";
-1.686656412;48.154382217;-1.686612548;48.154012832;1604988697032;1604988697032;6.139999866485596;"Bus700";"OPC_N3:20";"2020-11-10T06:11:37.032Z";"2020-11-10T06:11:37.032Z";
-1.686657203;48.15440161;-1.686656807;48.154394914;1604988682915;1604988682915;7.239999771118164;"Bus700";"OPC_N3:20";"2020-11-10T06:11:22.915Z";"2020-11-10T06:11:22.915Z";
-1.62179193;48.114142721;-1.62179193;48.114142721;1604992274652;1604992274652;6.25;"Bus743";"OPC_N3:09";"2020-11-10T07:11:14.652Z";"2020-11-10T07:11:14.652Z";
-1.6878958;48.158640219;-1.686798685;48.155012039;1604988668881;1604988668881;7.53000020980835;"Bus700";"OPC_N3:20";"2020-11-10T06:11:08.881Z";"2020-11-10T06:11:08.881Z";
-1.626881661;48.114098251;-1.626881661;48.114098251;1604992230534;1604992230534;6.139999866485596;"Bus743";"OPC_N3:09";"2020-11-10T07:10:30.534Z";"2020-11-10T07:10:30.534Z";
-1.686532104;48.158946553;-1.684694197;48.158744279;1604988612680;1604988612680;5.78000020980835;"Bus700";"OPC_N3:20";"2020-11-10T06:10:12.680Z";"2020-11-10T06:10:12.680Z";
-1.632413996;48.11404057;-1.632413996;48.11404057;1604992186461;1604992186461;5.989999771118164;"Bus743";"OPC_N3:09";"2020-11-10T07:09:46.461Z";"2020-11-10T07:09:46.461Z";
-1.682957055;48.159089689;-1.681284702;48.158818578;1604988584572;1604988584572;5.289999961853027;"Bus700";"OPC_N3:20";"2020-11-10T06:09:44.572Z";"2020-11-10T06:09:44.572Z";
-1.681271266;48.159204296;-1.680252125;48.159095885;1604988560481;1604988560481;6.039999961853027;"Bus700";"OPC_N3:20";"2020-11-10T06:09:20.481Z";"2020-11-10T06:09:20.481Z";
-1.636754625;48.114047184;-1.636754625;48.114047184;1604992142357;1604992142357;6.78000020980835;"Bus743";"OPC_N3:09";"2020-11-10T07:09:02.357Z";"2020-11-10T07:09:02.357Z";
-1.679271318;48.159266625;-1.678070027;48.159166338;1604988536421;1604988536421;6.420000076293945;"Bus700";"OPC_N3:20";"2020-11-10T06:08:56.421Z";"2020-11-10T06:08:56.421Z";
-1.677586735;48.159238819;-1.677359115;48.159204093;1604988522360;1604988522360;6.5;"Bus700";"OPC_N3:20";"2020-11-10T06:08:42.360Z";"2020-11-10T06:08:42.360Z";
-1.676721344;48.159062894;-1.676600423;48.159058659;1604988508316;1604988508316;4.900000095367432;"Bus700";"OPC_N3:20";"2020-11-10T06:08:28.316Z";"2020-11-10T06:08:28.316Z";
-1.639990246;48.11398973;-1.639990246;48.11398973;1604992098285;1604992098285;6.389999866485596;"Bus743";"OPC_N3:09";"2020-11-10T07:08:18.285Z";"2020-11-10T07:08:18.285Z";
-1.676573158;48.159052746;-1.676546287;48.159052354;1604988494252;1604988494252;6.5;"Bus700";"OPC_N3:20";"2020-11-10T06:08:14.252Z";"2020-11-10T06:08:14.252Z";
-1.676209608;48.159038253;-1.675049032;48.158920047;1604988480195;1604988480195;6.510000228881836;"Bus700";"OPC_N3:20";"2020-11-10T06:08:00.195Z";"2020-11-10T06:08:00.195Z";
-1.674444035;48.159008361;-1.673249832;48.158922162;1604988466116;1604988466116;5.349999904632568;"Bus700";"OPC_N3:20";"2020-11-10T06:07:46.116Z";"2020-11-10T06:07:46.116Z";
-1.672713974;48.159159425;-1.671935095;48.159060971;1604988452079;1604988452079;4.630000114440918;"Bus700";"OPC_N3:20";"2020-11-10T06:07:32.079Z";"2020-11-10T06:07:32.079Z";
-1.641048413;48.113459827;-1.641048413;48.113459827;1604992054181;1604992054181;6.260000228881836;"Bus743";"OPC_N3:09";"2020-11-10T07:07:34.181Z";"2020-11-10T07:07:34.181Z";
-1.672069945;48.158847518;-1.672034737;48.15869388;1604988427982;1604988427982;4.489999771118164;"Bus700";"OPC_N3:20";"2020-11-10T06:07:07.982Z";"2020-11-10T06:07:07.982Z";
-1.67215978;48.158150986;-1.671311919;48.156096479;1604988413930;1604988413930;4.900000095367432;"Bus700";"OPC_N3:20";"2020-11-10T06:06:53.930Z";"2020-11-10T06:06:53.930Z";
-1.641429592;48.112767065;-1.641429592;48.112767065;1604992010078;1604992010078;6.610000133514404;"Bus743";"OPC_N3:09";"2020-11-10T07:06:50.078Z";"2020-11-10T07:06:50.078Z";
-1.643777938;48.112263502;-1.643777938;48.112263502;1604991965957;1604991965957;5.670000076293945;"Bus743";"OPC_N3:09";"2020-11-10T07:06:05.957Z";"2020-11-10T07:06:05.957Z";
-1.671220726;48.155766854;-1.671175325;48.15560839;1604988357742;1604988357742;5.480000019073486;"Bus700";"OPC_N3:20";"2020-11-10T06:05:57.742Z";"2020-11-10T06:05:57.742Z";
-1.67146501;48.155413648;-1.671463834;48.15537556;1604988343673;1604988343673;5.78000020980835;"Bus700";"OPC_N3:20";"2020-11-10T06:05:43.673Z";"2020-11-10T06:05:43.673Z";
-1.671449223;48.155319668;-1.671435789;48.155313864;1604988329628;1604988329628;5.860000133514404;"Bus700";"OPC_N3:20";"2020-11-10T06:05:29.628Z";"2020-11-10T06:05:29.628Z";
-1.647110317;48.111464947;-1.647110317;48.111464947;1604991921868;1604991921868;7.679999828338623;"Bus743";"OPC_N3:09";"2020-11-10T07:05:21.868Z";"2020-11-10T07:05:21.868Z";
-1.651323494;48.110440469;-1.651323494;48.110440469;1604991877756;1604991877756;9.039999961853027;"Bus743";"OPC_N3:09";"2020-11-10T07:04:37.756Z";"2020-11-10T07:04:37.756Z";
-1.671435789;48.155313864;-1.671435789;48.155313864;1604988249343;1604988249343;10.260000228881836;"Bus700";"OPC_N3:20";"2020-11-10T06:04:09.343Z";"2020-11-10T06:04:09.343Z";
-1.671435789;48.15531406;-1.671422354;48.155313864;1604988235295;1604988235295;8.100000381469727;"Bus700";"OPC_N3:20";"2020-11-10T06:03:55.295Z";"2020-11-10T06:03:55.295Z";
-1.657731216;48.109990676;-1.657731216;48.109990676;1604991833662;1604991833662;8.199999809265137;"Bus743";"OPC_N3:09";"2020-11-10T07:03:53.662Z";"2020-11-10T07:03:53.662Z";
-1.671422354;48.15531406;-1.671422354;48.15531406;1604988221231;1604988221231;9.859999656677246;"Bus700";"OPC_N3:20";"2020-11-10T06:03:41.231Z";"2020-11-10T06:03:41.231Z";
-1.671422354;48.15531406;-1.671422354;48.15531406;1604988207184;1604988207184;11.430000305175781;"Bus700";"OPC_N3:20";"2020-11-10T06:03:27.184Z";"2020-11-10T06:03:27.184Z";
-1.671408919;48.155327147;-1.671395877;48.155314255;1604988193123;1604988193123;9.149999618530273;"Bus700";"OPC_N3:20";"2020-11-10T06:03:13.123Z";"2020-11-10T06:03:13.123Z";
-1.671378914;48.15542682;-1.671055305;48.155099482;1604988179081;1604988179081;9.579999923706055;"Bus700";"OPC_N3:20";"2020-11-10T06:02:59.081Z";"2020-11-10T06:02:59.081Z";
-1.671474601;48.156824874;-1.67136124;48.156309913;1604988140972;1604988140972;8.489999771118164;"Bus700";"OPC_N3:20";"2020-11-10T06:02:20.972Z";"2020-11-10T06:02:20.972Z";
-1.672102408;48.158433372;-1.671725346;48.157165156;1604988126901;1604988126901;6.710000038146973;"Bus700";"OPC_N3:20";"2020-11-10T06:02:06.901Z";"2020-11-10T06:02:06.901Z";
-1.668079023;48.11004253;-1.668079023;48.11004253;1604991701388;1604991701388;9.489999771118164;"Bus743";"OPC_N3:09";"2020-11-10T07:01:41.388Z";"2020-11-10T07:01:41.388Z";
-1.67208142;48.158949785;-1.672038267;48.158624205;1604988098807;1604988098807;5.260000228881836;"Bus700";"OPC_N3:20";"2020-11-10T06:01:38.807Z";"2020-11-10T06:01:38.807Z";
-1.673211487;48.159107516;-1.672594622;48.159054431;1604988084746;1604988084746;5.96999979019165;"Bus700";"OPC_N3:20";"2020-11-10T06:01:24.746Z";"2020-11-10T06:01:24.746Z";
-1.674834455;48.159015214;-1.67374813;48.158911881;1604988070696;1604988070696;6.199999809265137;"Bus700";"OPC_N3:20";"2020-11-10T06:01:10.696Z";"2020-11-10T06:01:10.696Z";
-1.67603691;48.159068287;-1.675441417;48.158961247;1604988056624;1604988056624;5.690000057220459;"Bus700";"OPC_N3:20";"2020-11-10T06:00:56.624Z";"2020-11-10T06:00:56.624Z";
-1.683764375;48.159287653;-1.677167474;48.1588297;1604988042565;1604988042565;5.5;"Bus700";"OPC_N3:20";"2020-11-10T06:00:42.565Z";"2020-11-10T06:00:42.565Z";
-1.675447045;48.109861183;-1.675447045;48.109861183;1604991613163;1604991613163;9.640000343322754;"Bus743";"OPC_N3:09";"2020-11-10T07:00:13.163Z";"2020-11-10T07:00:13.163Z";
-1.685085015;48.158916524;-1.6844243;48.158861997;1604987986353;1604987986353;6.369999885559082;"Bus700";"OPC_N3:20";"2020-11-10T05:59:46.353Z";"2020-11-10T05:59:46.353Z";
-1.68766381;48.158815321;-1.686331757;48.156237239;1604987972317;1604987972317;6.369999885559082;"Bus700";"OPC_N3:20";"2020-11-10T05:59:32.317Z";"2020-11-10T05:59:32.317Z";
-1.687021966;48.155767363;-1.686576977;48.154067618;1604987930170;1604987930170;6.690000057220459;"Bus700";"OPC_N3:20";"2020-11-10T05:58:50.170Z";"2020-11-10T05:58:50.170Z";
-1.68018653;48.109500274;-1.68018653;48.109500274;1604991524965;1604991524965;10.550000190734863;"Bus743";"OPC_N3:09";"2020-11-10T06:58:44.965Z";"2020-11-10T06:58:44.965Z";
-1.686392825;48.153369605;-1.685936024;48.151726836;1604987902049;1604987902049;7.960000038146973;"Bus700";"OPC_N3:20";"2020-11-10T05:58:22.049Z";"2020-11-10T05:58:22.049Z";
-1.679013244;48.1093516;-1.679013244;48.1093516;1604991480871;1604991480871;10.539999961853027;"Bus743";"OPC_N3:09";"2020-11-10T06:58:00.871Z";"2020-11-10T06:58:00.871Z";
-1.685906706;48.15092695;-1.685614376;48.148382111;1604987873951;1604987873951;5.420000076293945;"Bus700";"OPC_N3:20";"2020-11-10T05:57:53.951Z";"2020-11-10T05:57:53.951Z";
-1.686154382;48.147916472;-1.685972279;48.146931535;1604987835846;1604987835846;5.300000190734863;"Bus700";"OPC_N3:20";"2020-11-10T05:57:15.846Z";"2020-11-10T05:57:15.846Z";
-1.68629539;48.146408416;-1.686217973;48.145891795;1604987821767;1604987821767;5.610000133514404;"Bus700";"OPC_N3:20";"2020-11-10T05:57:01.767Z";"2020-11-10T05:57:01.767Z";
-1.686447834;48.144864947;-1.686423357;48.144374506;1604987807728;1604987807728;6.409999847412109;"Bus700";"OPC_N3:20";"2020-11-10T05:56:47.728Z";"2020-11-10T05:56:47.728Z";
-1.686536641;48.143727474;-1.686242773;48.14214473;1604987793661;1604987793661;5.619999885559082;"Bus700";"OPC_N3:20";"2020-11-10T05:56:33.661Z";"2020-11-10T05:56:33.661Z";
-1.677876246;48.109369133;-1.677876246;48.109369133;1604991392662;1604991392662;11.670000076293945;"Bus743";"OPC_N3:09";"2020-11-10T06:56:32.662Z";"2020-11-10T06:56:32.662Z";
-1.686578852;48.141469151;-1.686554788;48.140564146;1604987765553;1604987765553;7.429999828338623;"Bus700";"OPC_N3:20";"2020-11-10T05:56:05.553Z";"2020-11-10T05:56:05.553Z";
-1.679394547;48.109781609;-1.679394547;48.109781609;1604991348574;1604991348574;10.710000038146973;"Bus743";"OPC_N3:09";"2020-11-10T06:55:48.574Z";"2020-11-10T06:55:48.574Z";
-1.686349657;48.138076892;-1.686107113;48.13765318;1604987727455;1604987727455;5.690000057220459;"Bus700";"OPC_N3:20";"2020-11-10T05:55:27.455Z";"2020-11-10T05:55:27.455Z";
-1.686271016;48.136923953;-1.686072708;48.136206743;1604987713398;1604987713398;5.489999771118164;"Bus700";"OPC_N3:20";"2020-11-10T05:55:13.398Z";"2020-11-10T05:55:13.398Z";
-1.68593603;48.135718665;-1.685601851;48.134502757;1604987699340;1604987699340;5.730000019073486;"Bus700";"OPC_N3:20";"2020-11-10T05:54:59.340Z";"2020-11-10T05:54:59.340Z";
-1.685495201;48.134109853;-1.684503036;48.130882252;1604987685297;1604987685297;5.800000190734863;"Bus700";"OPC_N3:20";"2020-11-10T05:54:45.297Z";"2020-11-10T05:54:45.297Z";
-1.684138506;48.130002344;-1.68394894;48.129534439;1604987643096;1604987643096;8.619999885559082;"Bus700";"OPC_N3:20";"2020-11-10T05:54:03.096Z";"2020-11-10T05:54:03.096Z";
-1.683686317;48.128883072;-1.682865673;48.128000991;1604987629048;1604987629048;8.579999923706055;"Bus700";"OPC_N3:20";"2020-11-10T05:53:49.048Z";"2020-11-10T05:53:49.048Z";
-1.6828791;48.12803455;-1.682865673;48.128034353;1604987604982;1604987604982;10.180000305175781;"Bus700";"OPC_N3:20";"2020-11-10T05:53:24.982Z";"2020-11-10T05:53:24.982Z";
-1.682879495;48.128041047;-1.682879495;48.128041047;1604987590948;1604987590948;10.479999542236328;"Bus700";"OPC_N3:20";"2020-11-10T05:53:10.948Z";"2020-11-10T05:53:10.948Z";
-1.682866462;48.128194184;-1.682373585;48.128047938;1604987562837;1604987562837;11.199999809265137;"Bus700";"OPC_N3:20";"2020-11-10T05:52:42.837Z";"2020-11-10T05:52:42.837Z";
-1.68099445;48.129250491;-1.680041828;48.128785277;1604987548770;1604987548770;11.270000457763672;"Bus700";"OPC_N3:20";"2020-11-10T05:52:28.770Z";"2020-11-10T05:52:28.770Z";
-1.679420165;48.130295447;-1.677805156;48.129546427;1604987534732;1604987534732;11.140000343322754;"Bus700";"OPC_N3:20";"2020-11-10T05:52:14.732Z";"2020-11-10T05:52:14.732Z";
-1.677232854;48.130636204;-1.676579194;48.130474934;1604987520663;1604987520663;10.899999618530273;"Bus700";"OPC_N3:20";"2020-11-10T05:52:00.663Z";"2020-11-10T05:52:00.663Z";
-1.676099704;48.130932777;-1.675500929;48.13076422;1604987506617;1604987506617;8.140000343322754;"Bus700";"OPC_N3:20";"2020-11-10T05:51:46.617Z";"2020-11-10T05:51:46.617Z";
-1.673793474;48.131463345;-1.672990902;48.131344036;1604987478507;1604987478507;11.029999732971191;"Bus700";"OPC_N3:20";"2020-11-10T05:51:18.507Z";"2020-11-10T05:51:18.507Z";
-1.672198618;48.131474878;-1.671726267;48.131423544;1604987464454;1604987464454;11.890000343322754;"Bus700";"OPC_N3:20";"2020-11-10T05:51:04.454Z";"2020-11-10T05:51:04.454Z";
-1.671726267;48.131423544;-1.669498937;48.130697006;1604987450409;1604987450409;9.970000267028809;"Bus700";"OPC_N3:20";"2020-11-10T05:50:50.409Z";"2020-11-10T05:50:50.409Z";
-1.667533586;48.129816711;-1.666673157;48.129413235;1604987422353;1604987422353;13.350000381469727;"Bus700";"OPC_N3:20";"2020-11-10T05:50:22.353Z";"2020-11-10T05:50:22.353Z";
-1.665037201;48.128738756;-1.662614125;48.128228771;1604987408273;1604987408273;12.6899995803833;"Bus700";"OPC_N3:20";"2020-11-10T05:50:08.273Z";"2020-11-10T05:50:08.273Z";
-1.673125388;48.10415946;-1.673125388;48.10415946;1604990995791;1604990995791;9.609999656677246;"Bus743";"OPC_N3:09";"2020-11-10T06:49:55.791Z";"2020-11-10T06:49:55.791Z";
-1.672818655;48.104233445;-1.672818655;48.104233445;1604990951670;1604990951670;8.8100004196167;"Bus743";"OPC_N3:09";"2020-11-10T06:49:11.670Z";"2020-11-10T06:49:11.670Z";
-1.660861901;48.128098201;-1.660012064;48.128019476;1604987352058;1604987352058;9.359999656677246;"Bus700";"OPC_N3:20";"2020-11-10T05:49:12.058Z";"2020-11-10T05:49:12.058Z";
-1.655391226;48.127668791;-1.653965184;48.127588407;1604987299872;1604987299872;11.119999885559082;"Bus700";"OPC_N3:20";"2020-11-10T05:48:19.872Z";"2020-11-10T05:48:19.872Z";
-1.653304905;48.127539704;-1.652752824;48.127502841;1604987285839;1604987285839;11.710000038146973;"Bus700";"OPC_N3:20";"2020-11-10T05:48:05.839Z";"2020-11-10T05:48:05.839Z";
-1.651847879;48.127776598;-1.651542791;48.127487439;1604987271773;1604987271773;9.789999961853027;"Bus700";"OPC_N3:20";"2020-11-10T05:47:51.773Z";"2020-11-10T05:47:51.773Z";
-1.652753078;48.127239932;-1.6523407;48.127118984;1604987257737;1604987257737;10.5;"Bus700";"OPC_N3:20";"2020-11-10T05:47:37.737Z";"2020-11-10T05:47:37.737Z";
-1.654533596;48.12677191;-1.653359503;48.126105107;1604987243667;1604987243667;11.760000228881836;"Bus700";"OPC_N3:20";"2020-11-10T05:47:23.667Z";"2020-11-10T05:47:23.667Z";
-1.654901799;48.125942574;-1.654770243;48.125763854;1604987229599;1604987229599;13.0600004196167;"Bus700";"OPC_N3:20";"2020-11-10T05:47:09.599Z";"2020-11-10T05:47:09.599Z";
-1.664245049;48.10454897;-1.664245049;48.10454897;1604990819400;1604990819400;10.649999618530273;"Bus743";"OPC_N3:09";"2020-11-10T06:46:59.400Z";"2020-11-10T06:46:59.400Z";
-1.654371936;48.125662161;-1.653776879;48.125543009;1604987215529;1604987215529;8.369999885559082;"Bus700";"OPC_N3:20";"2020-11-10T05:46:55.529Z";"2020-11-10T05:46:55.529Z";
-1.653836574;48.125324183;-1.652949691;48.122850842;1604987201489;1604987201489;6.5;"Bus700";"OPC_N3:20";"2020-11-10T05:46:41.489Z";"2020-11-10T05:46:41.489Z";
-1.661930459;48.103190976;-1.661930459;48.103190976;1604990776496;1604990776496;9.329999923706055;"Bus743";"OPC_N3:09";"2020-11-10T06:46:16.496Z";"2020-11-10T06:46:16.496Z";
-1.653843798;48.122665512;-1.652910796;48.122481009;1604987163376;1604987163376;8.869999885559082;"Bus700";"OPC_N3:20";"2020-11-10T05:46:03.376Z";"2020-11-10T05:46:03.376Z";
-1.652342633;48.122367467;-1.651490973;48.122219194;1604987149313;1604987149313;9.770000457763672;"Bus700";"OPC_N3:20";"2020-11-10T05:45:49.313Z";"2020-11-10T05:45:49.313Z";
-1.651264276;48.122279265;-1.651164874;48.122108865;1604987135272;1604987135272;11.329999923706055;"Bus700";"OPC_N3:20";"2020-11-10T05:45:35.272Z";"2020-11-10T05:45:35.272Z";
-1.660958481;48.102630649;-1.660958481;48.102630649;1604990732399;1604990732399;11.699999809265137;"Bus743";"OPC_N3:09";"2020-11-10T06:45:32.399Z";"2020-11-10T06:45:32.399Z";
-1.651015788;48.12119575;-1.650838425;48.120664803;1604987121220;1604987121220;14.350000381469727;"Bus700";"OPC_N3:20";"2020-11-10T05:45:21.220Z";"2020-11-10T05:45:21.220Z";
-1.650313046;48.119744388;-1.650111937;48.119339412;1604987107165;1604987107165;12.960000038146973;"Bus700";"OPC_N3:20";"2020-11-10T05:45:07.165Z";"2020-11-10T05:45:07.165Z";
-1.649870556;48.118929011;-1.649870556;48.118929011;1604987093082;1604987093082;11.729999542236328;"Bus700";"OPC_N3:20";"2020-11-10T05:44:53.082Z";"2020-11-10T05:44:53.082Z";
-1.660711065;48.10246771;-1.660711065;48.10246771;1604990688287;1604990688287;9.430000305175781;"Bus743";"OPC_N3:09";"2020-11-10T06:44:48.287Z";"2020-11-10T06:44:48.287Z";
-1.649870556;48.118929011;-1.649870556;48.118929011;1604987079036;1604987079036;12.9399995803833;"Bus700";"OPC_N3:20";"2020-11-10T05:44:39.036Z";"2020-11-10T05:44:39.036Z";
-1.649870556;48.118929204;-1.649857131;48.1189232;1604987064981;1604987064981;12.270000457763672;"Bus700";"OPC_N3:20";"2020-11-10T05:44:24.981Z";"2020-11-10T05:44:24.981Z";
-1.642730249;48.110168955;-1.642730249;48.110168955;1605160573284;1605160573284;7.989999771118164;"Bus742";"OPC_N3:12";"2020-11-12T05:56:13.284Z";"2020-11-12T05:56:13.284Z";
-1.649857131;48.1189232;-1.649856744;48.118916507;1604987040926;1604987040926;13.3100004196167;"Bus700";"OPC_N3:20";"2020-11-10T05:44:00.926Z";"2020-11-10T05:44:00.926Z";
-1.649843319;48.118904693;-1.649842932;48.118891996;1604987026852;1604987026852;15.5600004196167;"Bus700";"OPC_N3:20";"2020-11-10T05:43:46.852Z";"2020-11-10T05:43:46.852Z";
-1.64982912;48.118867484;-1.649527083;48.118229311;1604987012836;1604987012836;15.25;"Bus700";"OPC_N3:20";"2020-11-10T05:43:32.836Z";"2020-11-10T05:43:32.836Z";
-1.649229305;48.117736806;-1.648684375;48.116655451;1604986998787;1604986998787;15.529999732971191;"Bus700";"OPC_N3:20";"2020-11-10T05:43:18.787Z";"2020-11-10T05:43:18.787Z";
-1.648519315;48.116110229;-1.648298534;48.115081728;1604986984735;1604986984735;14.930000305175781;"Bus700";"OPC_N3:20";"2020-11-10T05:43:04.735Z";"2020-11-10T05:43:04.735Z";
-1.648204081;48.114637806;-1.648082395;48.114187576;1604986970136;1604986970136;15;"Bus700";"OPC_N3:20";"2020-11-10T05:42:50.136Z";"2020-11-10T05:42:50.136Z";
-1.652695171;48.101231984;-1.652695171;48.101231984;1604990555976;1604990555976;10.279999732971191;"Bus743";"OPC_N3:09";"2020-11-10T06:42:35.976Z";"2020-11-10T06:42:35.976Z";
-1.647617388;48.113482217;-1.646962915;48.11268673;1604986956108;1604986956108;15.470000267028809;"Bus700";"OPC_N3:20";"2020-11-10T05:42:36.108Z";"2020-11-10T05:42:36.108Z";
-1.644822675;48.112394919;-1.643368293;48.112040718;1604986903929;1604986903929;12.149999618530273;"Bus700";"OPC_N3:20";"2020-11-10T05:41:43.929Z";"2020-11-10T05:41:43.929Z";
-1.643240164;48.111819218;-1.643183003;48.111705714;1604986875816;1604986875816;4.690000057220459;"Bus700";"OPC_N3:20";"2020-11-10T05:41:15.816Z";"2020-11-10T05:41:15.816Z";
-1.642929058;48.111326886;-1.642872284;48.111232083;1604986861771;1604986861771;3.890000104904175;"Bus700";"OPC_N3:20";"2020-11-10T05:41:01.771Z";"2020-11-10T05:41:01.771Z";
-1.642830859;48.111194568;-1.642801317;48.11102882;1604986847697;1604986847697;4.150000095367432;"Bus700";"OPC_N3:20";"2020-11-10T05:40:47.697Z";"2020-11-10T05:40:47.697Z";
-1.643274933;48.11098231;-1.642944739;48.110805758;1604986833651;1604986833651;5.03000020980835;"Bus700";"OPC_N3:20";"2020-11-10T05:40:33.651Z";"2020-11-10T05:40:33.651Z";
-1.643531075;48.110621773;-1.643188232;48.110437649;1604986819607;1604986819607;5.519999980926514;"Bus700";"OPC_N3:20";"2020-11-10T05:40:19.607Z";"2020-11-10T05:40:19.607Z";
-1.644602622;48.110420343;-1.643852848;48.110346101;1604986805539;1604986805539;7.090000152587891;"Bus700";"OPC_N3:20";"2020-11-10T05:40:05.539Z";"2020-11-10T05:40:05.539Z";
-1.644753361;48.110451568;-1.644753361;48.110451568;1604986781456;1604986781456;6.170000076293945;"Bus700";"OPC_N3:20";"2020-11-10T05:39:41.456Z";"2020-11-10T05:39:41.456Z";
-1.645299853;48.098982892;-1.645299853;48.098982892;1604990379601;1604990379601;7.71999979019165;"Bus743";"OPC_N3:09";"2020-11-10T06:39:39.601Z";"2020-11-10T06:39:39.601Z";
-1.644753361;48.110451568;-1.644753361;48.110451568;1604986767418;1604986767418;5.900000095367432;"Bus700";"OPC_N3:20";"2020-11-10T05:39:27.418Z";"2020-11-10T05:39:27.418Z";
-1.644753361;48.110451568;-1.644753361;48.110451568;1604986753346;1604986753346;6.900000095367432;"Bus700";"OPC_N3:20";"2020-11-10T05:39:13.346Z";"2020-11-10T05:39:13.346Z";
-1.644753361;48.110451568;-1.644753361;48.110451568;1604986739313;1604986739313;6.760000228881836;"Bus700";"OPC_N3:20";"2020-11-10T05:38:59.313Z";"2020-11-10T05:38:59.313Z";
-1.644753361;48.110451568;-1.644753361;48.110451568;1604986725246;1604986725246;5.340000152587891;"Bus700";"OPC_N3:20";"2020-11-10T05:38:45.246Z";"2020-11-10T05:38:45.246Z";
-1.644753361;48.11045176;-1.644739938;48.110451568;1604986711195;1604986711195;6.099999904632568;"Bus700";"OPC_N3:20";"2020-11-10T05:38:31.195Z";"2020-11-10T05:38:31.195Z";
-1.644739938;48.11045176;-1.644739938;48.11045176;1604986697132;1604986697132;4.960000038146973;"Bus700";"OPC_N3:20";"2020-11-10T05:38:17.132Z";"2020-11-10T05:38:17.132Z";
-1.641752117;48.097277029;-1.641752117;48.097277029;1604990291388;1604990291388;8.859999656677246;"Bus743";"OPC_N3:09";"2020-11-10T06:38:11.388Z";"2020-11-10T06:38:11.388Z";
-1.644739938;48.110457765;-1.644739938;48.110457765;1604986683091;1604986683091;5.179999828338623;"Bus700";"OPC_N3:20";"2020-11-10T05:38:03.091Z";"2020-11-10T05:38:03.091Z";
-1.644739938;48.110457765;-1.644739938;48.110457765;1604986669035;1604986669035;5.829999923706055;"Bus700";"OPC_N3:20";"2020-11-10T05:37:49.035Z";"2020-11-10T05:37:49.035Z";
-1.644739938;48.110457765;-1.644739938;48.110457765;1604986654981;1604986654981;4.829999923706055;"Bus700";"OPC_N3:20";"2020-11-10T05:37:34.981Z";"2020-11-10T05:37:34.981Z";
-1.644739938;48.110457765;-1.644739938;48.110457765;1604986640927;1604986640927;4.570000171661377;"Bus700";"OPC_N3:20";"2020-11-10T05:37:20.927Z";"2020-11-10T05:37:20.927Z";
-1.644739938;48.110457765;-1.644739938;48.110457765;1604986626871;1604986626871;4.900000095367432;"Bus700";"OPC_N3:20";"2020-11-10T05:37:06.871Z";"2020-11-10T05:37:06.871Z";
-1.644739938;48.110457765;-1.644739938;48.110457765;1604986612833;1604986612833;3.8399999141693115;"Bus700";"OPC_N3:20";"2020-11-10T05:36:52.833Z";"2020-11-10T05:36:52.833Z";
-1.636937444;48.095014054;-1.636937444;48.095014054;1604990203191;1604990203191;8.880000114440918;"Bus743";"OPC_N3:09";"2020-11-10T06:36:43.191Z";"2020-11-10T06:36:43.191Z";
-1.644739938;48.11046377;-1.644739938;48.110457765;1604986598797;1604986598797;3.8399999141693115;"Bus700";"OPC_N3:20";"2020-11-10T05:36:38.797Z";"2020-11-10T05:36:38.797Z";
-1.644739938;48.11046377;-1.644739938;48.11046377;1604986584756;1604986584756;3.359999895095825;"Bus700";"OPC_N3:20";"2020-11-10T05:36:24.756Z";"2020-11-10T05:36:24.756Z";
-1.644739938;48.11046377;-1.644739938;48.11046377;1604986570691;1604986570691;3.2699999809265137;"Bus700";"OPC_N3:20";"2020-11-10T05:36:10.691Z";"2020-11-10T05:36:10.691Z";
-1.634711793;48.094298161;-1.634711793;48.094298161;1604990159096;1604990159096;6.639999866485596;"Bus743";"OPC_N3:09";"2020-11-10T06:35:59.096Z";"2020-11-10T06:35:59.096Z";
-1.644739938;48.11046377;-1.644739938;48.11046377;1604986556643;1604986556643;3.190000057220459;"Bus700";"OPC_N3:20";"2020-11-10T05:35:56.643Z";"2020-11-10T05:35:56.643Z";
-1.644739938;48.11046377;-1.644739938;48.11046377;1604986542579;1604986542579;3.319999933242798;"Bus700";"OPC_N3:20";"2020-11-10T05:35:42.579Z";"2020-11-10T05:35:42.579Z";
-1.644739938;48.11046377;-1.644739938;48.11046377;1604986528537;1604986528537;4.269999980926514;"Bus700";"OPC_N3:20";"2020-11-10T05:35:28.537Z";"2020-11-10T05:35:28.537Z";
-1.629498544;48.092485343;-1.629498544;48.092485343;1604990115032;1604990115032;9.430000305175781;"Bus743";"OPC_N3:09";"2020-11-10T06:35:15.032Z";"2020-11-10T06:35:15.032Z";
-1.644740323;48.110470462;-1.644740323;48.110470462;1604986500420;1604986500420;4.840000152587891;"Bus700";"OPC_N3:20";"2020-11-10T05:35:00.420Z";"2020-11-10T05:35:00.420Z";
-1.644740323;48.110470462;-1.644740323;48.110464457;1604986486368;1604986486368;5.329999923706055;"Bus700";"OPC_N3:20";"2020-11-10T05:34:46.368Z";"2020-11-10T05:34:46.368Z";
-1.626715709;48.091559878;-1.626715709;48.091559878;1604990070916;1604990070916;7.78000020980835;"Bus743";"OPC_N3:09";"2020-11-10T06:34:30.916Z";"2020-11-10T06:34:30.916Z";
-1.644740323;48.110470462;-1.644740323;48.110470462;1604986462315;1604986462315;4.119999885559082;"Bus700";"OPC_N3:20";"2020-11-10T05:34:22.315Z";"2020-11-10T05:34:22.315Z";
-1.644739938;48.11046377;-1.644739938;48.11046377;1604986448255;1604986448255;3.2899999618530273;"Bus700";"OPC_N3:20";"2020-11-10T05:34:08.255Z";"2020-11-10T05:34:08.255Z";
-1.644739938;48.110457765;-1.644739938;48.110457765;1604986434217;1604986434217;3.109999895095825;"Bus700";"OPC_N3:20";"2020-11-10T05:33:54.217Z";"2020-11-10T05:33:54.217Z";
-1.644740323;48.110464457;-1.644739938;48.110457765;1604986420146;1604986420146;3.009999990463257;"Bus700";"OPC_N3:20";"2020-11-10T05:33:40.146Z";"2020-11-10T05:33:40.146Z";
-1.644753746;48.110464265;-1.644753746;48.110464265;1604986406077;1604986406077;4.150000095367432;"Bus700";"OPC_N3:20";"2020-11-10T05:33:26.077Z";"2020-11-10T05:33:26.077Z";
-1.644753746;48.110464265;-1.644753746;48.110464265;1604986392017;1604986392017;3.869999885559082;"Bus700";"OPC_N3:20";"2020-11-10T05:33:12.017Z";"2020-11-10T05:33:12.017Z";
-1.644753746;48.110464265;-1.644753361;48.110457573;1604986377967;1604986377967;4.119999885559082;"Bus700";"OPC_N3:20";"2020-11-10T05:32:57.967Z";"2020-11-10T05:32:57.967Z";
-1.644753361;48.110457573;-1.644753361;48.110457573;1604986363903;1604986363903;3.4700000286102295;"Bus700";"OPC_N3:20";"2020-11-10T05:32:43.903Z";"2020-11-10T05:32:43.903Z";
-1.644753361;48.110463577;-1.644753361;48.110463577;1604986349864;1604986349864;2.450000047683716;"Bus700";"OPC_N3:20";"2020-11-10T05:32:29.864Z";"2020-11-10T05:32:29.864Z";
-1.644753361;48.110463577;-1.644753361;48.110463577;1604986335796;1604986335796;2.1500000953674316;"Bus700";"OPC_N3:20";"2020-11-10T05:32:15.796Z";"2020-11-10T05:32:15.796Z";
-1.644753361;48.110457573;-1.644753361;48.110457573;1604986311758;1604986311758;2.299999952316284;"Bus700";"OPC_N3:20";"2020-11-10T05:31:51.758Z";"2020-11-10T05:31:51.758Z";
-1.644753361;48.110457573;-1.644753361;48.110457573;1604986283637;1604986283637;3.9100000858306885;"Bus700";"OPC_N3:20";"2020-11-10T05:31:23.637Z";"2020-11-10T05:31:23.637Z";
-1.644753361;48.110457573;-1.644753361;48.110457573;1604986269589;1604986269589;4.53000020980835;"Bus700";"OPC_N3:20";"2020-11-10T05:31:09.589Z";"2020-11-10T05:31:09.589Z";
-1.644753361;48.110457573;-1.644753361;48.110457573;1604986241472;1604986241472;2.359999895095825;"Bus700";"OPC_N3:20";"2020-11-10T05:30:41.472Z";"2020-11-10T05:30:41.472Z";
-1.644753361;48.110463577;-1.644753361;48.110457573;1604986227425;1604986227425;3.3399999141693115;"Bus700";"OPC_N3:20";"2020-11-10T05:30:27.425Z";"2020-11-10T05:30:27.425Z";
-1.644753361;48.110463577;-1.644753361;48.110463577;1604986213407;1604986213407;3.609999895095825;"Bus700";"OPC_N3:20";"2020-11-10T05:30:13.407Z";"2020-11-10T05:30:13.407Z";
-1.644753361;48.110463577;-1.644753361;48.110463577;1604986199316;1604986199316;2.6600000858306885;"Bus700";"OPC_N3:20";"2020-11-10T05:29:59.316Z";"2020-11-10T05:29:59.316Z";
-1.644753361;48.110463577;-1.644753361;48.110463577;1604986185250;1604986185250;2.130000114440918;"Bus700";"OPC_N3:20";"2020-11-10T05:29:45.250Z";"2020-11-10T05:29:45.250Z";
-1.644753361;48.110463577;-1.644753361;48.110463577;1604986161216;1604986161216;2.0299999713897705;"Bus700";"OPC_N3:20";"2020-11-10T05:29:21.216Z";"2020-11-10T05:29:21.216Z";
-1.644753361;48.110469582;-1.644753361;48.110469582;1604986147143;1604986147143;2.630000114440918;"Bus700";"OPC_N3:20";"2020-11-10T05:29:07.143Z";"2020-11-10T05:29:07.143Z";
-1.603779532;48.08555346;-1.603779532;48.08555346;1604989453513;1604989453513;10.100000381469727;"Bus743";"OPC_N3:09";"2020-11-10T06:24:13.513Z";"2020-11-10T06:24:13.513Z";
-1.604185048;48.085613373;-1.604185048;48.085613373;1604989365327;1604989365327;8.619999885559082;"Bus743";"OPC_N3:09";"2020-11-10T06:22:45.327Z";"2020-11-10T06:22:45.327Z";
-1.642677326;48.110147078;-1.642677326;48.110147078;1604989141717;1604989141717;12.09000015258789;"Bus742";"OPC_N3:12";"2020-11-10T06:19:01.717Z";"2020-11-10T06:19:01.717Z";
-1.642677326;48.110141073;-1.642677326;48.110141073;1604989117688;1604989117688;12.09000015258789;"Bus742";"OPC_N3:12";"2020-11-10T06:18:37.688Z";"2020-11-10T06:18:37.688Z";
-1.642690749;48.110146886;-1.642690749;48.110146886;1604989093655;1604989093655;12.09000015258789;"Bus742";"OPC_N3:12";"2020-11-10T06:18:13.655Z";"2020-11-10T06:18:13.655Z";
-1.642677326;48.110141073;-1.642677326;48.110141073;1604989069627;1604989069627;12.09000015258789;"Bus742";"OPC_N3:12";"2020-11-10T06:17:49.627Z";"2020-11-10T06:17:49.627Z";
-1.609515426;48.084757948;-1.609515426;48.084757948;1604989056650;1604989056650;10.979999542236328;"Bus743";"OPC_N3:09";"2020-11-10T06:17:36.650Z";"2020-11-10T06:17:36.650Z";
-1.642677326;48.110141073;-1.642677326;48.110141073;1604989045604;1604989045604;12.09000015258789;"Bus742";"OPC_N3:12";"2020-11-10T06:17:25.604Z";"2020-11-10T06:17:25.604Z";
-1.642677326;48.110141073;-1.642677326;48.110141073;1604989021574;1604989021574;12.09000015258789;"Bus742";"OPC_N3:12";"2020-11-10T06:17:01.574Z";"2020-11-10T06:17:01.574Z";
-1.642677326;48.110147078;-1.642677326;48.110147078;1604988997544;1604988997544;12.09000015258789;"Bus742";"OPC_N3:12";"2020-11-10T06:16:37.544Z";"2020-11-10T06:16:37.544Z";
-1.642677326;48.110147078;-1.642677326;48.110147078;1604988973518;1604988973518;12.09000015258789;"Bus742";"OPC_N3:12";"2020-11-10T06:16:13.518Z";"2020-11-10T06:16:13.518Z";
-1.642677326;48.110147078;-1.642677326;48.110147078;1604988949484;1604988949484;12.09000015258789;"Bus742";"OPC_N3:12";"2020-11-10T06:15:49.484Z";"2020-11-10T06:15:49.484Z";
-1.642677326;48.110147078;-1.642677326;48.110147078;1604988925457;1604988925457;12.09000015258789;"Bus742";"OPC_N3:12";"2020-11-10T06:15:25.457Z";"2020-11-10T06:15:25.457Z";
-1.642676941;48.110140386;-1.642676941;48.110140386;1604988901426;1604988901426;12.09000015258789;"Bus742";"OPC_N3:12";"2020-11-10T06:15:01.426Z";"2020-11-10T06:15:01.426Z";
-1.642677326;48.110147078;-1.642677326;48.110147078;1604988877408;1604988877408;12.09000015258789;"Bus742";"OPC_N3:12";"2020-11-10T06:14:37.408Z";"2020-11-10T06:14:37.408Z";
-1.642677326;48.110147078;-1.642677326;48.110147078;1604988853366;1604988853366;12.09000015258789;"Bus742";"OPC_N3:12";"2020-11-10T06:14:13.366Z";"2020-11-10T06:14:13.366Z";
-1.642677326;48.110147078;-1.642677326;48.110147078;1604988829345;1604988829345;12.09000015258789;"Bus742";"OPC_N3:12";"2020-11-10T06:13:49.345Z";"2020-11-10T06:13:49.345Z";
-1.642677326;48.110147078;-1.642677326;48.110147078;1604988805319;1604988805319;12.09000015258789;"Bus742";"OPC_N3:12";"2020-11-10T06:13:25.319Z";"2020-11-10T06:13:25.319Z";
-1.642677326;48.110147078;-1.642677326;48.110147078;1604988781278;1604988781278;13.010000228881836;"Bus742";"OPC_N3:12";"2020-11-10T06:13:01.278Z";"2020-11-10T06:13:01.278Z";
-1.642677326;48.110147078;-1.642677326;48.110147078;1604988757253;1604988757253;13.010000228881836;"Bus742";"OPC_N3:12";"2020-11-10T06:12:37.253Z";"2020-11-10T06:12:37.253Z";
-1.642677326;48.110147078;-1.642677326;48.110147078;1604988733230;1604988733230;13.010000228881836;"Bus742";"OPC_N3:12";"2020-11-10T06:12:13.230Z";"2020-11-10T06:12:13.230Z";
-1.642677326;48.110141073;-1.642677326;48.110141073;1604988709211;1604988709211;13.010000228881836;"Bus742";"OPC_N3:12";"2020-11-10T06:11:49.211Z";"2020-11-10T06:11:49.211Z";
-1.642677326;48.110141073;-1.642677326;48.110141073;1604988685241;1604988685241;13.010000228881836;"Bus742";"OPC_N3:12";"2020-11-10T06:11:25.241Z";"2020-11-10T06:11:25.241Z";
-1.609938503;48.101356291;-1.609938503;48.101356291;1604988615633;1604988615633;13.09000015258789;"Bus743";"OPC_N3:09";"2020-11-10T06:10:15.633Z";"2020-11-10T06:10:15.633Z";
-1.616644501;48.107753454;-1.616644501;48.107753454;1604988527465;1604988527465;9.239999771118164;"Bus743";"OPC_N3:09";"2020-11-10T06:08:47.465Z";"2020-11-10T06:08:47.465Z";
-1.642232436;48.110089926;-1.642232436;48.110089926;1604988516924;1604988516924;12.050000190734863;"Bus742";"OPC_N3:12";"2020-11-10T06:08:36.924Z";"2020-11-10T06:08:36.924Z";
-1.642008475;48.110238859;-1.642008475;48.110238859;1604988492852;1604988492852;11.289999961853027;"Bus742";"OPC_N3:12";"2020-11-10T06:08:12.852Z";"2020-11-10T06:08:12.852Z";
-1.618819331;48.111108125;-1.618819331;48.111108125;1604988483341;1604988483341;9.489999771118164;"Bus743";"OPC_N3:09";"2020-11-10T06:08:03.341Z";"2020-11-10T06:08:03.341Z";
-1.642008475;48.110232854;-1.642008475;48.110232854;1604988468758;1604988468758;10.239999771118164;"Bus742";"OPC_N3:12";"2020-11-10T06:07:48.758Z";"2020-11-10T06:07:48.758Z";
-1.641760317;48.110026463;-1.641760317;48.110026463;1604988444699;1604988444699;9.600000381469727;"Bus742";"OPC_N3:12";"2020-11-10T06:07:24.699Z";"2020-11-10T06:07:24.699Z";
-1.624134954;48.111417642;-1.624134954;48.111417642;1604988439281;1604988439281;11.859999656677246;"Bus743";"OPC_N3:09";"2020-11-10T06:07:19.281Z";"2020-11-10T06:07:19.281Z";
-1.64077235;48.109791839;-1.64077235;48.109791839;1604988420506;1604988420506;0.07000000029802322;"Bus742";"OPC_N3:12";"2020-11-10T06:07:00.506Z";"2020-11-10T06:07:00.506Z";
-1.631138913;48.112009894;-1.631138913;48.112009894;1604988395166;1604988395166;9.199999809265137;"Bus743";"OPC_N3:09";"2020-11-10T06:06:35.166Z";"2020-11-10T06:06:35.166Z";
-1.637909844;48.112752397;-1.637909844;48.112752397;1604988351081;1604988351081;10;"Bus743";"OPC_N3:09";"2020-11-10T06:05:51.081Z";"2020-11-10T06:05:51.081Z";
-1.644071534;48.110892749;-1.644071534;48.110892749;1604988348325;1604988348325;11.850000381469727;"Bus742";"OPC_N3:12";"2020-11-10T06:05:48.325Z";"2020-11-10T06:05:48.325Z";
-1.64290937;48.110252771;-1.64290937;48.110252771;1604988324271;1604988324271;11.300000190734863;"Bus742";"OPC_N3:12";"2020-11-10T06:05:24.271Z";"2020-11-10T06:05:24.271Z";
-1.642589384;48.112465726;-1.642589384;48.112465726;1604988306952;1604988306952;8.529999732971191;"Bus743";"OPC_N3:09";"2020-11-10T06:05:06.952Z";"2020-11-10T06:05:06.952Z";
-1.642543479;48.110155689;-1.642543479;48.110155689;1604988276127;1604988276127;11.829999923706055;"Bus742";"OPC_N3:12";"2020-11-10T06:04:36.127Z";"2020-11-10T06:04:36.127Z";
-1.642543479;48.110155689;-1.642543479;48.110155689;1604988252098;1604988252098;11.829999923706055;"Bus742";"OPC_N3:12";"2020-11-10T06:04:12.098Z";"2020-11-10T06:04:12.098Z";
-1.642543479;48.110155689;-1.642543479;48.110155689;1604988228068;1604988228068;11.829999923706055;"Bus742";"OPC_N3:12";"2020-11-10T06:03:48.068Z";"2020-11-10T06:03:48.068Z";
-1.64313718;48.110218796;-1.64313718;48.110218796;1604988218754;1604988218754;8.050000190734863;"Bus743";"OPC_N3:09";"2020-11-10T06:03:38.754Z";"2020-11-10T06:03:38.754Z";
-1.642543479;48.110155689;-1.642543479;48.110155689;1604988204035;1604988204035;11.829999923706055;"Bus742";"OPC_N3:12";"2020-11-10T06:03:24.035Z";"2020-11-10T06:03:24.035Z";
-1.642543479;48.110155689;-1.642543479;48.110155689;1604988180064;1604988180064;11.829999923706055;"Bus742";"OPC_N3:12";"2020-11-10T06:03:00.064Z";"2020-11-10T06:03:00.064Z";
-1.643580916;48.110237854;-1.643580916;48.110237854;1604988175903;1604988175903;10.789999961853027;"Bus743";"OPC_N3:09";"2020-11-10T06:02:55.903Z";"2020-11-10T06:02:55.903Z";
-1.642543479;48.110155689;-1.642543479;48.110155689;1604988131950;1604988131950;11.829999923706055;"Bus742";"OPC_N3:12";"2020-11-10T06:02:11.950Z";"2020-11-10T06:02:11.950Z";
-1.642543479;48.110155689;-1.642543479;48.110155689;1604988107933;1604988107933;11.829999923706055;"Bus742";"OPC_N3:12";"2020-11-10T06:01:47.933Z";"2020-11-10T06:01:47.933Z";
-1.64359434;48.110243667;-1.64359434;48.110243667;1604988087710;1604988087710;9.6899995803833;"Bus743";"OPC_N3:09";"2020-11-10T06:01:27.710Z";"2020-11-10T06:01:27.710Z";
-1.642543479;48.110155689;-1.642543479;48.110155689;1604988083898;1604988083898;11.829999923706055;"Bus742";"OPC_N3:12";"2020-11-10T06:01:23.898Z";"2020-11-10T06:01:23.898Z";
-1.643593955;48.110236975;-1.643593955;48.110236975;1604988043619;1604988043619;14.010000228881836;"Bus743";"OPC_N3:09";"2020-11-10T06:00:43.619Z";"2020-11-10T06:00:43.619Z";
-1.643593955;48.110236975;-1.643593955;48.110236975;1604987955407;1604987955407;8.890000343322754;"Bus743";"OPC_N3:09";"2020-11-10T05:59:15.407Z";"2020-11-10T05:59:15.407Z";
-1.643593955;48.110236975;-1.643593955;48.110236975;1604987911214;1604987911214;10.09000015258789;"Bus743";"OPC_N3:09";"2020-11-10T05:58:31.214Z";"2020-11-10T05:58:31.214Z";
-1.64359434;48.110243667;-1.64359434;48.110243667;1604987867125;1604987867125;8.720000267028809;"Bus743";"OPC_N3:09";"2020-11-10T05:57:47.125Z";"2020-11-10T05:57:47.125Z";
-1.642530441;48.110168578;-1.642530441;48.110168578;1604987867675;1604987867675;10.75;"Bus742";"OPC_N3:12";"2020-11-10T05:57:47.675Z";"2020-11-10T05:57:47.675Z";
-1.643523372;48.110129667;-1.643523372;48.110129667;1604987737338;1604987737338;10.619999885559082;"Bus742";"OPC_N3:12";"2020-11-10T05:55:37.338Z";"2020-11-10T05:55:37.338Z";
-1.643633069;48.110204312;-1.643633069;48.110204312;1604987664906;1604987664906;11.829999923706055;"Bus742";"OPC_N3:12";"2020-11-10T05:54:24.906Z";"2020-11-10T05:54:24.906Z";
-1.643633069;48.110204312;-1.643633069;48.110204312;1604987640783;1604987640783;10.989999771118164;"Bus742";"OPC_N3:12";"2020-11-10T05:54:00.783Z";"2020-11-10T05:54:00.783Z";
-1.643633069;48.110204312;-1.643633069;48.110204312;1604987616611;1604987616611;11.779999732971191;"Bus742";"OPC_N3:12";"2020-11-10T05:53:36.611Z";"2020-11-10T05:53:36.611Z";
-1.643633069;48.110204312;-1.643633069;48.110204312;1604987592426;1604987592426;0.05999999865889549;"Bus742";"OPC_N3:12";"2020-11-10T05:53:12.426Z";"2020-11-10T05:53:12.426Z";
-1.643633069;48.110204312;-1.643633069;48.110204312;1604987544350;1604987544350;12.15999984741211;"Bus742";"OPC_N3:12";"2020-11-10T05:52:24.350Z";"2020-11-10T05:52:24.350Z";
-1.643633069;48.110204312;-1.643633069;48.110204312;1604987496197;1604987496197;12.350000381469727;"Bus742";"OPC_N3:12";"2020-11-10T05:51:36.197Z";"2020-11-10T05:51:36.197Z";
-1.643633069;48.110204312;-1.643633069;48.110204312;1604987472071;1604987472071;11.470000267028809;"Bus742";"OPC_N3:12";"2020-11-10T05:51:12.071Z";"2020-11-10T05:51:12.071Z";
-1.643633069;48.110204312;-1.643633069;48.110204312;1604987448034;1604987448034;11.470000267028809;"Bus742";"OPC_N3:12";"2020-11-10T05:50:48.034Z";"2020-11-10T05:50:48.034Z";
-1.643633069;48.110204312;-1.643633069;48.110204312;1604987424024;1604987424024;11.470000267028809;"Bus742";"OPC_N3:12";"2020-11-10T05:50:24.024Z";"2020-11-10T05:50:24.024Z";
-1.643633069;48.110204312;-1.643633069;48.110204312;1604987399997;1604987399997;11.470000267028809;"Bus742";"OPC_N3:12";"2020-11-10T05:49:59.997Z";"2020-11-10T05:49:59.997Z";
-1.643633069;48.110204312;-1.643633069;48.110204312;1604987375901;1604987375901;12.039999961853027;"Bus742";"OPC_N3:12";"2020-11-10T05:49:35.901Z";"2020-11-10T05:49:35.901Z";
-1.643633069;48.110204312;-1.643633069;48.110204312;1604987351826;1604987351826;11.5;"Bus742";"OPC_N3:12";"2020-11-10T05:49:11.826Z";"2020-11-10T05:49:11.826Z";
-1.643632683;48.11019762;-1.643632683;48.11019762;1604987303631;1604987303631;12.65999984741211;"Bus742";"OPC_N3:12";"2020-11-10T05:48:23.631Z";"2020-11-10T05:48:23.631Z";
-1.643646107;48.110197428;-1.643646107;48.110197428;1604987279558;1604987279558;13.449999809265137;"Bus742";"OPC_N3:12";"2020-11-10T05:47:59.558Z";"2020-11-10T05:47:59.558Z";
-1.643632683;48.11019762;-1.643632683;48.11019762;1604987255507;1604987255507;13.350000381469727;"Bus742";"OPC_N3:12";"2020-11-10T05:47:35.507Z";"2020-11-10T05:47:35.507Z";
-1.643632683;48.11019762;-1.643632683;48.11019762;1604987231407;1604987231407;13.3100004196167;"Bus742";"OPC_N3:12";"2020-11-10T05:47:11.407Z";"2020-11-10T05:47:11.407Z";
-1.643632683;48.11019762;-1.643632683;48.11019762;1604987207324;1604987207324;13.6899995803833;"Bus742";"OPC_N3:12";"2020-11-10T05:46:47.324Z";"2020-11-10T05:46:47.324Z";
-1.643632683;48.11019762;-1.643632683;48.11019762;1604987183242;1604987183242;11.069999694824219;"Bus742";"OPC_N3:12";"2020-11-10T05:46:23.242Z";"2020-11-10T05:46:23.242Z";
-1.643632683;48.11019762;-1.643632683;48.11019762;1604987159153;1604987159153;12.960000038146973;"Bus742";"OPC_N3:12";"2020-11-10T05:45:59.153Z";"2020-11-10T05:45:59.153Z";
-1.643632683;48.11019762;-1.643632683;48.11019762;1604987135049;1604987135049;12.579999923706055;"Bus742";"OPC_N3:12";"2020-11-10T05:45:35.049Z";"2020-11-10T05:45:35.049Z";
-1.643632683;48.11019762;-1.643632683;48.11019762;1604987111001;1604987111001;11.449999809265137;"Bus742";"OPC_N3:12";"2020-11-10T05:45:11.001Z";"2020-11-10T05:45:11.001Z";
-1.643632683;48.110191615;-1.643632683;48.110191615;1604987086908;1604987086908;12.020000457763672;"Bus742";"OPC_N3:12";"2020-11-10T05:44:46.908Z";"2020-11-10T05:44:46.908Z";
-1.643632683;48.11019762;-1.643632683;48.11019762;1604987062841;1604987062841;12.010000228881836;"Bus742";"OPC_N3:12";"2020-11-10T05:44:22.841Z";"2020-11-10T05:44:22.841Z";
-1.643632683;48.11019762;-1.643632683;48.11019762;1604987038748;1604987038748;10.470000267028809;"Bus742";"OPC_N3:12";"2020-11-10T05:43:58.748Z";"2020-11-10T05:43:58.748Z";
-1.643646107;48.110191423;-1.643646107;48.110191423;1604987014666;1604987014666;10.1899995803833;"Bus742";"OPC_N3:12";"2020-11-10T05:43:34.666Z";"2020-11-10T05:43:34.666Z";
-1.643646107;48.110191423;-1.643646107;48.110191423;1604986990564;1604986990564;11.119999885559082;"Bus742";"OPC_N3:12";"2020-11-10T05:43:10.564Z";"2020-11-10T05:43:10.564Z";
-1.643646107;48.110191423;-1.643646107;48.110191423;1604986942409;1604986942409;9.079999923706055;"Bus742";"OPC_N3:12";"2020-11-10T05:42:22.409Z";"2020-11-10T05:42:22.409Z";
-1.643646107;48.110185419;-1.643646107;48.110185419;1604986894250;1604986894250;8.329999923706055;"Bus742";"OPC_N3:12";"2020-11-10T05:41:34.250Z";"2020-11-10T05:41:34.250Z";
-1.643646107;48.110185419;-1.643646107;48.110185419;1604986845983;1604986845983;8.329999923706055;"Bus742";"OPC_N3:12";"2020-11-10T05:40:45.983Z";"2020-11-10T05:40:45.983Z";
-1.643646107;48.110185419;-1.643646107;48.110185419;1604986821921;1604986821921;6.820000171661377;"Bus742";"OPC_N3:12";"2020-11-10T05:40:21.921Z";"2020-11-10T05:40:21.921Z";
-1.685997693;48.123473693;-1.684421319;48.121984925;1605023976554;1605023976554;4.25;"Bus700";"OPC_N3:20";"2020-11-10T15:59:36.554Z";"2020-11-10T15:59:36.554Z";
-1.690002115;48.121876166;-1.686075087;48.117500521;1605023912339;1605023912339;3.630000114440918;"Bus700";"OPC_N3:20";"2020-11-10T15:58:32.339Z";"2020-11-10T15:58:32.339Z";
-1.691647982;48.117435361;-1.690066862;48.115601637;1605023783936;1605023783936;2.5299999713897705;"Bus700";"OPC_N3:20";"2020-11-10T15:56:23.936Z";"2020-11-10T15:56:23.936Z";
-1.693448793;48.114918637;-1.690594125;48.111641002;1605023719734;1605023719734;3.3499999046325684;"Bus700";"OPC_N3:20";"2020-11-10T15:55:19.734Z";"2020-11-10T15:55:19.734Z";
-1.689573957;48.112347619;-1.685306905;48.110216073;1605023591295;1605023591295;3.359999895095825;"Bus700";"OPC_N3:20";"2020-11-10T15:53:11.295Z";"2020-11-10T15:53:11.295Z";
-1.684944486;48.110221388;-1.683842234;48.10983695;1605023462927;1605023462927;4.369999885559082;"Bus700";"OPC_N3:20";"2020-11-10T15:51:02.927Z";"2020-11-10T15:51:02.927Z";
-1.6838296;48.109895015;-1.682244522;48.109835948;1605023398746;1605023398746;1.600000023841858;"Bus700";"OPC_N3:20";"2020-11-10T15:49:58.746Z";"2020-11-10T15:49:58.746Z";
-1.68118136;48.109831764;-1.678153745;48.109657043;1605023334546;1605023334546;1.6100000143051147;"Bus700";"OPC_N3:20";"2020-11-10T15:48:54.546Z";"2020-11-10T15:48:54.546Z";
-1.678153745;48.109663244;-1.678153352;48.109656552;1605023270297;1605023270297;1.5299999713897705;"Bus700";"OPC_N3:20";"2020-11-10T15:47:50.297Z";"2020-11-10T15:47:50.297Z";
-1.678166382;48.109668562;-1.678152959;48.109628901;1605023206108;1605023206108;1.8799999952316284;"Bus700";"OPC_N3:20";"2020-11-10T15:46:46.108Z";"2020-11-10T15:46:46.108Z";
-1.643620801;48.110218576;-1.643620801;48.110218576;1605026647889;1605026647889;2.309999942779541;"Bus743";"OPC_N3:09";"2020-11-10T16:44:07.889Z";"2020-11-10T16:44:07.889Z";
-1.643620801;48.110218576;-1.643620801;48.110218576;1605026691939;1605026691939;2.309999942779541;"Bus743";"OPC_N3:09";"2020-11-10T16:44:51.939Z";"2020-11-10T16:44:51.939Z";
-1.643620801;48.110218576;-1.643620801;48.110218576;1605026735980;1605026735980;2.309999942779541;"Bus743";"OPC_N3:09";"2020-11-10T16:45:35.980Z";"2020-11-10T16:45:35.980Z";
-1.643620801;48.110218576;-1.643620801;48.110218576;1605026780013;1605026780013;2.309999942779541;"Bus743";"OPC_N3:09";"2020-11-10T16:46:20.013Z";"2020-11-10T16:46:20.013Z";
-1.643620801;48.110218576;-1.643620801;48.110218576;1605027065709;1605027065709;4.130000114440918;"Bus743";"OPC_N3:09";"2020-11-10T16:51:05.709Z";"2020-11-10T16:51:05.709Z";
-1.643620801;48.110218576;-1.643620801;48.110218576;1605027142009;1605027142009;2.390000104904175;"Bus743";"OPC_N3:09";"2020-11-10T16:52:22.009Z";"2020-11-10T16:52:22.009Z";
-1.643620801;48.110218576;-1.643620801;48.110218576;1605027216160;1605027216160;2.309999942779541;"Bus743";"OPC_N3:09";"2020-11-10T16:53:36.160Z";"2020-11-10T16:53:36.160Z";
-1.643620801;48.110218576;-1.643620801;48.110218576;1605027290313;1605027290313;2.4100000858306885;"Bus743";"OPC_N3:09";"2020-11-10T16:54:50.313Z";"2020-11-10T16:54:50.313Z";
-1.643620801;48.110218576;-1.643620801;48.110218576;1605027364511;1605027364511;3.5;"Bus743";"OPC_N3:09";"2020-11-10T16:56:04.511Z";"2020-11-10T16:56:04.511Z";
-1.643620801;48.110218576;-1.643620801;48.110218576;1605027512817;1605027512817;3.130000114440918;"Bus743";"OPC_N3:09";"2020-11-10T16:58:32.817Z";"2020-11-10T16:58:32.817Z";
-1.643620801;48.110218576;-1.643620801;48.110218576;1605027661163;1605027661163;2.4800000190734863;"Bus743";"OPC_N3:09";"2020-11-10T17:01:01.163Z";"2020-11-10T17:01:01.163Z";
-1.643620801;48.110218576;-1.643620801;48.110218576;1605027957813;1605027957813;2.069999933242798;"Bus743";"OPC_N3:09";"2020-11-10T17:05:57.813Z";"2020-11-10T17:05:57.813Z";
-1.643620801;48.110218576;-1.643620801;48.110218576;1605028031971;1605028031971;2.0299999713897705;"Bus743";"OPC_N3:09";"2020-11-10T17:07:11.971Z";"2020-11-10T17:07:11.971Z";
-1.643620801;48.110218576;-1.643620801;48.110218576;1605028106145;1605028106145;1.9199999570846558;"Bus743";"OPC_N3:09";"2020-11-10T17:08:26.145Z";"2020-11-10T17:08:26.145Z";
-1.643620801;48.110218576;-1.643620801;48.110218576;1605028180296;1605028180296;2.0999999046325684;"Bus743";"OPC_N3:09";"2020-11-10T17:09:40.296Z";"2020-11-10T17:09:40.296Z";
-1.643620801;48.110218576;-1.643620801;48.110218576;1605028328641;1605028328641;2.7899999618530273;"Bus743";"OPC_N3:09";"2020-11-10T17:12:08.641Z";"2020-11-10T17:12:08.641Z";
-1.643620801;48.110218576;-1.643620801;48.110218576;1605028402810;1605028402810;3.0199999809265137;"Bus743";"OPC_N3:09";"2020-11-10T17:13:22.810Z";"2020-11-10T17:13:22.810Z";
-1.643620801;48.110218576;-1.643620801;48.110218576;1605028476943;1605028476943;4.139999866485596;"Bus743";"OPC_N3:09";"2020-11-10T17:14:36.943Z";"2020-11-10T17:14:36.943Z";
-1.643620801;48.110218576;-1.643620801;48.110218576;1605028551100;1605028551100;4.119999885559082;"Bus743";"OPC_N3:09";"2020-11-10T17:15:51.100Z";"2020-11-10T17:15:51.100Z";
-1.643620801;48.110218576;-1.643620801;48.110218576;1605028625286;1605028625286;4.03000020980835;"Bus743";"OPC_N3:09";"2020-11-10T17:17:05.286Z";"2020-11-10T17:17:05.286Z";
-1.643620801;48.110218576;-1.643620801;48.110218576;1605028773598;1605028773598;3.75;"Bus743";"OPC_N3:09";"2020-11-10T17:19:33.598Z";"2020-11-10T17:19:33.598Z";
-1.643620801;48.110218576;-1.643620801;48.110218576;1605028847739;1605028847739;3.0299999713897705;"Bus743";"OPC_N3:09";"2020-11-10T17:20:47.739Z";"2020-11-10T17:20:47.739Z";
-1.643620801;48.110218576;-1.643620801;48.110218576;1605028921903;1605028921903;3.1500000953674316;"Bus743";"OPC_N3:09";"2020-11-10T17:22:01.903Z";"2020-11-10T17:22:01.903Z";
-1.643620801;48.110218576;-1.643620801;48.110218576;1605028996079;1605028996079;3.890000104904175;"Bus743";"OPC_N3:09";"2020-11-10T17:23:16.079Z";"2020-11-10T17:23:16.079Z";
-1.643620801;48.110218576;-1.643620801;48.110218576;1605029144397;1605029144397;3.9700000286102295;"Bus743";"OPC_N3:09";"2020-11-10T17:25:44.397Z";"2020-11-10T17:25:44.397Z";
-1.643620801;48.110218576;-1.643620801;48.110218576;1605029218557;1605029218557;4.480000019073486;"Bus743";"OPC_N3:09";"2020-11-10T17:26:58.557Z";"2020-11-10T17:26:58.557Z";
-1.643620801;48.110218576;-1.643620801;48.110218576;1605029292751;1605029292751;3.359999895095825;"Bus743";"OPC_N3:09";"2020-11-10T17:28:12.751Z";"2020-11-10T17:28:12.751Z";
-1.643620801;48.110218576;-1.643620801;48.110218576;1605029366902;1605029366902;5.380000114440918;"Bus743";"OPC_N3:09";"2020-11-10T17:29:26.902Z";"2020-11-10T17:29:26.902Z";
-1.643620801;48.110218576;-1.643620801;48.110218576;1605029441059;1605029441059;4.440000057220459;"Bus743";"OPC_N3:09";"2020-11-10T17:30:41.059Z";"2020-11-10T17:30:41.059Z";
-1.643620801;48.110218576;-1.643620801;48.110218576;1605029515228;1605029515228;4.53000020980835;"Bus743";"OPC_N3:09";"2020-11-10T17:31:55.228Z";"2020-11-10T17:31:55.228Z";
-1.643620801;48.110218576;-1.643620801;48.110218576;1605029589417;1605029589417;3.2699999809265137;"Bus743";"OPC_N3:09";"2020-11-10T17:33:09.417Z";"2020-11-10T17:33:09.417Z";
-1.643620801;48.110218576;-1.643620801;48.110218576;1605029663569;1605029663569;3.1500000953674316;"Bus743";"OPC_N3:09";"2020-11-10T17:34:23.569Z";"2020-11-10T17:34:23.569Z";
-1.643620801;48.110218576;-1.643620801;48.110218576;1605029737725;1605029737725;4.199999809265137;"Bus743";"OPC_N3:09";"2020-11-10T17:35:37.725Z";"2020-11-10T17:35:37.725Z";
-1.643620801;48.110218576;-1.643620801;48.110218576;1605029811904;1605029811904;4.150000095367432;"Bus743";"OPC_N3:09";"2020-11-10T17:36:51.904Z";"2020-11-10T17:36:51.904Z";
-1.643620801;48.110218576;-1.643620801;48.110218576;1605029886056;1605029886056;2.880000114440918;"Bus743";"OPC_N3:09";"2020-11-10T17:38:06.056Z";"2020-11-10T17:38:06.056Z";
-1.643620801;48.110218576;-1.643620801;48.110218576;1605030034377;1605030034377;3.859999895095825;"Bus743";"OPC_N3:09";"2020-11-10T17:40:34.377Z";"2020-11-10T17:40:34.377Z";
-1.643620801;48.110218576;-1.643620801;48.110218576;1605030108540;1605030108540;3.490000009536743;"Bus743";"OPC_N3:09";"2020-11-10T17:41:48.540Z";"2020-11-10T17:41:48.540Z";
-1.643620801;48.110218576;-1.643620801;48.110218576;1605030182716;1605030182716;2.7300000190734863;"Bus743";"OPC_N3:09";"2020-11-10T17:43:02.716Z";"2020-11-10T17:43:02.716Z";
-1.643620801;48.110218576;-1.643620801;48.110218576;1605030256884;1605030256884;2.859999895095825;"Bus743";"OPC_N3:09";"2020-11-10T17:44:16.884Z";"2020-11-10T17:44:16.884Z";
-1.643620801;48.110218576;-1.643620801;48.110218576;1605030405201;1605030405201;3.059999942779541;"Bus743";"OPC_N3:09";"2020-11-10T17:46:45.201Z";"2020-11-10T17:46:45.201Z";
-1.643620801;48.110218576;-1.643620801;48.110218576;1605030479341;1605030479341;3.3299999237060547;"Bus743";"OPC_N3:09";"2020-11-10T17:47:59.341Z";"2020-11-10T17:47:59.341Z";
-1.643620801;48.110218576;-1.643620801;48.110218576;1605030553531;1605030553531;4.309999942779541;"Bus743";"OPC_N3:09";"2020-11-10T17:49:13.531Z";"2020-11-10T17:49:13.531Z";
-1.643620801;48.110218576;-1.643620801;48.110218576;1605030627677;1605030627677;3.2799999713897705;"Bus743";"OPC_N3:09";"2020-11-10T17:50:27.677Z";"2020-11-10T17:50:27.677Z";
-1.643620801;48.110218576;-1.643620801;48.110218576;1605030701853;1605030701853;2.700000047683716;"Bus743";"OPC_N3:09";"2020-11-10T17:51:41.853Z";"2020-11-10T17:51:41.853Z";
-1.643620801;48.110218576;-1.643620801;48.110218576;1605030776006;1605030776006;4.170000076293945;"Bus743";"OPC_N3:09";"2020-11-10T17:52:56.006Z";"2020-11-10T17:52:56.006Z";
-1.643620801;48.110218576;-1.643620801;48.110218576;1605030850200;1605030850200;3.380000114440918;"Bus743";"OPC_N3:09";"2020-11-10T17:54:10.200Z";"2020-11-10T17:54:10.200Z";
-1.643620801;48.110218576;-1.643620801;48.110218576;1605030924348;1605030924348;5.099999904632568;"Bus743";"OPC_N3:09";"2020-11-10T17:55:24.348Z";"2020-11-10T17:55:24.348Z";
-1.643620801;48.110218576;-1.643620801;48.110218576;1605030998480;1605030998480;4.880000114440918;"Bus743";"OPC_N3:09";"2020-11-10T17:56:38.480Z";"2020-11-10T17:56:38.480Z";
-1.643620801;48.110218576;-1.643620801;48.110218576;1605031072661;1605031072661;4.079999923706055;"Bus743";"OPC_N3:09";"2020-11-10T17:57:52.661Z";"2020-11-10T17:57:52.661Z";
-1.643620801;48.110218576;-1.643620801;48.110218576;1605031146831;1605031146831;4.480000019073486;"Bus743";"OPC_N3:09";"2020-11-10T17:59:06.831Z";"2020-11-10T17:59:06.831Z";
-1.643620801;48.110218576;-1.643620801;48.110218576;1605031221000;1605031221000;2.6600000858306885;"Bus743";"OPC_N3:09";"2020-11-10T18:00:21.000Z";"2020-11-10T18:00:21.000Z";
-1.643620801;48.110218576;-1.643620801;48.110218576;1605031295149;1605031295149;3.1700000762939453;"Bus743";"OPC_N3:09";"2020-11-10T18:01:35.149Z";"2020-11-10T18:01:35.149Z";
-1.643620801;48.110218576;-1.643620801;48.110218576;1605031369319;1605031369319;3.119999885559082;"Bus743";"OPC_N3:09";"2020-11-10T18:02:49.319Z";"2020-11-10T18:02:49.319Z";
-1.643620801;48.110218576;-1.643620801;48.110218576;1605031443484;1605031443484;2.8299999237060547;"Bus743";"OPC_N3:09";"2020-11-10T18:04:03.484Z";"2020-11-10T18:04:03.484Z";
-1.643620801;48.110218576;-1.643620801;48.110218576;1605031517635;1605031517635;3.200000047683716;"Bus743";"OPC_N3:09";"2020-11-10T18:05:17.635Z";"2020-11-10T18:05:17.635Z";
-1.643620801;48.110218576;-1.643620801;48.110218576;1605031591809;1605031591809;3.630000114440918;"Bus743";"OPC_N3:09";"2020-11-10T18:06:31.809Z";"2020-11-10T18:06:31.809Z";
-1.643620801;48.110218576;-1.643620801;48.110218576;1605031740127;1605031740127;2.700000047683716;"Bus743";"OPC_N3:09";"2020-11-10T18:09:00.127Z";"2020-11-10T18:09:00.127Z";
-1.643620801;48.110218576;-1.643620801;48.110218576;1605031814303;1605031814303;3.25;"Bus743";"OPC_N3:09";"2020-11-10T18:10:14.303Z";"2020-11-10T18:10:14.303Z";
-1.643620801;48.110218576;-1.643620801;48.110218576;1605031888480;1605031888480;3.440000057220459;"Bus743";"OPC_N3:09";"2020-11-10T18:11:28.480Z";"2020-11-10T18:11:28.480Z";
-1.643620801;48.110218576;-1.643620801;48.110218576;1605031962641;1605031962641;4.21999979019165;"Bus743";"OPC_N3:09";"2020-11-10T18:12:42.641Z";"2020-11-10T18:12:42.641Z";
-1.643620801;48.110218576;-1.643620801;48.110218576;1605032036772;1605032036772;2.8299999237060547;"Bus743";"OPC_N3:09";"2020-11-10T18:13:56.772Z";"2020-11-10T18:13:56.772Z";
-1.643620801;48.110218576;-1.643620801;48.110218576;1605032110970;1605032110970;3.630000114440918;"Bus743";"OPC_N3:09";"2020-11-10T18:15:10.970Z";"2020-11-10T18:15:10.970Z";
-1.678177445;48.10962221;-1.677832493;48.108668568;1605023013535;1605023013535;2.3499999046325684;"Bus700";"OPC_N3:20";"2020-11-10T15:43:33.535Z";"2020-11-10T15:43:33.535Z";
-1.643620801;48.110218576;-1.643620801;48.110218576;1605026603863;1605026603863;2.309999942779541;"Bus743";"OPC_N3:09";"2020-11-10T16:43:23.863Z";"2020-11-10T16:43:23.863Z";
-1.643620801;48.110218576;-1.643620801;48.110218576;1605026559844;1605026559844;2.309999942779541;"Bus743";"OPC_N3:09";"2020-11-10T16:42:39.844Z";"2020-11-10T16:42:39.844Z";
-1.677872924;48.108350951;-1.676986721;48.10737949;1605022949299;1605022949299;4.889999866485596;"Bus700";"OPC_N3:20";"2020-11-10T15:42:29.299Z";"2020-11-10T15:42:29.299Z";
-1.676047167;48.107442121;-1.674618214;48.106885403;1605022885120;1605022885120;2.5899999141693115;"Bus700";"OPC_N3:20";"2020-11-10T15:41:25.120Z";"2020-11-10T15:41:25.120Z";
-1.643621186;48.110225268;-1.643621186;48.110225268;1605026471788;1605026471788;2.309999942779541;"Bus743";"OPC_N3:09";"2020-11-10T16:41:11.788Z";"2020-11-10T16:41:11.788Z";
-1.643621186;48.110225268;-1.643621186;48.110225268;1605026427748;1605026427748;1.8799999952316284;"Bus743";"OPC_N3:09";"2020-11-10T16:40:27.748Z";"2020-11-10T16:40:27.748Z";
-1.674378743;48.106148683;-1.674317993;48.105938743;1605022820933;1605022820933;2.9000000953674316;"Bus700";"OPC_N3:20";"2020-11-10T15:40:20.933Z";"2020-11-10T15:40:20.933Z";
-1.643621186;48.110225268;-1.643621186;48.110225268;1605026383724;1605026383724;1.8799999952316284;"Bus743";"OPC_N3:09";"2020-11-10T16:39:43.724Z";"2020-11-10T16:39:43.724Z";
-1.67439617;48.105932051;-1.674102321;48.104680375;1605022756744;1605022756744;2.0899999141693115;"Bus700";"OPC_N3:20";"2020-11-10T15:39:16.744Z";"2020-11-10T15:39:16.744Z";
-1.673757371;48.10439255;-1.673010568;48.104071523;1605022692532;1605022692532;2.9000000953674316;"Bus700";"OPC_N3:20";"2020-11-10T15:38:12.532Z";"2020-11-10T15:38:12.532Z";
-1.67301096;48.104337253;-1.672335875;48.104105953;1605022628306;1605022628306;3.509999990463257;"Bus700";"OPC_N3:20";"2020-11-10T15:37:08.306Z";"2020-11-10T15:37:08.306Z";
-1.643621186;48.110231273;-1.643621186;48.110231273;1605026207527;1605026207527;2.990000009536743;"Bus743";"OPC_N3:09";"2020-11-10T16:36:47.527Z";"2020-11-10T16:36:47.527Z";
-1.643621186;48.110231273;-1.643621186;48.110231273;1605026163428;1605026163428;2.5999999046325684;"Bus743";"OPC_N3:09";"2020-11-10T16:36:03.428Z";"2020-11-10T16:36:03.428Z";
-1.67220166;48.104679479;-1.66719062;48.104190393;1605022564116;1605022564116;3.2899999618530273;"Bus700";"OPC_N3:20";"2020-11-10T15:36:04.116Z";"2020-11-10T15:36:04.116Z";
-1.643620801;48.110224581;-1.643620801;48.110224581;1605026119329;1605026119329;3.369999885559082;"Bus743";"OPC_N3:09";"2020-11-10T16:35:19.329Z";"2020-11-10T16:35:19.329Z";
-1.667204823;48.104761931;-1.656532143;48.09865863;1605022499935;1605022499935;3.3499999046325684;"Bus700";"OPC_N3:20";"2020-11-10T15:34:59.935Z";"2020-11-10T15:34:59.935Z";
-1.643620801;48.110230586;-1.643620801;48.110230586;1605026075227;1605026075227;2.4100000858306885;"Bus743";"OPC_N3:09";"2020-11-10T16:34:35.227Z";"2020-11-10T16:34:35.227Z";
-1.643620801;48.110230586;-1.643620801;48.110230586;1605026031138;1605026031138;2.549999952316284;"Bus743";"OPC_N3:09";"2020-11-10T16:33:51.138Z";"2020-11-10T16:33:51.138Z";
-1.643620801;48.110230586;-1.643620801;48.110230586;1605025987058;1605025987058;2.5999999046325684;"Bus743";"OPC_N3:09";"2020-11-10T16:33:07.058Z";"2020-11-10T16:33:07.058Z";
-1.6561601;48.098364446;-1.654027049;48.097201611;1605022306963;1605022306963;4.25;"Bus700";"OPC_N3:20";"2020-11-10T15:31:46.963Z";"2020-11-10T15:31:46.963Z";
-1.643607763;48.11023747;-1.643607763;48.11023747;1605025854766;1605025854766;2.7200000286102295;"Bus743";"OPC_N3:09";"2020-11-10T16:30:54.766Z";"2020-11-10T16:30:54.766Z";
-1.653589095;48.096958488;-1.647439666;48.092831017;1605022242721;1605022242721;2.0299999713897705;"Bus700";"OPC_N3:20";"2020-11-10T15:30:42.721Z";"2020-11-10T15:30:42.721Z";
-1.643607763;48.11023747;-1.643607763;48.11023747;1605025810658;1605025810658;2.9000000953674316;"Bus743";"OPC_N3:09";"2020-11-10T16:30:10.658Z";"2020-11-10T16:30:10.658Z";
-1.643607763;48.11023747;-1.643607763;48.11023747;1605025722441;1605025722441;4.739999771118164;"Bus743";"OPC_N3:09";"2020-11-10T16:28:42.441Z";"2020-11-10T16:28:42.441Z";
-1.64743928;48.092824327;-1.645076095;48.090741276;1605022114320;1605022114320;2.3399999141693115;"Bus700";"OPC_N3:20";"2020-11-10T15:28:34.320Z";"2020-11-10T15:28:34.320Z";
-1.643607763;48.11023747;-1.643607763;48.11023747;1605025678370;1605025678370;5.590000152587891;"Bus743";"OPC_N3:09";"2020-11-10T16:27:58.370Z";"2020-11-10T16:27:58.370Z";
-1.644775436;48.090135162;-1.644593035;48.088291562;1605022050118;1605022050118;2.7799999713897705;"Bus700";"OPC_N3:20";"2020-11-10T15:27:30.118Z";"2020-11-10T15:27:30.118Z";
-1.643607763;48.11023747;-1.643607763;48.11023747;1605025634278;1605025634278;4.920000076293945;"Bus743";"OPC_N3:09";"2020-11-10T16:27:14.278Z";"2020-11-10T16:27:14.278Z";
-1.643607763;48.11023747;-1.643607763;48.11023747;1605025590170;1605025590170;5.25;"Bus743";"OPC_N3:09";"2020-11-10T16:26:30.170Z";"2020-11-10T16:26:30.170Z";
-1.644578076;48.088246973;-1.642131056;48.087424812;1605021985889;1605021985889;2.680000066757202;"Bus700";"OPC_N3:20";"2020-11-10T15:26:25.889Z";"2020-11-10T15:26:25.889Z";
-1.643621186;48.110237278;-1.643621186;48.110237278;1605025546066;1605025546066;5.139999866485596;"Bus743";"OPC_N3:09";"2020-11-10T16:25:46.066Z";"2020-11-10T16:25:46.066Z";
-1.641773019;48.088953927;-1.636411046;48.087754837;1605021921699;1605021921699;2.869999885559082;"Bus700";"OPC_N3:20";"2020-11-10T15:25:21.699Z";"2020-11-10T15:25:21.699Z";
-1.643621186;48.110231273;-1.643621186;48.110231273;1605025501960;1605025501960;4.679999828338623;"Bus743";"OPC_N3:09";"2020-11-10T16:25:01.960Z";"2020-11-10T16:25:01.960Z";
-1.643621186;48.110231273;-1.643621186;48.110231273;1605025457852;1605025457852;4.25;"Bus743";"OPC_N3:09";"2020-11-10T16:24:17.852Z";"2020-11-10T16:24:17.852Z";
-1.636127716;48.091881146;-1.634364574;48.089169124;1605021857490;1605021857490;3.6500000953674316;"Bus700";"OPC_N3:20";"2020-11-10T15:24:17.490Z";"2020-11-10T15:24:17.490Z";
-1.643621186;48.110231273;-1.643621186;48.110231273;1605025413762;1605025413762;4;"Bus743";"OPC_N3:09";"2020-11-10T16:23:33.762Z";"2020-11-10T16:23:33.762Z";
-1.64005325;48.093399205;-1.637244514;48.091954843;1605021793311;1605021793311;1.7899999618530273;"Bus700";"OPC_N3:20";"2020-11-10T15:23:13.311Z";"2020-11-10T15:23:13.311Z";
-1.643621186;48.110231273;-1.643621186;48.110231273;1605025369654;1605025369654;4.960000038146973;"Bus743";"OPC_N3:09";"2020-11-10T16:22:49.654Z";"2020-11-10T16:22:49.654Z";
-1.638448796;48.096546182;-1.63696736;48.094004266;1605021729124;1605021729124;1.6399999856948853;"Bus700";"OPC_N3:20";"2020-11-10T15:22:09.124Z";"2020-11-10T15:22:09.124Z";
-1.643621186;48.110231273;-1.643621186;48.110231273;1605025325544;1605025325544;5.289999961853027;"Bus743";"OPC_N3:09";"2020-11-10T16:22:05.544Z";"2020-11-10T16:22:05.544Z";
-1.643621186;48.110231273;-1.643621186;48.110231273;1605025281453;1605025281453;7.46999979019165;"Bus743";"OPC_N3:09";"2020-11-10T16:21:21.453Z";"2020-11-10T16:21:21.453Z";
-1.63709657;48.096240193;-1.637083151;48.096240002;1605021664867;1605021664867;1.399999976158142;"Bus700";"OPC_N3:20";"2020-11-10T15:21:04.867Z";"2020-11-10T15:21:04.867Z";
-1.63709657;48.096240193;-1.637083151;48.096240002;1605021600715;1605021600715;1.909999966621399;"Bus700";"OPC_N3:20";"2020-11-10T15:20:00.715Z";"2020-11-10T15:20:00.715Z";
-1.643621186;48.110225268;-1.643621186;48.110225268;1605025149215;1605025149215;6.25;"Bus743";"OPC_N3:09";"2020-11-10T16:19:09.215Z";"2020-11-10T16:19:09.215Z";
-1.637083534;48.096246883;-1.637083151;48.096240193;1605021536495;1605021536495;0.9599999785423279;"Bus700";"OPC_N3:20";"2020-11-10T15:18:56.495Z";"2020-11-10T15:18:56.495Z";
-1.643621186;48.110225268;-1.643621186;48.110225268;1605025095028;1605025095028;6.309999942779541;"Bus743";"OPC_N3:09";"2020-11-10T16:18:15.028Z";"2020-11-10T16:18:15.028Z";
-1.637083151;48.096240384;-1.637069347;48.0962397;1605021472300;1605021472300;1.2699999809265137;"Bus700";"OPC_N3:20";"2020-11-10T15:17:52.300Z";"2020-11-10T15:17:52.300Z";
-1.643621186;48.110225268;-1.643621186;48.110225268;1605025050918;1605025050918;6.739999771118164;"Bus743";"OPC_N3:09";"2020-11-10T16:17:30.918Z";"2020-11-10T16:17:30.918Z";
-1.643621186;48.110225268;-1.643621186;48.110225268;1605025006823;1605025006823;6.630000114440918;"Bus743";"OPC_N3:09";"2020-11-10T16:16:46.823Z";"2020-11-10T16:16:46.823Z";
-1.637069347;48.0962397;-1.637069347;48.096233693;1605021408102;1605021408102;1.690000057220459;"Bus700";"OPC_N3:20";"2020-11-10T15:16:48.102Z";"2020-11-10T15:16:48.102Z";
-1.643621186;48.110225268;-1.643621186;48.110225268;1605024962728;1605024962728;5.590000152587891;"Bus743";"OPC_N3:09";"2020-11-10T16:16:02.728Z";"2020-11-10T16:16:02.728Z";
-1.637250317;48.096240384;-1.637069347;48.095984448;1605021343886;1605021343886;1.2400000095367432;"Bus700";"OPC_N3:20";"2020-11-10T15:15:43.886Z";"2020-11-10T15:15:43.886Z";
-1.643621186;48.110225268;-1.643621186;48.110225268;1605024918666;1605024918666;3.680000066757202;"Bus743";"OPC_N3:09";"2020-11-10T16:15:18.666Z";"2020-11-10T16:15:18.666Z";
-1.637250317;48.095984448;-1.637250317;48.095984448;1605021279702;1605021279702;1.649999976158142;"Bus700";"OPC_N3:20";"2020-11-10T15:14:39.702Z";"2020-11-10T15:14:39.702Z";
-1.643621186;48.110225268;-1.643621186;48.110225268;1605024874554;1605024874554;4.150000095367432;"Bus743";"OPC_N3:09";"2020-11-10T16:14:34.554Z";"2020-11-10T16:14:34.554Z";
-1.643621186;48.110225268;-1.643621186;48.110225268;1605024820425;1605024820425;4.210000038146973;"Bus743";"OPC_N3:09";"2020-11-10T16:13:40.425Z";"2020-11-10T16:13:40.425Z";
-1.637263736;48.095984257;-1.637263736;48.095984257;1605021215513;1605021215513;1.440000057220459;"Bus700";"OPC_N3:20";"2020-11-10T15:13:35.513Z";"2020-11-10T15:13:35.513Z";
-1.643620801;48.110218576;-1.643620801;48.110218576;1605024776296;1605024776296;4.639999866485596;"Bus743";"OPC_N3:09";"2020-11-10T16:12:56.296Z";"2020-11-10T16:12:56.296Z";
-1.637263736;48.095984257;-1.637263736;48.095978251;1605021151330;1605021151330;2.950000047683716;"Bus700";"OPC_N3:20";"2020-11-10T15:12:31.330Z";"2020-11-10T15:12:31.330Z";
-1.643620801;48.110218576;-1.643620801;48.110218576;1605024732206;1605024732206;4.559999942779541;"Bus743";"OPC_N3:09";"2020-11-10T16:12:12.206Z";"2020-11-10T16:12:12.206Z";
-1.643620801;48.110218576;-1.643620801;48.110218576;1605024688091;1605024688091;4.28000020980835;"Bus743";"OPC_N3:09";"2020-11-10T16:11:28.091Z";"2020-11-10T16:11:28.091Z";
-1.637263736;48.095978251;-1.637263736;48.095972244;1605021087114;1605021087114;2.7899999618530273;"Bus700";"OPC_N3:20";"2020-11-10T15:11:27.114Z";"2020-11-10T15:11:27.114Z";
-1.643620801;48.110218576;-1.643620801;48.110218576;1605024644014;1605024644014;5.599999904632568;"Bus743";"OPC_N3:09";"2020-11-10T16:10:44.014Z";"2020-11-10T16:10:44.014Z";
-1.639867693;48.095863896;-1.637314346;48.092340873;1605021022905;1605021022905;4.519999980926514;"Bus700";"OPC_N3:20";"2020-11-10T15:10:22.905Z";"2020-11-10T15:10:22.905Z";
-1.643620801;48.110218576;-1.643620801;48.110218576;1605024555819;1605024555819;5.159999847412109;"Bus743";"OPC_N3:09";"2020-11-10T16:09:15.819Z";"2020-11-10T16:09:15.819Z";
-1.64371823;48.11031349;-1.64371823;48.11031349;1605024511723;1605024511723;4.320000171661377;"Bus743";"OPC_N3:09";"2020-11-10T16:08:31.723Z";"2020-11-10T16:08:31.723Z";
-1.64430806;48.092194413;-1.634416333;48.087406955;1605020894533;1605020894533;3.4600000381469727;"Bus700";"OPC_N3:20";"2020-11-10T15:08:14.533Z";"2020-11-10T15:08:14.533Z";
-1.643255018;48.110956625;-1.643255018;48.110956625;1605024467589;1605024467589;3.680000066757202;"Bus743";"OPC_N3:09";"2020-11-10T16:07:47.589Z";"2020-11-10T16:07:47.589Z";
-1.646390464;48.111514299;-1.646390464;48.111514299;1605024379384;1605024379384;3.5399999618530273;"Bus743";"OPC_N3:09";"2020-11-10T16:06:19.384Z";"2020-11-10T16:06:19.384Z";
-1.645963385;48.091602491;-1.644642401;48.087502492;1605020637699;1605020637699;2.559999942779541;"Bus700";"OPC_N3:20";"2020-11-10T15:03:57.699Z";"2020-11-10T15:03:57.699Z";
-1.671687061;48.109889162;-1.671687061;48.109889162;1605024203011;1605024203011;2.809999942779541;"Bus743";"OPC_N3:09";"2020-11-10T16:03:23.011Z";"2020-11-10T16:03:23.011Z";
-1.675018297;48.109886835;-1.675018297;48.109886835;1605024158914;1605024158914;2.690000057220459;"Bus743";"OPC_N3:09";"2020-11-10T16:02:38.914Z";"2020-11-10T16:02:38.914Z";
-1.651527514;48.095862231;-1.646197667;48.09179637;1605020509319;1605020509319;5.610000133514404;"Bus700";"OPC_N3:20";"2020-11-10T15:01:49.319Z";"2020-11-10T15:01:49.319Z";
-1.655479015;48.098019968;-1.652185192;48.096249317;1605020380904;1605020380904;5.78000020980835;"Bus700";"OPC_N3:20";"2020-11-10T14:59:40.904Z";"2020-11-10T14:59:40.904Z";
-1.658263267;48.100224458;-1.655997508;48.098273936;1605020316702;1605020316702;5.019999980926514;"Bus700";"OPC_N3:20";"2020-11-10T14:58:36.702Z";"2020-11-10T14:58:36.702Z";
-1.674497158;48.109940623;-1.674497158;48.109940623;1605023894284;1605023894284;3.9200000762939453;"Bus743";"OPC_N3:09";"2020-11-10T15:58:14.284Z";"2020-11-10T15:58:14.284Z";
-1.661695679;48.10296041;-1.659385318;48.101279425;1605020252522;1605020252522;4.559999942779541;"Bus700";"OPC_N3:20";"2020-11-10T14:57:32.522Z";"2020-11-10T14:57:32.522Z";
-1.666936391;48.104784415;-1.662339717;48.103328932;1605020188334;1605020188334;2.880000114440918;"Bus700";"OPC_N3:20";"2020-11-10T14:56:28.334Z";"2020-11-10T14:56:28.334Z";
-1.664846806;48.110172325;-1.664846806;48.110172325;1605023761986;1605023761986;2.380000114440918;"Bus743";"OPC_N3:09";"2020-11-10T15:56:01.986Z";"2020-11-10T15:56:01.986Z";
-1.673561147;48.104688373;-1.667405365;48.10419159;1605020124101;1605020124101;3.700000047683716;"Bus700";"OPC_N3:20";"2020-11-10T14:55:24.101Z";"2020-11-10T14:55:24.101Z";
-1.6632479;48.110174697;-1.6632479;48.110174697;1605023717887;1605023717887;2.0899999141693115;"Bus743";"OPC_N3:09";"2020-11-10T15:55:17.887Z";"2020-11-10T15:55:17.887Z";
-1.673904356;48.105463181;-1.673574961;48.104507082;1605019995705;1605019995705;5.670000076293945;"Bus700";"OPC_N3:20";"2020-11-10T14:53:15.705Z";"2020-11-10T14:53:15.705Z";
-1.649982056;48.110821647;-1.649982056;48.110821647;1605023585580;1605023585580;4.099999904632568;"Bus743";"OPC_N3:09";"2020-11-10T15:53:05.580Z";"2020-11-10T15:53:05.580Z";
-1.675610517;48.107489817;-1.67405348;48.10590167;1605019931519;1605019931519;1.8200000524520874;"Bus700";"OPC_N3:20";"2020-11-10T14:52:11.519Z";"2020-11-10T14:52:11.519Z";
-1.677754482;48.107767386;-1.676832727;48.107418859;1605019867306;1605019867306;2.869999885559082;"Bus700";"OPC_N3:20";"2020-11-10T14:51:07.306Z";"2020-11-10T14:51:07.306Z";
-1.641329894;48.112938475;-1.641329894;48.112938475;1605023453265;1605023453265;4.519999980926514;"Bus743";"OPC_N3:09";"2020-11-10T15:50:53.265Z";"2020-11-10T15:50:53.265Z";
-1.640276383;48.114029302;-1.640276383;48.114029302;1605023409189;1605023409189;3.259999990463257;"Bus743";"OPC_N3:09";"2020-11-10T15:50:09.189Z";"2020-11-10T15:50:09.189Z";
-1.677895173;48.10966679;-1.677713036;48.107753904;1605019803120;1605019803120;1.7599999904632568;"Bus700";"OPC_N3:20";"2020-11-10T14:50:03.120Z";"2020-11-10T14:50:03.120Z";
-1.633308337;48.115569007;-1.633308337;48.115569007;1605023320982;1605023320982;3.130000114440918;"Bus743";"OPC_N3:09";"2020-11-10T15:48:40.982Z";"2020-11-10T15:48:40.982Z";
-1.63461158;48.118123979;-1.63461158;48.118123979;1605023276909;1605023276909;2.5899999141693115;"Bus743";"OPC_N3:09";"2020-11-10T15:47:56.909Z";"2020-11-10T15:47:56.909Z";
-1.677922805;48.109685787;-1.677895173;48.10966679;1605019674738;1605019674738;3.0899999141693115;"Bus700";"OPC_N3:20";"2020-11-10T14:47:54.738Z";"2020-11-10T14:47:54.738Z";
-1.635222594;48.119155037;-1.635222594;48.119155037;1605023232812;1605023232812;2.430000066757202;"Bus743";"OPC_N3:09";"2020-11-10T15:47:12.812Z";"2020-11-10T15:47:12.812Z";
-1.684554038;48.110015833;-1.677950044;48.109698092;1605019610543;1605019610543;3.990000009536743;"Bus700";"OPC_N3:20";"2020-11-10T14:46:50.543Z";"2020-11-10T14:46:50.543Z";
-1.63702508;48.120018781;-1.63702508;48.120018781;1605023188681;1605023188681;1.309999942779541;"Bus743";"OPC_N3:09";"2020-11-10T15:46:28.681Z";"2020-11-10T15:46:28.681Z";
-1.638145602;48.121449734;-1.638145602;48.121449734;1605023144567;1605023144567;2.3399999141693115;"Bus743";"OPC_N3:09";"2020-11-10T15:45:44.567Z";"2020-11-10T15:45:44.567Z";
-1.638191667;48.12252877;-1.638191667;48.12252877;1605023100456;1605023100456;1.1100000143051147;"Bus743";"OPC_N3:09";"2020-11-10T15:45:00.456Z";"2020-11-10T15:45:00.456Z";
-1.684877764;48.109833205;-1.684877764;48.109833205;1605019479881;1605019479881;2.9800000190734863;"Bus700";"OPC_N3:20";"2020-11-10T14:44:39.881Z";"2020-11-10T14:44:39.881Z";
-1.633466574;48.124935077;-1.633466574;48.124935077;1605023056359;1605023056359;2.5999999046325684;"Bus743";"OPC_N3:09";"2020-11-10T15:44:16.359Z";"2020-11-10T15:44:16.359Z";
-1.63308988;48.124464448;-1.63308988;48.124464448;1605023012293;1605023012293;3.140000104904175;"Bus743";"OPC_N3:09";"2020-11-10T15:43:32.293Z";"2020-11-10T15:43:32.293Z";
-1.63308988;48.124464448;-1.63308988;48.124464448;1605022968183;1605022968183;3.009999990463257;"Bus743";"OPC_N3:09";"2020-11-10T15:42:48.183Z";"2020-11-10T15:42:48.183Z";
-1.633090263;48.124471142;-1.633090263;48.124471142;1605022879995;1605022879995;2.2200000286102295;"Bus743";"OPC_N3:09";"2020-11-10T15:41:19.995Z";"2020-11-10T15:41:19.995Z";
-1.633090263;48.124465139;-1.633090263;48.124465139;1605022835892;1605022835892;3.0899999141693115;"Bus743";"OPC_N3:09";"2020-11-10T15:40:35.892Z";"2020-11-10T15:40:35.892Z";
-1.633090263;48.124465139;-1.633090263;48.124465139;1605022791771;1605022791771;2.3299999237060547;"Bus743";"OPC_N3:09";"2020-11-10T15:39:51.771Z";"2020-11-10T15:39:51.771Z";
-1.633090263;48.124459135;-1.633090263;48.124459135;1605022747681;1605022747681;2.9600000381469727;"Bus743";"OPC_N3:09";"2020-11-10T15:39:07.681Z";"2020-11-10T15:39:07.681Z";
-1.690552436;48.120877545;-1.686875468;48.116646666;1605019134966;1605019134966;3.559999942779541;"Bus700";"OPC_N3:20";"2020-11-10T14:38:54.966Z";"2020-11-10T14:38:54.966Z";
-1.633063409;48.124447511;-1.633063409;48.124447511;1605022703573;1605022703573;3.4200000762939453;"Bus743";"OPC_N3:09";"2020-11-10T15:38:23.573Z";"2020-11-10T15:38:23.573Z";
-1.631970008;48.120847268;-1.631970008;48.120847268;1605022659487;1605022659487;5.369999885559082;"Bus743";"OPC_N3:09";"2020-11-10T15:37:39.487Z";"2020-11-10T15:37:39.487Z";
-1.686603412;48.122168687;-1.685735891;48.12118109;1605019026905;1605019026905;3.559999942779541;"Bus700";"OPC_N3:20";"2020-11-10T14:37:06.905Z";"2020-11-10T14:37:06.905Z";
-1.632845669;48.122264177;-1.632845669;48.122264177;1605022615398;1605022615398;4.119999885559082;"Bus743";"OPC_N3:09";"2020-11-10T15:36:55.398Z";"2020-11-10T15:36:55.398Z";
-1.68550331;48.123598986;-1.684129887;48.122446244;1605018972873;1605018972873;3.559999942779541;"Bus700";"OPC_N3:20";"2020-11-10T14:36:12.873Z";"2020-11-10T14:36:12.873Z";
-1.633678726;48.124699072;-1.633678726;48.124699072;1605022571308;1605022571308;4.139999866485596;"Bus743";"OPC_N3:09";"2020-11-10T15:36:11.308Z";"2020-11-10T15:36:11.308Z";
-1.684049723;48.124314304;-1.681579632;48.123612863;1605018918856;1605018918856;3.559999942779541;"Bus700";"OPC_N3:20";"2020-11-10T14:35:18.856Z";"2020-11-10T14:35:18.856Z";
-1.63765419;48.120769425;-1.63765419;48.120769425;1605022483087;1605022483087;4.380000114440918;"Bus743";"OPC_N3:09";"2020-11-10T15:34:43.087Z";"2020-11-10T15:34:43.087Z";
-1.683192693;48.127312425;-1.681871817;48.124713419;1605018864819;1605018864819;3.559999942779541;"Bus700";"OPC_N3:20";"2020-11-10T14:34:24.819Z";"2020-11-10T14:34:24.819Z";
-1.635028505;48.118972574;-1.635028505;48.118972574;1605022439001;1605022439001;3.700000047683716;"Bus743";"OPC_N3:09";"2020-11-10T15:33:59.001Z";"2020-11-10T15:33:59.001Z";
-1.684216311;48.12989428;-1.683281939;48.127566559;1605018810715;1605018810715;3.190000057220459;"Bus700";"OPC_N3:20";"2020-11-10T14:33:30.715Z";"2020-11-10T14:33:30.715Z";
-1.633326765;48.115271281;-1.633326765;48.115271281;1605022394902;1605022394902;3.119999885559082;"Bus743";"OPC_N3:09";"2020-11-10T15:33:14.902Z";"2020-11-10T15:33:14.902Z";
-1.685087971;48.132734489;-1.684216311;48.12989428;1605018756681;1605018756681;3.190000057220459;"Bus700";"OPC_N3:20";"2020-11-10T14:32:36.681Z";"2020-11-10T14:32:36.681Z";
-1.635748957;48.114045574;-1.635748957;48.114045574;1605022350790;1605022350790;3.619999885559082;"Bus743";"OPC_N3:09";"2020-11-10T15:32:30.790Z";"2020-11-10T15:32:30.790Z";
-1.686310132;48.13721512;-1.685148798;48.132938229;1605018702525;1605018702525;4.230000019073486;"Bus700";"OPC_N3:20";"2020-11-10T14:31:42.525Z";"2020-11-10T14:31:42.525Z";
-1.642259563;48.112582918;-1.642259563;48.112582918;1605022218523;1605022218523;1.9500000476837158;"Bus743";"OPC_N3:09";"2020-11-10T15:30:18.523Z";"2020-11-10T15:30:18.523Z";
-1.644648167;48.112048737;-1.644648167;48.112048737;1605022174423;1605022174423;2.640000104904175;"Bus743";"OPC_N3:09";"2020-11-10T15:29:34.423Z";"2020-11-10T15:29:34.423Z";
-1.686717623;48.146012653;-1.686244825;48.141405472;1605018540051;1605018540051;2.6600000858306885;"Bus700";"OPC_N3:20";"2020-11-10T14:29:00.051Z";"2020-11-10T14:29:00.051Z";
-1.646807752;48.111522407;-1.646807752;48.111522407;1605022130310;1605022130310;1.909999966621399;"Bus743";"OPC_N3:09";"2020-11-10T15:28:50.310Z";"2020-11-10T15:28:50.310Z";
-1.651805955;48.110342076;-1.651805955;48.110342076;1605022086207;1605022086207;2.319999933242798;"Bus743";"OPC_N3:09";"2020-11-10T15:28:06.207Z";"2020-11-10T15:28:06.207Z";
-1.656215575;48.110062652;-1.656215575;48.110062652;1605022042119;1605022042119;4.579999923706055;"Bus743";"OPC_N3:09";"2020-11-10T15:27:22.119Z";"2020-11-10T15:27:22.119Z";
-1.686262607;48.147808508;-1.685995981;48.146019349;1605018431664;1605018431664;2.8299999237060547;"Bus700";"OPC_N3:20";"2020-11-10T14:27:11.664Z";"2020-11-10T14:27:11.664Z";
-1.660125572;48.110055184;-1.660125572;48.110055184;1605021998008;1605021998008;2.0799999237060547;"Bus743";"OPC_N3:09";"2020-11-10T15:26:38.008Z";"2020-11-10T15:26:38.008Z";
-1.685908288;48.151191262;-1.685662582;48.148402894;1605018377479;1605018377479;5.360000133514404;"Bus700";"OPC_N3:20";"2020-11-10T14:26:17.479Z";"2020-11-10T14:26:17.479Z";
-1.68637939;48.153309805;-1.686038759;48.151932774;1605018323294;1605018323294;4.340000152587891;"Bus700";"OPC_N3:20";"2020-11-10T14:25:23.294Z";"2020-11-10T14:25:23.294Z";
-1.669771493;48.110020024;-1.669771493;48.110020024;1605021909804;1605021909804;3.200000047683716;"Bus743";"OPC_N3:09";"2020-11-10T15:25:09.804Z";"2020-11-10T15:25:09.804Z";
-1.674199892;48.109869432;-1.674199892;48.109869432;1605021865717;1605021865717;2.380000114440918;"Bus743";"OPC_N3:09";"2020-11-10T15:24:25.717Z";"2020-11-10T15:24:25.717Z";
-1.677086601;48.109816707;-1.677086601;48.109816707;1605021821630;1605021821630;1.7599999904632568;"Bus743";"OPC_N3:09";"2020-11-10T15:23:41.630Z";"2020-11-10T15:23:41.630Z";
-1.678603385;48.109776542;-1.678603385;48.109776542;1605021777521;1605021777521;2.759999990463257;"Bus743";"OPC_N3:09";"2020-11-10T15:22:57.521Z";"2020-11-10T15:22:57.521Z";
-1.678603385;48.109782547;-1.678603385;48.109782547;1605021733419;1605021733419;3.630000114440918;"Bus743";"OPC_N3:09";"2020-11-10T15:22:13.419Z";"2020-11-10T15:22:13.419Z";
-1.680175864;48.10945724;-1.680175864;48.10945724;1605021645248;1605021645248;2.009999990463257;"Bus743";"OPC_N3:09";"2020-11-10T15:20:45.248Z";"2020-11-10T15:20:45.248Z";
-1.68002467;48.109327113;-1.68002467;48.109327113;1605021557033;1605021557033;2.2699999809265137;"Bus743";"OPC_N3:09";"2020-11-10T15:19:17.033Z";"2020-11-10T15:19:17.033Z";
-1.674821412;48.15916802;-1.671962359;48.15854323;1605017943995;1605017943995;1.090000033378601;"Bus700";"OPC_N3:20";"2020-11-10T14:19:03.995Z";"2020-11-10T14:19:03.995Z";
-1.67211006;48.15781687;-1.671240931;48.155467697;1605017889810;1605017889810;0.8399999737739563;"Bus700";"OPC_N3:20";"2020-11-10T14:18:09.810Z";"2020-11-10T14:18:09.810Z";
-1.671517181;48.155332085;-1.671474917;48.155268102;1605017835637;1605017835637;1.2899999618530273;"Bus700";"OPC_N3:20";"2020-11-10T14:17:15.637Z";"2020-11-10T14:17:15.637Z";
-1.675008014;48.109940567;-1.675008014;48.109940567;1605021424735;1605021424735;2.2899999618530273;"Bus743";"OPC_N3:09";"2020-11-10T15:17:04.735Z";"2020-11-10T15:17:04.735Z";
-1.671475309;48.155281886;-1.671461482;48.155268493;1605017781467;1605017781467;1.5800000429153442;"Bus700";"OPC_N3:20";"2020-11-10T14:16:21.467Z";"2020-11-10T14:16:21.467Z";
-1.673503077;48.109929702;-1.673503077;48.109929702;1605021380625;1605021380625;0.7900000214576721;"Bus743";"OPC_N3:09";"2020-11-10T15:16:20.625Z";"2020-11-10T15:16:20.625Z";
-1.670254329;48.110030327;-1.670254329;48.110030327;1605021326491;1605021326491;2.440000057220459;"Bus743";"OPC_N3:09";"2020-11-10T15:15:26.491Z";"2020-11-10T15:15:26.491Z";
-1.671461482;48.15527558;-1.671448047;48.155275385;1605017673112;1605017673112;2.140000104904175;"Bus700";"OPC_N3:20";"2020-11-10T14:14:33.112Z";"2020-11-10T14:14:33.112Z";
-1.663917494;48.110108186;-1.663917494;48.110108186;1605021238331;1605021238331;3.4200000762939453;"Bus743";"OPC_N3:09";"2020-11-10T15:13:58.331Z";"2020-11-10T15:13:58.331Z";
-1.671448047;48.15527558;-1.671434613;48.155269581;1605017618944;1605017618944;3.200000047683716;"Bus700";"OPC_N3:20";"2020-11-10T14:13:38.944Z";"2020-11-10T14:13:38.944Z";
-1.660664829;48.110117601;-1.660664829;48.110117601;1605021194229;1605021194229;3.0799999237060547;"Bus743";"OPC_N3:09";"2020-11-10T15:13:14.229Z";"2020-11-10T15:13:14.229Z";
-1.671434613;48.155269776;-1.671434613;48.155263777;1605017564818;1605017564818;3.6600000858306885;"Bus700";"OPC_N3:20";"2020-11-10T14:12:44.818Z";"2020-11-10T14:12:44.818Z";
-1.671434613;48.15528356;-1.671379698;48.155214471;1605017510610;1605017510610;5.010000228881836;"Bus700";"OPC_N3:20";"2020-11-10T14:11:50.610Z";"2020-11-10T14:11:50.610Z";
-1.656339488;48.110096433;-1.656339488;48.110096433;1605021106008;1605021106008;5.510000228881836;"Bus743";"OPC_N3:09";"2020-11-10T15:11:46.008Z";"2020-11-10T15:11:46.008Z";
-1.650566494;48.110610013;-1.650566494;48.110610013;1605021061919;1605021061919;4.199999809265137;"Bus743";"OPC_N3:09";"2020-11-10T15:11:01.919Z";"2020-11-10T15:11:01.919Z";
-1.67556391;48.159141148;-1.671015393;48.155062676;1605017456449;1605017456449;4.579999923706055;"Bus700";"OPC_N3:20";"2020-11-10T14:10:56.449Z";"2020-11-10T14:10:56.449Z";
-1.644235886;48.112175658;-1.644235886;48.112175658;1605020973721;1605020973721;4;"Bus743";"OPC_N3:09";"2020-11-10T15:09:33.721Z";"2020-11-10T15:09:33.721Z";
-1.682957449;48.15931874;-1.676751361;48.158813277;1605017348127;1605017348127;2.809999942779541;"Bus700";"OPC_N3:20";"2020-11-10T14:09:08.127Z";"2020-11-10T14:09:08.127Z";
-1.641872195;48.112681989;-1.641872195;48.112681989;1605020929610;1605020929610;4.159999847412109;"Bus743";"OPC_N3:09";"2020-11-10T15:08:49.610Z";"2020-11-10T15:08:49.610Z";
-1.637563917;48.114090624;-1.637563917;48.114090624;1605020841424;1605020841424;4.039999961853027;"Bus743";"OPC_N3:09";"2020-11-10T15:07:21.424Z";"2020-11-10T15:07:21.424Z";
-1.687354754;48.157214342;-1.686596345;48.154221865;1605017239791;1605017239791;2.700000047683716;"Bus700";"OPC_N3:20";"2020-11-10T14:07:19.791Z";"2020-11-10T14:07:19.791Z";
-1.634502032;48.114204194;-1.634502032;48.114204194;1605020797325;1605020797325;3.880000114440918;"Bus743";"OPC_N3:09";"2020-11-10T15:06:37.325Z";"2020-11-10T15:06:37.325Z";
-1.686516911;48.153847269;-1.685893746;48.151645947;1605017185573;1605017185573;4.5;"Bus700";"OPC_N3:20";"2020-11-10T14:06:25.573Z";"2020-11-10T14:06:25.573Z";
-1.633934252;48.116722717;-1.633934252;48.116722717;1605020753226;1605020753226;2.3499999046325684;"Bus743";"OPC_N3:09";"2020-11-10T15:05:53.226Z";"2020-11-10T15:05:53.226Z";
-1.685878731;48.151595359;-1.685623073;48.150005024;1605017131386;1605017131386;6.320000171661377;"Bus700";"OPC_N3:20";"2020-11-10T14:05:31.386Z";"2020-11-10T14:05:31.386Z";
-1.635110591;48.118986192;-1.635110591;48.118986192;1605020709119;1605020709119;3.4200000762939453;"Bus743";"OPC_N3:09";"2020-11-10T15:05:09.119Z";"2020-11-10T15:05:09.119Z";
-1.686169791;48.149028267;-1.685753428;48.146982123;1605017077263;1605017077263;2.2799999713897705;"Bus700";"OPC_N3:20";"2020-11-10T14:04:37.263Z";"2020-11-10T14:04:37.263Z";
-1.635280513;48.119263919;-1.635280513;48.119263919;1605020665035;1605020665035;2.880000114440918;"Bus743";"OPC_N3:09";"2020-11-10T15:04:25.035Z";"2020-11-10T15:04:25.035Z";
-1.686513792;48.14660025;-1.686224695;48.143547548;1605017023058;1605017023058;4.690000057220459;"Bus700";"OPC_N3:20";"2020-11-10T14:03:43.058Z";"2020-11-10T14:03:43.058Z";
-1.638159412;48.121486254;-1.638159412;48.121486254;1605020576823;1605020576823;2.140000104904175;"Bus743";"OPC_N3:09";"2020-11-10T15:02:56.823Z";"2020-11-10T15:02:56.823Z";
-1.636489577;48.123111229;-1.636489577;48.123111229;1605020532722;1605020532722;2.869999885559082;"Bus743";"OPC_N3:09";"2020-11-10T15:02:12.722Z";"2020-11-10T15:02:12.722Z";
-1.686584388;48.142526512;-1.686421213;48.139358444;1605016914716;1605016914716;6.349999904632568;"Bus700";"OPC_N3:20";"2020-11-10T14:01:54.716Z";"2020-11-10T14:01:54.716Z";
-1.633243319;48.124676812;-1.633243319;48.124676812;1605020488609;1605020488609;2.630000114440918;"Bus743";"OPC_N3:09";"2020-11-10T15:01:28.609Z";"2020-11-10T15:01:28.609Z";
-1.686531397;48.139154608;-1.68637889;48.138146674;1605016860559;1605016860559;3.559999942779541;"Bus700";"OPC_N3:20";"2020-11-10T14:01:00.559Z";"2020-11-10T14:01:00.559Z";
-1.633075305;48.124462567;-1.633075305;48.124462567;1605020444533;1605020444533;3.9200000762939453;"Bus743";"OPC_N3:09";"2020-11-10T15:00:44.533Z";"2020-11-10T15:00:44.533Z";
-1.686254435;48.137830542;-1.6856852;48.134974311;1605016806358;1605016806358;4.889999866485596;"Bus700";"OPC_N3:20";"2020-11-10T14:00:06.358Z";"2020-11-10T14:00:06.358Z";
-1.633075305;48.124456564;-1.633075305;48.124456564;1605020356338;1605020356338;2.5399999618530273;"Bus743";"OPC_N3:09";"2020-11-10T14:59:16.338Z";"2020-11-10T14:59:16.338Z";
-1.685488884;48.134302574;-1.685172894;48.133238822;1605016752203;1605016752203;1.8899999856948853;"Bus700";"OPC_N3:20";"2020-11-10T13:59:12.203Z";"2020-11-10T13:59:12.203Z";
-1.632959468;48.124178763;-1.632959468;48.124178763;1605020312231;1605020312231;3.0299999713897705;"Bus743";"OPC_N3:09";"2020-11-10T14:58:32.231Z";"2020-11-10T14:58:32.231Z";
-1.68505124;48.132813335;-1.684503826;48.130889638;1605016698014;1605016698014;3.119999885559082;"Bus700";"OPC_N3:20";"2020-11-10T13:58:18.014Z";"2020-11-10T13:58:18.014Z";
-1.631545429;48.120285364;-1.631545429;48.120285364;1605020268134;1605020268134;3.5899999141693115;"Bus743";"OPC_N3:09";"2020-11-10T14:57:48.134Z";"2020-11-10T14:57:48.134Z";
-1.63220852;48.117461106;-1.63220852;48.117461106;1605020224041;1605020224041;2.940000057220459;"Bus743";"OPC_N3:09";"2020-11-10T14:57:04.041Z";"2020-11-10T14:57:04.041Z";
-1.683785049;48.129064955;-1.68294194;48.126682106;1605016589682;1605016589682;2.3399999141693115;"Bus700";"OPC_N3:20";"2020-11-10T13:56:29.682Z";"2020-11-10T13:56:29.682Z";
-1.633543547;48.114106041;-1.633543547;48.114106041;1605020179922;1605020179922;1.9700000286102295;"Bus743";"OPC_N3:09";"2020-11-10T14:56:19.922Z";"2020-11-10T14:56:19.922Z";
-1.63708908;48.114100382;-1.63708908;48.114100382;1605020135831;1605020135831;3.5999999046325684;"Bus743";"OPC_N3:09";"2020-11-10T14:55:35.831Z";"2020-11-10T14:55:35.831Z";
-1.682657618;48.12620819;-1.681738756;48.124399633;1605016535470;1605016535470;2.4100000858306885;"Bus700";"OPC_N3:20";"2020-11-10T13:55:35.470Z";"2020-11-10T13:55:35.470Z";
-1.684882553;48.12384777;-1.681667705;48.123217494;1605016481323;1605016481323;3.2200000286102295;"Bus700";"OPC_N3:20";"2020-11-10T13:54:41.323Z";"2020-11-10T13:54:41.323Z";
-1.641148882;48.113187718;-1.641148882;48.113187718;1605020047634;1605020047634;1.7300000190734863;"Bus743";"OPC_N3:09";"2020-11-10T14:54:07.634Z";"2020-11-10T14:54:07.634Z";
-1.64319461;48.112447142;-1.64319461;48.112447142;1605020003525;1605020003525;1.9299999475479126;"Bus743";"OPC_N3:09";"2020-11-10T14:53:23.525Z";"2020-11-10T14:53:23.525Z";
-1.68494692;48.123217494;-1.684882553;48.123145643;1605016372989;1605016372989;4.110000133514404;"Bus700";"OPC_N3:20";"2020-11-10T13:52:52.989Z";"2020-11-10T13:52:52.989Z";
-1.643632683;48.110191615;-1.643632683;48.110191615;1605019915347;1605019915347;2.109999895095825;"Bus743";"OPC_N3:09";"2020-11-10T14:51:55.347Z";"2020-11-10T14:51:55.347Z";
-1.643632683;48.110191615;-1.643632683;48.110191615;1605019871261;1605019871261;3;"Bus743";"OPC_N3:09";"2020-11-10T14:51:11.261Z";"2020-11-10T14:51:11.261Z";
-1.643632683;48.110191615;-1.643632683;48.110191615;1605019827125;1605019827125;2.440000057220459;"Bus743";"OPC_N3:09";"2020-11-10T14:50:27.125Z";"2020-11-10T14:50:27.125Z";
-1.692009982;48.118785885;-1.68883228;48.115199751;1605016210435;1605016210435;2.7300000190734863;"Bus700";"OPC_N3:20";"2020-11-10T13:50:10.435Z";"2020-11-10T13:50:10.435Z";
-1.643632683;48.110191615;-1.643632683;48.110191615;1605019783041;1605019783041;4.380000114440918;"Bus743";"OPC_N3:09";"2020-11-10T14:49:43.041Z";"2020-11-10T14:49:43.041Z";
-1.643632683;48.110191615;-1.643632683;48.110191615;1605019738940;1605019738940;4.789999961853027;"Bus743";"OPC_N3:09";"2020-11-10T14:48:58.940Z";"2020-11-10T14:48:58.940Z";
-1.693476037;48.11457994;-1.692553565;48.113150264;1605016102113;1605016102113;3.369999885559082;"Bus700";"OPC_N3:20";"2020-11-10T13:48:22.113Z";"2020-11-10T13:48:22.113Z";
-1.643632683;48.110191615;-1.643632683;48.110191615;1605019694835;1605019694835;7.050000190734863;"Bus743";"OPC_N3:09";"2020-11-10T14:48:14.835Z";"2020-11-10T14:48:14.835Z";
-1.643646107;48.110191423;-1.643646107;48.110191423;1605019650744;1605019650744;11.039999961853027;"Bus743";"OPC_N3:09";"2020-11-10T14:47:30.744Z";"2020-11-10T14:47:30.744Z";
-1.693345304;48.11283472;-1.693022345;48.112754029;1605016047931;1605016047931;3.5799999237060547;"Bus700";"OPC_N3:20";"2020-11-10T13:47:27.931Z";"2020-11-10T13:47:27.931Z";
-1.643646107;48.110191423;-1.643646107;48.110191423;1605019606642;1605019606642;17.139999389648438;"Bus743";"OPC_N3:09";"2020-11-10T14:46:46.642Z";"2020-11-10T14:46:46.642Z";
-1.643646107;48.110191423;-1.643646107;48.110191423;1605019562556;1605019562556;20.809999465942383;"Bus743";"OPC_N3:09";"2020-11-10T14:46:02.556Z";"2020-11-10T14:46:02.556Z";
-1.689452355;48.112356882;-1.686322356;48.111698443;1605015939580;1605015939580;1.7799999713897705;"Bus700";"OPC_N3:20";"2020-11-10T13:45:39.580Z";"2020-11-10T13:45:39.580Z";
-1.643646107;48.110185419;-1.643646107;48.110185419;1605019518426;1605019518426;13.510000228881836;"Bus743";"OPC_N3:09";"2020-11-10T14:45:18.426Z";"2020-11-10T14:45:18.426Z";
-1.686308933;48.11171044;-1.684402042;48.110117559;1605015885415;1605015885415;4.090000152587891;"Bus700";"OPC_N3:20";"2020-11-10T13:44:45.415Z";"2020-11-10T13:44:45.415Z";
-1.643646107;48.110185419;-1.643646107;48.110185419;1605019474334;1605019474334;6.28000020980835;"Bus743";"OPC_N3:09";"2020-11-10T14:44:34.334Z";"2020-11-10T14:44:34.334Z";
-1.643646107;48.110185419;-1.643646107;48.110185419;1605019430156;1605019430156;2.059999942779541;"Bus743";"OPC_N3:09";"2020-11-10T14:43:50.156Z";"2020-11-10T14:43:50.156Z";
-1.684333744;48.110092462;-1.680148982;48.109848466;1605015831238;1605015831238;3.069999933242798;"Bus700";"OPC_N3:20";"2020-11-10T13:43:51.238Z";"2020-11-10T13:43:51.238Z";
-1.64365953;48.110185227;-1.64365953;48.110185227;1605019386061;1605019386061;2.930000066757202;"Bus743";"OPC_N3:09";"2020-11-10T14:43:06.061Z";"2020-11-10T14:43:06.061Z";
-1.679813017;48.109981961;-1.678169921;48.109829989;1605015722875;1605015722875;0.5299999713897705;"Bus700";"OPC_N3:20";"2020-11-10T13:42:02.875Z";"2020-11-10T13:42:02.875Z";
-1.678182951;48.109811288;-1.678169528;48.109798395;1605015614561;1605015614561;1.399999976158142;"Bus700";"OPC_N3:20";"2020-11-10T13:40:14.561Z";"2020-11-10T13:40:14.561Z";
-1.678182557;48.109792586;-1.678169135;48.109786385;1605015560331;1605015560331;1.8300000429153442;"Bus700";"OPC_N3:20";"2020-11-10T13:39:20.331Z";"2020-11-10T13:39:20.331Z";
-1.678182557;48.109786385;-1.678182164;48.109767683;1605015506204;1605015506204;1.2899999618530273;"Bus700";"OPC_N3:20";"2020-11-10T13:38:26.204Z";"2020-11-10T13:38:26.204Z";
-1.678182164;48.109767879;-1.678168348;48.109755183;1605015452017;1605015452017;1.8300000429153442;"Bus700";"OPC_N3:20";"2020-11-10T13:37:32.017Z";"2020-11-10T13:37:32.017Z";
-1.678168348;48.109755183;-1.678168348;48.109749178;1605015397873;1605015397873;0.029999999329447746;"Bus700";"OPC_N3:20";"2020-11-10T13:36:37.873Z";"2020-11-10T13:36:37.873Z";
-1.678168348;48.109743173;-1.678167562;48.109717779;1605015343680;1605015343680;4.380000114440918;"Bus700";"OPC_N3:20";"2020-11-10T13:35:43.680Z";"2020-11-10T13:35:43.680Z";
-1.678171546;48.109717779;-1.67814942;48.109400849;1605015289538;1605015289538;3.4600000381469727;"Bus700";"OPC_N3:20";"2020-11-10T13:34:49.538Z";"2020-11-10T13:34:49.538Z";
-1.677949311;48.109180761;-1.677490811;48.107467758;1605015235384;1605015235384;3.990000009536743;"Bus700";"OPC_N3:20";"2020-11-10T13:33:55.384Z";"2020-11-10T13:33:55.384Z";
-1.677060513;48.107497251;-1.674701021;48.107362272;1605015181209;1605015181209;6.380000114440918;"Bus700";"OPC_N3:20";"2020-11-10T13:33:01.209Z";"2020-11-10T13:33:01.209Z";
-1.674556597;48.107034111;-1.672765753;48.10411171;1605015127047;1605015127047;3.9100000858306885;"Bus700";"OPC_N3:20";"2020-11-10T13:32:07.047Z";"2020-11-10T13:32:07.047Z";
-1.671679399;48.104656939;-1.667326789;48.104192038;1605014964536;1605014964536;3.740000009536743;"Bus700";"OPC_N3:20";"2020-11-10T13:29:24.536Z";"2020-11-10T13:29:24.536Z";
-1.667205995;48.104728492;-1.663361903;48.10390632;1605014910326;1605014910326;2.4700000286102295;"Bus700";"OPC_N3:20";"2020-11-10T13:28:30.326Z";"2020-11-10T13:28:30.326Z";
-1.662237979;48.103220487;-1.660704061;48.102341261;1605014856189;1605014856189;3.890000104904175;"Bus700";"OPC_N3:20";"2020-11-10T13:27:36.189Z";"2020-11-10T13:27:36.189Z";
-1.660263696;48.102046005;-1.658363637;48.100168536;1605014801980;1605014801980;3.2200000286102295;"Bus700";"OPC_N3:20";"2020-11-10T13:26:41.980Z";"2020-11-10T13:26:41.980Z";
-1.657894524;48.099780144;-1.655402607;48.097890387;1605014747843;1605014747843;1.8799999952316284;"Bus700";"OPC_N3:20";"2020-11-10T13:25:47.843Z";"2020-11-10T13:25:47.843Z";
-1.652805974;48.09649286;-1.648611144;48.093776367;1605014639493;1605014639493;3.7200000286102295;"Bus700";"OPC_N3:20";"2020-11-10T13:23:59.493Z";"2020-11-10T13:23:59.493Z";
-1.647784781;48.093143635;-1.645908555;48.091619231;1605014585280;1605014585280;3.990000009536743;"Bus700";"OPC_N3:20";"2020-11-10T13:23:05.280Z";"2020-11-10T13:23:05.280Z";
-1.645563075;48.091317938;-1.640591556;48.087409587;1605014531089;1605014531089;3.5399999618530273;"Bus700";"OPC_N3:20";"2020-11-10T13:22:11.089Z";"2020-11-10T13:22:11.089Z";
-1.639650771;48.089815853;-1.634853799;48.087729133;1605014368597;1605014368597;1.940000057220459;"Bus700";"OPC_N3:20";"2020-11-10T13:19:28.597Z";"2020-11-10T13:19:28.597Z";
-1.638659976;48.092168629;-1.634402149;48.090857892;1605014314422;1605014314422;2.180000066757202;"Bus700";"OPC_N3:20";"2020-11-10T13:18:34.422Z";"2020-11-10T13:18:34.422Z";
-1.640056708;48.093344679;-1.639340117;48.092433755;1605014260278;1605014260278;2.619999885559082;"Bus700";"OPC_N3:20";"2020-11-10T13:17:40.278Z";"2020-11-10T13:17:40.278Z";
-1.638778128;48.09526614;-1.637738771;48.093760286;1605014206087;1605014206087;1.4700000286102295;"Bus700";"OPC_N3:20";"2020-11-10T13:16:46.087Z";"2020-11-10T13:16:46.087Z";
-1.637495696;48.096576195;-1.63682588;48.09565738;1605014151925;1605014151925;2.0399999618530273;"Bus700";"OPC_N3:20";"2020-11-10T13:15:51.925Z";"2020-11-10T13:15:51.925Z";
-1.636965059;48.096318781;-1.636965059;48.096318781;1605014097740;1605014097740;2.509999990463257;"Bus700";"OPC_N3:20";"2020-11-10T13:14:57.740Z";"2020-11-10T13:14:57.740Z";
-1.63695164;48.096318972;-1.63695164;48.096318972;1605013989420;1605013989420;1.7799999713897705;"Bus700";"OPC_N3:20";"2020-11-10T13:13:09.420Z";"2020-11-10T13:13:09.420Z";
-1.636952023;48.096319163;-1.63693822;48.096306959;1605013935191;1605013935191;1.8799999952316284;"Bus700";"OPC_N3:20";"2020-11-10T13:12:15.191Z";"2020-11-10T13:12:15.191Z";
-1.636938603;48.096313841;-1.63693822;48.09630715;1605013826857;1605013826857;1.1399999856948853;"Bus700";"OPC_N3:20";"2020-11-10T13:10:26.857Z";"2020-11-10T13:10:26.857Z";
-1.63693822;48.09630715;-1.63693822;48.09630715;1605013772722;1605013772722;2.2899999618530273;"Bus700";"OPC_N3:20";"2020-11-10T13:09:32.722Z";"2020-11-10T13:09:32.722Z";
-1.63693822;48.096319354;-1.636924417;48.096306466;1605013664381;1605013664381;3.8499999046325684;"Bus700";"OPC_N3:20";"2020-11-10T13:07:44.381Z";"2020-11-10T13:07:44.381Z";
-1.637714225;48.096312472;-1.636937836;48.094945483;1605013610173;1605013610173;4.510000228881836;"Bus700";"OPC_N3:20";"2020-11-10T13:06:50.173Z";"2020-11-10T13:06:50.173Z";
-1.639838167;48.094933279;-1.637727261;48.092743315;1605013556007;1605013556007;2.5799999237060547;"Bus700";"OPC_N3:20";"2020-11-10T13:05:56.007Z";"2020-11-10T13:05:56.007Z";
-1.63964608;48.092731001;-1.634353089;48.089470904;1605013501855;1605013501855;4.75;"Bus700";"OPC_N3:20";"2020-11-10T13:05:01.855Z";"2020-11-10T13:05:01.855Z";
-1.64670649;48.092219592;-1.641853907;48.0873786;1605013339378;1605013339378;2.390000104904175;"Bus700";"OPC_N3:20";"2020-11-10T13:02:19.378Z";"2020-11-10T13:02:19.378Z";
-1.648965056;48.09405055;-1.64707882;48.092526504;1605013176822;1605013176822;6.699999809265137;"Bus700";"OPC_N3:20";"2020-11-10T12:59:36.822Z";"2020-11-10T12:59:36.822Z";
-1.65746995;48.099536843;-1.649942922;48.094808123;1605013122636;1605013122636;4.5;"Bus700";"OPC_N3:20";"2020-11-10T12:58:42.636Z";"2020-11-10T12:58:42.636Z";
-1.660981821;48.102594257;-1.657594227;48.099613337;1605012960098;1605012960098;28.809999465942383;"Bus700";"OPC_N3:20";"2020-11-10T12:56:00.098Z";"2020-11-10T12:56:00.098Z";
-1.665179331;48.104802188;-1.660995242;48.102575851;1605012905940;1605012905940;3.1700000762939453;"Bus700";"OPC_N3:20";"2020-11-10T12:55:05.940Z";"2020-11-10T12:55:05.940Z";
-1.668585291;48.104924544;-1.665717757;48.104633135;1605012851760;1605012851760;2.2899999618530273;"Bus700";"OPC_N3:20";"2020-11-10T12:54:11.760Z";"2020-11-10T12:54:11.760Z";
-1.672646136;48.104468844;-1.669910112;48.104237448;1605012797585;1605012797585;4.820000171661377;"Bus700";"OPC_N3:20";"2020-11-10T12:53:17.585Z";"2020-11-10T12:53:17.585Z";
-1.67333621;48.104268366;-1.672672587;48.104115491;1605012743418;1605012743418;3.0899999141693115;"Bus700";"OPC_N3:20";"2020-11-10T12:52:23.418Z";"2020-11-10T12:52:23.418Z";
-1.673461315;48.104323413;-1.673461315;48.104323413;1605012687139;1605012687139;1.9700000286102295;"Bus700";"OPC_N3:20";"2020-11-10T12:51:27.139Z";"2020-11-10T12:51:27.139Z";
-1.677797282;48.109541194;-1.677796889;48.109522493;1605012411275;1605012411275;3.1500000953674316;"Bus700";"OPC_N3:20";"2020-11-10T12:46:51.275Z";"2020-11-10T12:46:51.275Z";
-1.677797282;48.109547395;-1.677783859;48.109541194;1605012363223;1605012363223;3.1500000953674316;"Bus700";"OPC_N3:20";"2020-11-10T12:46:03.223Z";"2020-11-10T12:46:03.223Z";
-1.677783859;48.109547591;-1.677770436;48.109547395;1605012339204;1605012339204;3.1500000953674316;"Bus700";"OPC_N3:20";"2020-11-10T12:45:39.204Z";"2020-11-10T12:45:39.204Z";
-1.677772795;48.109623772;-1.67777083;48.109554283;1605012315195;1605012315195;3.1500000953674316;"Bus700";"OPC_N3:20";"2020-11-10T12:45:15.195Z";"2020-11-10T12:45:15.195Z";
-1.67954574;48.110066664;-1.677787398;48.109667672;1605012267151;1605012267151;3.1500000953674316;"Bus700";"OPC_N3:20";"2020-11-10T12:44:27.151Z";"2020-11-10T12:44:27.151Z";
-1.680527579;48.110053026;-1.679962637;48.110038661;1605012219117;1605012219117;3.1500000953674316;"Bus700";"OPC_N3:20";"2020-11-10T12:43:39.117Z";"2020-11-10T12:43:39.117Z";
-1.68224807;48.110043797;-1.680689047;48.110023939;1605012195094;1605012195094;3.1500000953674316;"Bus700";"OPC_N3:20";"2020-11-10T12:43:15.094Z";"2020-11-10T12:43:15.094Z";
-1.683443888;48.110011256;-1.683255968;48.109990488;1605012171075;1605012171075;3.1500000953674316;"Bus700";"OPC_N3:20";"2020-11-10T12:42:51.075Z";"2020-11-10T12:42:51.075Z";
-1.684018309;48.109938812;-1.683644837;48.109845113;1605012147057;1605012147057;3.1500000953674316;"Bus700";"OPC_N3:20";"2020-11-10T12:42:27.057Z";"2020-11-10T12:42:27.057Z";
-1.684796833;48.109827891;-1.684393753;48.109814897;1605012133004;1605012133004;3.1500000953674316;"Bus700";"OPC_N3:20";"2020-11-10T12:42:13.004Z";"2020-11-10T12:42:13.004Z";
-1.685556805;48.110089307;-1.684863947;48.109838719;1605012094936;1605012094936;3.8399999141693115;"Bus700";"OPC_N3:20";"2020-11-10T12:41:34.936Z";"2020-11-10T12:41:34.936Z";
-1.68613873;48.110215185;-1.685987127;48.110102393;1605012080881;1605012080881;3.819999933242798;"Bus700";"OPC_N3:20";"2020-11-10T12:41:20.881Z";"2020-11-10T12:41:20.881Z";
-1.686197164;48.110348744;-1.686197164;48.110348744;1605012066844;1605012066844;3.7699999809265137;"Bus700";"OPC_N3:20";"2020-11-10T12:41:06.844Z";"2020-11-10T12:41:06.844Z";
-1.686211772;48.110374628;-1.686210982;48.110355239;1605012052764;1605012052764;3.0899999141693115;"Bus700";"OPC_N3:20";"2020-11-10T12:40:52.764Z";"2020-11-10T12:40:52.764Z";
-1.686415106;48.110806997;-1.686226381;48.110394507;1605012028709;1605012028709;2.740000009536743;"Bus700";"OPC_N3:20";"2020-11-10T12:40:28.709Z";"2020-11-10T12:40:28.709Z";
-1.687018805;48.111961004;-1.68671715;48.111402359;1605012014640;1605012014640;2.569999933242798;"Bus700";"OPC_N3:20";"2020-11-10T12:40:14.640Z";"2020-11-10T12:40:14.640Z";
-1.687762628;48.112190618;-1.687456262;48.112127917;1605011972495;1605011972495;3.1600000858306885;"Bus700";"OPC_N3:20";"2020-11-10T12:39:32.495Z";"2020-11-10T12:39:32.495Z";
-1.688906355;48.112039229;-1.688108472;48.111822181;1605011958427;1605011958427;2.059999942779541;"Bus700";"OPC_N3:20";"2020-11-10T12:39:18.427Z";"2020-11-10T12:39:18.427Z";
-1.690356026;48.111739984;-1.689266013;48.111495071;1605011944388;1605011944388;3.359999895095825;"Bus700";"OPC_N3:20";"2020-11-10T12:39:04.388Z";"2020-11-10T12:39:04.388Z";
-1.690978644;48.111651043;-1.690978248;48.111644351;1605011906285;1605011906285;3.809999942779541;"Bus700";"OPC_N3:20";"2020-11-10T12:38:26.285Z";"2020-11-10T12:38:26.285Z";
-1.691007868;48.111684796;-1.690993256;48.111664917;1605011892210;1605011892210;2.4800000190734863;"Bus700";"OPC_N3:20";"2020-11-10T12:38:12.210Z";"2020-11-10T12:38:12.210Z";
-1.693286519;48.113301943;-1.691131848;48.111760573;1605011877821;1605011877821;3.7300000190734863;"Bus700";"OPC_N3:20";"2020-11-10T12:37:57.821Z";"2020-11-10T12:37:57.821Z";
-1.693268402;48.113328025;-1.693268005;48.113327337;1605011835655;1605011835655;5.71999979019165;"Bus700";"OPC_N3:20";"2020-11-10T12:37:15.655Z";"2020-11-10T12:37:15.655Z";
-1.69324711;48.113704995;-1.693186738;48.11350017;1605011821609;1605011821609;5.150000095367432;"Bus700";"OPC_N3:20";"2020-11-10T12:37:01.609Z";"2020-11-10T12:37:01.609Z";
-1.692565799;48.115745744;-1.691397678;48.114451588;1605011807551;1605011807551;3.8499999046325684;"Bus700";"OPC_N3:20";"2020-11-10T12:36:47.551Z";"2020-11-10T12:36:47.551Z";
-1.691256749;48.116112094;-1.691127261;48.115963762;1605011779450;1605011779450;3.109999895095825;"Bus700";"OPC_N3:20";"2020-11-10T12:36:19.450Z";"2020-11-10T12:36:19.450Z";
-1.68920775;48.118203694;-1.68920775;48.118203694;1605011713263;1605011713263;3.6500000953674316;"Bus700";"OPC_N3:20";"2020-11-10T12:35:13.263Z";"2020-11-10T12:35:13.263Z";
-1.689208542;48.119149378;-1.688458783;48.118229088;1605011699204;1605011699204;3.059999942779541;"Bus700";"OPC_N3:20";"2020-11-10T12:34:59.204Z";"2020-11-10T12:34:59.204Z";
-1.687746109;48.120332662;-1.687383644;48.119925473;1605011675153;1605011675153;3;"Bus700";"OPC_N3:20";"2020-11-10T12:34:35.153Z";"2020-11-10T12:34:35.153Z";
-1.686684757;48.12148749;-1.686373606;48.121133258;1605011661098;1605011661098;3.25;"Bus700";"OPC_N3:20";"2020-11-10T12:34:21.098Z";"2020-11-10T12:34:21.098Z";
-1.68577854;48.122562682;-1.685453951;48.122196248;1605011647038;1605011647038;3.9000000953674316;"Bus700";"OPC_N3:20";"2020-11-10T12:34:07.038Z";"2020-11-10T12:34:07.038Z";
-1.685141994;48.123533532;-1.684167403;48.122909527;1605011632991;1605011632991;2.4100000858306885;"Bus700";"OPC_N3:20";"2020-11-10T12:33:52.991Z";"2020-11-10T12:33:52.991Z";
-1.684167403;48.123539535;-1.684167403;48.123533532;1605011604869;1605011604869;3.9200000762939453;"Bus700";"OPC_N3:20";"2020-11-10T12:33:24.869Z";"2020-11-10T12:33:24.869Z";
-1.684167797;48.123546229;-1.684167797;48.123546229;1605011590811;1605011590811;3.640000104904175;"Bus700";"OPC_N3:20";"2020-11-10T12:33:10.811Z";"2020-11-10T12:33:10.811Z";
-1.684154766;48.123553315;-1.684141339;48.123553119;1605011576762;1605011576762;3.640000104904175;"Bus700";"OPC_N3:20";"2020-11-10T12:32:56.762Z";"2020-11-10T12:32:56.762Z";
-1.684114881;48.123642091;-1.683379192;48.123560402;1605011552691;1605011552691;4.260000228881836;"Bus700";"OPC_N3:20";"2020-11-10T12:32:32.691Z";"2020-11-10T12:32:32.691Z";
-1.682802645;48.123747177;-1.681769992;48.123675941;1605011538654;1605011538654;4.190000057220459;"Bus700";"OPC_N3:20";"2020-11-10T12:32:18.654Z";"2020-11-10T12:32:18.654Z";
-1.681598995;48.124157601;-1.681595423;48.123864002;1605011524583;1605011524583;3.4000000953674316;"Bus700";"OPC_N3:20";"2020-11-10T12:32:04.583Z";"2020-11-10T12:32:04.583Z";
-1.68166768;48.124309668;-1.68166768;48.124303665;1605011510548;1605011510548;3.109999895095825;"Bus700";"OPC_N3:20";"2020-11-10T12:31:50.548Z";"2020-11-10T12:31:50.548Z";
-1.683165049;48.127287425;-1.681826806;48.124627683;1605011496489;1605011496489;3.6600000858306885;"Bus700";"OPC_N3:20";"2020-11-10T12:31:36.489Z";"2020-11-10T12:31:36.489Z";
-1.683500715;48.128098246;-1.683325773;48.127680238;1605011440268;1605011440268;5;"Bus700";"OPC_N3:20";"2020-11-10T12:30:40.268Z";"2020-11-10T12:30:40.268Z";
-1.684012922;48.129395868;-1.683851004;48.128958964;1605011426221;1605011426221;4.760000228881836;"Bus700";"OPC_N3:20";"2020-11-10T12:30:26.221Z";"2020-11-10T12:30:26.221Z";
-1.684231713;48.129927553;-1.684231318;48.129914857;1605011412158;1605011412158;4.199999809265137;"Bus700";"OPC_N3:20";"2020-11-10T12:30:12.158Z";"2020-11-10T12:30:12.158Z";
-1.684262518;48.130048122;-1.684231713;48.129927553;1605011398114;1605011398114;3.119999885559082;"Bus700";"OPC_N3:20";"2020-11-10T12:29:58.114Z";"2020-11-10T12:29:58.114Z";
-1.68471157;48.131467686;-1.684559908;48.130935017;1605011370041;1605011370041;2.890000104904175;"Bus700";"OPC_N3:20";"2020-11-10T12:29:30.041Z";"2020-11-10T12:29:30.041Z";
-1.685138134;48.132991289;-1.685001078;48.132502516;1605011356003;1605011356003;4.929999828338623;"Bus700";"OPC_N3:20";"2020-11-10T12:29:16.003Z";"2020-11-10T12:29:16.003Z";
-1.685430426;48.134120995;-1.685309954;48.133485968;1605011313821;1605011313821;4.349999904632568;"Bus700";"OPC_N3:20";"2020-11-10T12:28:33.821Z";"2020-11-10T12:28:33.821Z";
-1.685764204;48.135324209;-1.685584081;48.134717144;1605011299791;1605011299791;4.420000076293945;"Bus700";"OPC_N3:20";"2020-11-10T12:28:19.791Z";"2020-11-10T12:28:19.791Z";
-1.686231517;48.136859912;-1.686097207;48.136460016;1605011285727;1605011285727;3.799999952316284;"Bus700";"OPC_N3:20";"2020-11-10T12:28:05.727Z";"2020-11-10T12:28:05.727Z";
-1.686334619;48.137132545;-1.686334224;48.137125851;1605011271682;1605011271682;4.570000171661377;"Bus700";"OPC_N3:20";"2020-11-10T12:27:51.682Z";"2020-11-10T12:27:51.682Z";
-1.686494607;48.137505961;-1.686321585;48.137139437;1605011247624;1605011247624;5.599999904632568;"Bus700";"OPC_N3:20";"2020-11-10T12:27:27.624Z";"2020-11-10T12:27:27.624Z";
-1.686570061;48.138377398;-1.686389553;48.137753596;1605011233561;1605011233561;4.150000095367432;"Bus700";"OPC_N3:20";"2020-11-10T12:27:13.561Z";"2020-11-10T12:27:13.561Z";
-1.686572494;48.139503259;-1.686552326;48.138879749;1605011219490;1605011219490;4.309999942779541;"Bus700";"OPC_N3:20";"2020-11-10T12:26:59.490Z";"2020-11-10T12:26:59.490Z";
-1.686642842;48.140425582;-1.68659464;48.140184249;1605011205444;1605011205444;4.480000019073486;"Bus700";"OPC_N3:20";"2020-11-10T12:26:45.444Z";"2020-11-10T12:26:45.444Z";
-1.686560325;48.141622895;-1.686554773;48.141037278;1605011191197;1605011191197;3.309999942779541;"Bus700";"OPC_N3:20";"2020-11-10T12:26:31.197Z";"2020-11-10T12:26:31.197Z";
-1.686599857;48.142805736;-1.686598291;48.142436652;1605011177160;1605011177160;2.6600000858306885;"Bus700";"OPC_N3:20";"2020-11-10T12:26:17.160Z";"2020-11-10T12:26:17.160Z";
-1.686590396;48.142965679;-1.68658921;48.142933591;1605011163091;1605011163091;2.799999952316284;"Bus700";"OPC_N3:20";"2020-11-10T12:26:03.091Z";"2020-11-10T12:26:03.091Z";
-1.686748046;48.143948148;-1.686528805;48.142985268;1605011149053;1605011149053;4.329999923706055;"Bus700";"OPC_N3:20";"2020-11-10T12:25:49.053Z";"2020-11-10T12:25:49.053Z";
-1.686447834;48.14473218;-1.68640597;48.144362505;1605011124632;1605011124632;3.490000009536743;"Bus700";"OPC_N3:20";"2020-11-10T12:25:24.632Z";"2020-11-10T12:25:24.632Z";
-1.686236126;48.145996436;-1.686232579;48.145702834;1605011110585;1605011110585;3.0399999618530273;"Bus700";"OPC_N3:20";"2020-11-10T12:25:10.585Z";"2020-11-10T12:25:10.585Z";
-1.686207704;48.146525162;-1.686195853;48.146468179;1605011096517;1605011096517;2.359999895095825;"Bus700";"OPC_N3:20";"2020-11-10T12:24:56.517Z";"2020-11-10T12:24:56.517Z";
-1.686200994;48.147323083;-1.686087626;48.146678212;1605011082480;1605011082480;3.819999933242798;"Bus700";"OPC_N3:20";"2020-11-10T12:24:42.480Z";"2020-11-10T12:24:42.480Z";
-1.686051282;48.147445528;-1.686038245;48.147438636;1605011068419;1605011068419;2.5999999046325684;"Bus700";"OPC_N3:20";"2020-11-10T12:24:28.419Z";"2020-11-10T12:24:28.419Z";
-1.686039036;48.14745292;-1.686038641;48.147446224;1605011054374;1605011054374;2.4800000190734863;"Bus700";"OPC_N3:20";"2020-11-10T12:24:14.374Z";"2020-11-10T12:24:14.374Z";
-1.686067878;48.147504006;-1.686053259;48.147472115;1605011040316;1605011040316;4.489999771118164;"Bus700";"OPC_N3:20";"2020-11-10T12:24:00.316Z";"2020-11-10T12:24:00.316Z";
-1.68599441;48.148704583;-1.685905925;48.148123588;1605011026282;1605011026282;3.940000057220459;"Bus700";"OPC_N3:20";"2020-11-10T12:23:46.282Z";"2020-11-10T12:23:46.282Z";
-1.685772799;48.150089696;-1.685695766;48.14957238;1605011012076;1605011012076;5.130000114440918;"Bus700";"OPC_N3:20";"2020-11-10T12:23:32.076Z";"2020-11-10T12:23:32.076Z";
-1.685764532;48.150955232;-1.685679574;48.150420888;1605010998044;1605010998044;4.139999866485596;"Bus700";"OPC_N3:20";"2020-11-10T12:23:18.044Z";"2020-11-10T12:23:18.044Z";
-1.686023744;48.151900186;-1.685764927;48.150967929;1605010973969;1605010973969;3.5399999618530273;"Bus700";"OPC_N3:20";"2020-11-10T12:22:53.969Z";"2020-11-10T12:22:53.969Z";
-1.686131226;48.152306477;-1.686131226;48.152306477;1605010945876;1605010945876;19.290000915527344;"Bus700";"OPC_N3:20";"2020-11-10T12:22:25.876Z";"2020-11-10T12:22:25.876Z";
-1.686131621;48.152319371;-1.686118187;48.152306477;1605010931828;1605010931828;3.859999895095825;"Bus700";"OPC_N3:20";"2020-11-10T12:22:11.828Z";"2020-11-10T12:22:11.828Z";
-1.687583175;48.157594859;-1.686580933;48.154128583;1605010889658;1605010889658;6.96999979019165;"Bus700";"OPC_N3:20";"2020-11-10T12:21:29.658Z";"2020-11-10T12:21:29.658Z";
-1.643620031;48.110223206;-1.643620031;48.110223206;1605014409569;1605014409569;2.819999933242798;"Bus743";"OPC_N3:09";"2020-11-10T13:20:09.569Z";"2020-11-10T13:20:09.569Z";
-1.643620031;48.110223206;-1.643620031;48.110223206;1605014453666;1605014453666;2.740000009536743;"Bus743";"OPC_N3:09";"2020-11-10T13:20:53.666Z";"2020-11-10T13:20:53.666Z";
-1.643620031;48.110223206;-1.643620031;48.110223206;1605014497769;1605014497769;4.019999980926514;"Bus743";"OPC_N3:09";"2020-11-10T13:21:37.769Z";"2020-11-10T13:21:37.769Z";
-1.643620031;48.110223206;-1.643620031;48.110223206;1605014541872;1605014541872;3.3399999141693115;"Bus743";"OPC_N3:09";"2020-11-10T13:22:21.872Z";"2020-11-10T13:22:21.872Z";
-1.643620031;48.110223206;-1.643620031;48.110223206;1605014585961;1605014585961;4.349999904632568;"Bus743";"OPC_N3:09";"2020-11-10T13:23:05.961Z";"2020-11-10T13:23:05.961Z";
-1.643620031;48.110223206;-1.643620031;48.110223206;1605014630075;1605014630075;2.369999885559082;"Bus743";"OPC_N3:09";"2020-11-10T13:23:50.075Z";"2020-11-10T13:23:50.075Z";
-1.643620031;48.110223206;-1.643620031;48.110223206;1605014674158;1605014674158;2.130000114440918;"Bus743";"OPC_N3:09";"2020-11-10T13:24:34.158Z";"2020-11-10T13:24:34.158Z";
-1.643620031;48.110223206;-1.643620031;48.110223206;1605014718267;1605014718267;2.680000066757202;"Bus743";"OPC_N3:09";"2020-11-10T13:25:18.267Z";"2020-11-10T13:25:18.267Z";
-1.643620031;48.110223206;-1.643620031;48.110223206;1605014762363;1605014762363;2.369999885559082;"Bus743";"OPC_N3:09";"2020-11-10T13:26:02.363Z";"2020-11-10T13:26:02.363Z";
-1.643620031;48.110223206;-1.643620031;48.110223206;1605014806496;1605014806496;2.490000009536743;"Bus743";"OPC_N3:09";"2020-11-10T13:26:46.496Z";"2020-11-10T13:26:46.496Z";
-1.643620031;48.110223206;-1.643620031;48.110223206;1605014850586;1605014850586;2.450000047683716;"Bus743";"OPC_N3:09";"2020-11-10T13:27:30.586Z";"2020-11-10T13:27:30.586Z";
-1.643620031;48.110223206;-1.643620031;48.110223206;1605014894700;1605014894700;2.109999895095825;"Bus743";"OPC_N3:09";"2020-11-10T13:28:14.700Z";"2020-11-10T13:28:14.700Z";
-1.643620031;48.110223206;-1.643620031;48.110223206;1605014938786;1605014938786;2.369999885559082;"Bus743";"OPC_N3:09";"2020-11-10T13:28:58.786Z";"2020-11-10T13:28:58.786Z";
-1.643620031;48.110223206;-1.643620031;48.110223206;1605014982854;1605014982854;2.299999952316284;"Bus743";"OPC_N3:09";"2020-11-10T13:29:42.854Z";"2020-11-10T13:29:42.854Z";
-1.643620031;48.110223206;-1.643620031;48.110223206;1605015026975;1605015026975;1.909999966621399;"Bus743";"OPC_N3:09";"2020-11-10T13:30:26.975Z";"2020-11-10T13:30:26.975Z";
-1.643620031;48.110223206;-1.643620031;48.110223206;1605015071062;1605015071062;2.3399999141693115;"Bus743";"OPC_N3:09";"2020-11-10T13:31:11.062Z";"2020-11-10T13:31:11.062Z";
-1.643620031;48.110223206;-1.643620031;48.110223206;1605015115173;1605015115173;2.440000057220459;"Bus743";"OPC_N3:09";"2020-11-10T13:31:55.173Z";"2020-11-10T13:31:55.173Z";
-1.643620031;48.110223206;-1.643620031;48.110223206;1605015159280;1605015159280;2.2799999713897705;"Bus743";"OPC_N3:09";"2020-11-10T13:32:39.280Z";"2020-11-10T13:32:39.280Z";
-1.643620031;48.110223206;-1.643620031;48.110223206;1605015203433;1605015203433;1.7799999713897705;"Bus743";"OPC_N3:09";"2020-11-10T13:33:23.433Z";"2020-11-10T13:33:23.433Z";
-1.643620031;48.110223206;-1.643620031;48.110223206;1605015247489;1605015247489;2.309999942779541;"Bus743";"OPC_N3:09";"2020-11-10T13:34:07.489Z";"2020-11-10T13:34:07.489Z";
-1.643620031;48.110223206;-1.643620031;48.110223206;1605015379752;1605015379752;1.2599999904632568;"Bus743";"OPC_N3:09";"2020-11-10T13:36:19.752Z";"2020-11-10T13:36:19.752Z";
-1.643620031;48.110223206;-1.643620031;48.110223206;1605015423873;1605015423873;2.450000047683716;"Bus743";"OPC_N3:09";"2020-11-10T13:37:03.873Z";"2020-11-10T13:37:03.873Z";
-1.643620031;48.110223206;-1.643620031;48.110223206;1605015512074;1605015512074;2.559999942779541;"Bus743";"OPC_N3:09";"2020-11-10T13:38:32.074Z";"2020-11-10T13:38:32.074Z";
-1.643620031;48.110223206;-1.643620031;48.110223206;1605015600274;1605015600274;2.5799999237060547;"Bus743";"OPC_N3:09";"2020-11-10T13:40:00.274Z";"2020-11-10T13:40:00.274Z";
-1.643620031;48.110223206;-1.643620031;48.110223206;1605015732583;1605015732583;3.2899999618530273;"Bus743";"OPC_N3:09";"2020-11-10T13:42:12.583Z";"2020-11-10T13:42:12.583Z";
-1.643620031;48.110223206;-1.643620031;48.110223206;1605015820781;1605015820781;2.309999942779541;"Bus743";"OPC_N3:09";"2020-11-10T13:43:40.781Z";"2020-11-10T13:43:40.781Z";
-1.643620031;48.110223206;-1.643620031;48.110223206;1605015997174;1605015997174;2.5299999713897705;"Bus743";"OPC_N3:09";"2020-11-10T13:46:37.174Z";"2020-11-10T13:46:37.174Z";
-1.643620031;48.110223206;-1.643620031;48.110223206;1605016085386;1605016085386;3.8499999046325684;"Bus743";"OPC_N3:09";"2020-11-10T13:48:05.386Z";"2020-11-10T13:48:05.386Z";
-1.643620031;48.110223206;-1.643620031;48.110223206;1605016129482;1605016129482;1.9600000381469727;"Bus743";"OPC_N3:09";"2020-11-10T13:48:49.482Z";"2020-11-10T13:48:49.482Z";
-1.643620031;48.110223206;-1.643620031;48.110223206;1605016173576;1605016173576;3.140000104904175;"Bus743";"OPC_N3:09";"2020-11-10T13:49:33.576Z";"2020-11-10T13:49:33.576Z";
-1.643620031;48.110223206;-1.643620031;48.110223206;1605016261765;1605016261765;1.7999999523162842;"Bus743";"OPC_N3:09";"2020-11-10T13:51:01.765Z";"2020-11-10T13:51:01.765Z";
-1.643620031;48.110223206;-1.643620031;48.110223206;1605016305873;1605016305873;1.559999942779541;"Bus743";"OPC_N3:09";"2020-11-10T13:51:45.873Z";"2020-11-10T13:51:45.873Z";
-1.643620031;48.110223206;-1.643620031;48.110223206;1605016349992;1605016349992;2.0299999713897705;"Bus743";"OPC_N3:09";"2020-11-10T13:52:29.992Z";"2020-11-10T13:52:29.992Z";
-1.643620031;48.110223206;-1.643620031;48.110223206;1605016394084;1605016394084;1.9700000286102295;"Bus743";"OPC_N3:09";"2020-11-10T13:53:14.084Z";"2020-11-10T13:53:14.084Z";
-1.643620031;48.110223206;-1.643620031;48.110223206;1605016438168;1605016438168;1.9900000095367432;"Bus743";"OPC_N3:09";"2020-11-10T13:53:58.168Z";"2020-11-10T13:53:58.168Z";
-1.643620031;48.110223206;-1.643620031;48.110223206;1605016658677;1605016658677;2.700000047683716;"Bus743";"OPC_N3:09";"2020-11-10T13:57:38.677Z";"2020-11-10T13:57:38.677Z";
-1.643620031;48.110223206;-1.643620031;48.110223206;1605016702788;1605016702788;1.5;"Bus743";"OPC_N3:09";"2020-11-10T13:58:22.788Z";"2020-11-10T13:58:22.788Z";
-1.643620031;48.110223206;-1.643620031;48.110223206;1605016746883;1605016746883;3.140000104904175;"Bus743";"OPC_N3:09";"2020-11-10T13:59:06.883Z";"2020-11-10T13:59:06.883Z";
-1.643620031;48.110223206;-1.643620031;48.110223206;1605016791010;1605016791010;3.5999999046325684;"Bus743";"OPC_N3:09";"2020-11-10T13:59:51.010Z";"2020-11-10T13:59:51.010Z";
-1.643620031;48.110223206;-1.643620031;48.110223206;1605016835113;1605016835113;2.0399999618530273;"Bus743";"OPC_N3:09";"2020-11-10T14:00:35.113Z";"2020-11-10T14:00:35.113Z";
-1.643620031;48.110223206;-1.643620031;48.110223206;1605017011484;1605017011484;2.5;"Bus743";"OPC_N3:09";"2020-11-10T14:03:31.484Z";"2020-11-10T14:03:31.484Z";
-1.643620031;48.110223206;-1.643620031;48.110223206;1605019251843;1605019251843;4.210000038146973;"Bus743";"OPC_N3:09";"2020-11-10T14:40:51.843Z";"2020-11-10T14:40:51.843Z";
-1.687583175;48.157600859;-1.687583175;48.157594859;1605010795314;1605010795314;4.989999771118164;"Bus700";"OPC_N3:20";"2020-11-10T12:19:55.314Z";"2020-11-10T12:19:55.314Z";
-1.687906068;48.158983784;-1.684692221;48.157905079;1605010781271;1605010781271;4.03000020980835;"Bus700";"OPC_N3:20";"2020-11-10T12:19:41.271Z";"2020-11-10T12:19:41.271Z";
-1.643620031;48.110223206;-1.643620031;48.110223206;1605014365469;1605014365469;3.430000066757202;"Bus743";"OPC_N3:09";"2020-11-10T13:19:25.469Z";"2020-11-10T13:19:25.469Z";
-1.683129349;48.159255498;-1.679888178;48.158841828;1605010729095;1605010729095;3.509999990463257;"Bus700";"OPC_N3:20";"2020-11-10T12:18:49.095Z";"2020-11-10T12:18:49.095Z";
-1.643620031;48.110223206;-1.643620031;48.110223206;1605014321388;1605014321388;2.2100000381469727;"Bus743";"OPC_N3:09";"2020-11-10T13:18:41.388Z";"2020-11-10T13:18:41.388Z";
-1.678379441;48.159266656;-1.677206601;48.159142614;1605010700983;1605010700983;3.609999895095825;"Bus700";"OPC_N3:20";"2020-11-10T12:18:20.983Z";"2020-11-10T12:18:20.983Z";
-1.676868349;48.159071339;-1.676585807;48.159062172;1605010676908;1605010676908;4.170000076293945;"Bus700";"OPC_N3:20";"2020-11-10T12:17:56.908Z";"2020-11-10T12:17:56.908Z";
-1.643620031;48.110223206;-1.643620031;48.110223206;1605014277265;1605014277265;1.7899999618530273;"Bus743";"OPC_N3:09";"2020-11-10T13:17:57.265Z";"2020-11-10T13:17:57.265Z";
-1.6765048;48.159063238;-1.675291267;48.158947215;1605010652854;1605010652854;2.569999933242798;"Bus700";"OPC_N3:20";"2020-11-10T12:17:32.854Z";"2020-11-10T12:17:32.854Z";
-1.674605263;48.158966684;-1.673907002;48.158931811;1605010638787;1605010638787;2.509999990463257;"Bus700";"OPC_N3:20";"2020-11-10T12:17:18.787Z";"2020-11-10T12:17:18.787Z";
-1.672594622;48.159174383;-1.671951668;48.159020354;1605010624749;1605010624749;1.4700000286102295;"Bus700";"OPC_N3:20";"2020-11-10T12:17:04.749Z";"2020-11-10T12:17:04.749Z";
-1.672187435;48.158357614;-1.672168017;48.158121995;1605010600659;1605010600659;1.4900000095367432;"Bus700";"OPC_N3:20";"2020-11-10T12:16:40.659Z";"2020-11-10T12:16:40.659Z";
-1.643620031;48.110223206;-1.643620031;48.110223206;1605014189121;1605014189121;2.25;"Bus743";"OPC_N3:09";"2020-11-10T13:16:29.121Z";"2020-11-10T13:16:29.121Z";
-1.67213134;48.1580466;-1.671879016;48.157329451;1605010586589;1605010586589;1.7100000381469727;"Bus700";"OPC_N3:20";"2020-11-10T12:16:26.589Z";"2020-11-10T12:16:26.589Z";
-1.671653465;48.15701378;-1.671429877;48.156761588;1605010558487;1605010558487;2.1700000762939453;"Bus700";"OPC_N3:20";"2020-11-10T12:15:58.487Z";"2020-11-10T12:15:58.487Z";
-1.643620031;48.110223206;-1.643620031;48.110223206;1605014144991;1605014144991;3.2699999809265137;"Bus743";"OPC_N3:09";"2020-11-10T13:15:44.991Z";"2020-11-10T13:15:44.991Z";
-1.671343493;48.156164451;-1.671265734;48.155864627;1605010544436;1605010544436;3.1500000953674316;"Bus700";"OPC_N3:20";"2020-11-10T12:15:44.436Z";"2020-11-10T12:15:44.436Z";
-1.671452752;48.155470935;-1.671212886;48.155403937;1605010530396;1605010530396;2.049999952316284;"Bus700";"OPC_N3:20";"2020-11-10T12:15:30.396Z";"2020-11-10T12:15:30.396Z";
-1.671476485;48.155301976;-1.671476485;48.155301976;1605010516365;1605010516365;2.049999952316284;"Bus700";"OPC_N3:20";"2020-11-10T12:15:16.365Z";"2020-11-10T12:15:16.365Z";
-1.643620031;48.110223206;-1.643620031;48.110223206;1605014090843;1605014090843;2.309999942779541;"Bus743";"OPC_N3:09";"2020-11-10T13:14:50.843Z";"2020-11-10T13:14:50.843Z";
-1.671476485;48.155301976;-1.671476485;48.155301976;1605010488251;1605010488251;1.8300000429153442;"Bus700";"OPC_N3:20";"2020-11-10T12:14:48.251Z";"2020-11-10T12:14:48.251Z";
-1.671476485;48.155301976;-1.671476485;48.155301976;1605010474212;1605010474212;2.680000066757202;"Bus700";"OPC_N3:20";"2020-11-10T12:14:34.212Z";"2020-11-10T12:14:34.212Z";
-1.671476485;48.155301976;-1.671476485;48.155301976;1605010460145;1605010460145;1.5099999904632568;"Bus700";"OPC_N3:20";"2020-11-10T12:14:20.145Z";"2020-11-10T12:14:20.145Z";
-1.671476485;48.155301976;-1.671476485;48.155301976;1605010446104;1605010446104;2.3399999141693115;"Bus700";"OPC_N3:20";"2020-11-10T12:14:06.104Z";"2020-11-10T12:14:06.104Z";
-1.671476485;48.155301976;-1.671476485;48.155301976;1605010432043;1605010432043;1.7999999523162842;"Bus700";"OPC_N3:20";"2020-11-10T12:13:52.043Z";"2020-11-10T12:13:52.043Z";
-1.671476485;48.155301976;-1.671476485;48.155301976;1605010417996;1605010417996;2.75;"Bus700";"OPC_N3:20";"2020-11-10T12:13:37.996Z";"2020-11-10T12:13:37.996Z";
-1.643620031;48.110223206;-1.643620031;48.110223206;1605014002658;1605014002658;2.430000066757202;"Bus743";"OPC_N3:09";"2020-11-10T13:13:22.658Z";"2020-11-10T13:13:22.658Z";
-1.671476485;48.155301976;-1.671476485;48.155301976;1605010393907;1605010393907;1.8600000143051147;"Bus700";"OPC_N3:20";"2020-11-10T12:13:13.907Z";"2020-11-10T12:13:13.907Z";
-1.671476485;48.155301976;-1.671476485;48.155301976;1605010379874;1605010379874;2.309999942779541;"Bus700";"OPC_N3:20";"2020-11-10T12:12:59.874Z";"2020-11-10T12:12:59.874Z";
-1.67146305;48.155302172;-1.67146305;48.155302172;1605010365814;1605010365814;1.9600000381469727;"Bus700";"OPC_N3:20";"2020-11-10T12:12:45.814Z";"2020-11-10T12:12:45.814Z";
-1.643620031;48.110223206;-1.643620031;48.110223206;1605013958562;1605013958562;3.2699999809265137;"Bus743";"OPC_N3:09";"2020-11-10T13:12:38.562Z";"2020-11-10T13:12:38.562Z";
-1.671463442;48.155308868;-1.671463442;48.155308868;1605010351775;1605010351775;1.5299999713897705;"Bus700";"OPC_N3:20";"2020-11-10T12:12:31.775Z";"2020-11-10T12:12:31.775Z";
-1.671476485;48.155302172;-1.67146305;48.155301976;1605010337705;1605010337705;2.140000104904175;"Bus700";"OPC_N3:20";"2020-11-10T12:12:17.705Z";"2020-11-10T12:12:17.705Z";
-1.671476485;48.155301976;-1.671476485;48.155301976;1605010323654;1605010323654;2.75;"Bus700";"OPC_N3:20";"2020-11-10T12:12:03.654Z";"2020-11-10T12:12:03.654Z";
-1.671476485;48.155307976;-1.671476093;48.155301279;1605010309601;1605010309601;2.5399999618530273;"Bus700";"OPC_N3:20";"2020-11-10T12:11:49.601Z";"2020-11-10T12:11:49.601Z";
-1.671503354;48.155301585;-1.671489528;48.155301084;1605010295561;1605010295561;2.5399999618530273;"Bus700";"OPC_N3:20";"2020-11-10T12:11:35.561Z";"2020-11-10T12:11:35.561Z";
-1.671503354;48.155301585;-1.671503354;48.155301585;1605010271483;1605010271483;2.359999895095825;"Bus700";"OPC_N3:20";"2020-11-10T12:11:11.483Z";"2020-11-10T12:11:11.483Z";
-1.671503354;48.155301585;-1.671503354;48.155301585;1605010257449;1605010257449;1.659999966621399;"Bus700";"OPC_N3:20";"2020-11-10T12:10:57.449Z";"2020-11-10T12:10:57.449Z";
-1.671503354;48.155301585;-1.671503354;48.155301585;1605010243380;1605010243380;2.190000057220459;"Bus700";"OPC_N3:20";"2020-11-10T12:10:43.380Z";"2020-11-10T12:10:43.380Z";
-1.671502962;48.155294889;-1.671502962;48.155294889;1605010229346;1605010229346;2.7899999618530273;"Bus700";"OPC_N3:20";"2020-11-10T12:10:29.346Z";"2020-11-10T12:10:29.346Z";
-1.643620031;48.110223206;-1.643620031;48.110223206;1605013826291;1605013826291;2.2899999618530273;"Bus743";"OPC_N3:09";"2020-11-10T13:10:26.291Z";"2020-11-10T13:10:26.291Z";
-1.671502962;48.155300888;-1.671502962;48.155300888;1605010215156;1605010215156;3.380000114440918;"Bus700";"OPC_N3:20";"2020-11-10T12:10:15.156Z";"2020-11-10T12:10:15.156Z";
-1.671503354;48.155307585;-1.671502962;48.155300888;1605010201108;1605010201108;1.7300000190734863;"Bus700";"OPC_N3:20";"2020-11-10T12:10:01.108Z";"2020-11-10T12:10:01.108Z";
-1.671503354;48.155307585;-1.671503354;48.155307585;1605010187050;1605010187050;2.819999933242798;"Bus700";"OPC_N3:20";"2020-11-10T12:09:47.050Z";"2020-11-10T12:09:47.050Z";
-1.643606222;48.110216706;-1.643606222;48.110216706;1605013782160;1605013782160;2.2799999713897705;"Bus743";"OPC_N3:09";"2020-11-10T13:09:42.160Z";"2020-11-10T13:09:42.160Z";
-1.671503354;48.155307585;-1.671502962;48.155300888;1605010172993;1605010172993;3.2699999809265137;"Bus700";"OPC_N3:20";"2020-11-10T12:09:32.993Z";"2020-11-10T12:09:32.993Z";
-1.643606222;48.110216706;-1.643606222;48.110216706;1605013738099;1605013738099;2.5999999046325684;"Bus743";"OPC_N3:09";"2020-11-10T13:08:58.099Z";"2020-11-10T13:08:58.099Z";
-1.671502962;48.155300888;-1.671502962;48.155300888;1605010134887;1605010134887;4.949999809265137;"Bus700";"OPC_N3:20";"2020-11-10T12:08:54.887Z";"2020-11-10T12:08:54.887Z";
-1.671516397;48.155313584;-1.671502962;48.155300888;1605010120830;1605010120830;6.610000133514404;"Bus700";"OPC_N3:20";"2020-11-10T12:08:40.830Z";"2020-11-10T12:08:40.830Z";
-1.643606222;48.110216706;-1.643606222;48.110216706;1605013693960;1605013693960;2.3399999141693115;"Bus743";"OPC_N3:09";"2020-11-10T13:08:13.960Z";"2020-11-10T13:08:13.960Z";
-1.671502962;48.155319278;-1.671476093;48.155312887;1605010082579;1605010082579;3.5299999713897705;"Bus700";"OPC_N3:20";"2020-11-10T12:08:02.579Z";"2020-11-10T12:08:02.579Z";
-1.671462266;48.155312776;-1.671462266;48.155312776;1605010068510;1605010068510;3.009999990463257;"Bus700";"OPC_N3:20";"2020-11-10T12:07:48.510Z";"2020-11-10T12:07:48.510Z";
-1.671449223;48.155319668;-1.671449223;48.155319668;1605010054462;1605010054462;4.690000057220459;"Bus700";"OPC_N3:20";"2020-11-10T12:07:34.462Z";"2020-11-10T12:07:34.462Z";
-1.671436181;48.15532656;-1.671435789;48.155319864;1605010040407;1605010040407;5.050000190734863;"Bus700";"OPC_N3:20";"2020-11-10T12:07:20.407Z";"2020-11-10T12:07:20.407Z";
-1.671422746;48.155326756;-1.671321647;48.155111592;1605010026358;1605010026358;4.710000038146973;"Bus700";"OPC_N3:20";"2020-11-10T12:07:06.358Z";"2020-11-10T12:07:06.358Z";
-1.671130318;48.155432624;-1.671094041;48.155146305;1605010012343;1605010012343;4.710000038146973;"Bus700";"OPC_N3:20";"2020-11-10T12:06:52.343Z";"2020-11-10T12:06:52.343Z";
-1.643606222;48.110210701;-1.643606222;48.110210701;1605013605754;1605013605754;2.140000104904175;"Bus743";"OPC_N3:09";"2020-11-10T13:06:45.754Z";"2020-11-10T13:06:45.754Z";
-1.671403113;48.15636611;-1.671258571;48.156061962;1605009998251;1605009998251;4.480000019073486;"Bus700";"OPC_N3:20";"2020-11-10T12:06:38.251Z";"2020-11-10T12:06:38.251Z";
-1.672054358;48.157754171;-1.671544023;48.15696986;1605009984217;1605009984217;4.710000038146973;"Bus700";"OPC_N3:20";"2020-11-10T12:06:24.217Z";"2020-11-10T12:06:24.217Z";
-1.672101724;48.158774133;-1.672033953;48.157976116;1605009956105;1605009956105;5.389999866485596;"Bus700";"OPC_N3:20";"2020-11-10T12:05:56.105Z";"2020-11-10T12:05:56.105Z";
-1.672313649;48.159101719;-1.672028753;48.15902295;1605009942044;1605009942044;4.170000076293945;"Bus700";"OPC_N3:20";"2020-11-10T12:05:42.044Z";"2020-11-10T12:05:42.044Z";
-1.67401488;48.158994655;-1.673560423;48.158899826;1605009928006;1605009928006;5.480000019073486;"Bus700";"OPC_N3:20";"2020-11-10T12:05:28.006Z";"2020-11-10T12:05:28.006Z";
-1.643606222;48.110210701;-1.643606222;48.110210701;1605013517568;1605013517568;2.9800000190734863;"Bus743";"OPC_N3:09";"2020-11-10T13:05:17.568Z";"2020-11-10T13:05:17.568Z";
-1.676345145;48.159014391;-1.675251353;48.158876512;1605009913932;1605009913932;3.799999952316284;"Bus700";"OPC_N3:20";"2020-11-10T12:05:13.932Z";"2020-11-10T12:05:13.932Z";
-1.676453023;48.159025519;-1.67635858;48.159014195;1605009889900;1605009889900;5.25;"Bus700";"OPC_N3:20";"2020-11-10T12:04:49.900Z";"2020-11-10T12:04:49.900Z";
-1.643606222;48.110210701;-1.643606222;48.110210701;1605013473452;1605013473452;2.75;"Bus743";"OPC_N3:09";"2020-11-10T13:04:33.452Z";"2020-11-10T13:04:33.452Z";
-1.67767803;48.159041859;-1.677325555;48.158957388;1605009875833;1605009875833;7.050000190734863;"Bus700";"OPC_N3:20";"2020-11-10T12:04:35.833Z";"2020-11-10T12:04:35.833Z";
-1.679581915;48.159264901;-1.678085037;48.159150937;1605009861797;1605009861797;4.21999979019165;"Bus700";"OPC_N3:20";"2020-11-10T12:04:21.797Z";"2020-11-10T12:04:21.797Z";
-1.681364527;48.159189852;-1.68046749;48.159063118;1605009847719;1605009847719;3.7699999809265137;"Bus700";"OPC_N3:20";"2020-11-10T12:04:07.719Z";"2020-11-10T12:04:07.719Z";
-1.687671307;48.158948126;-1.683212726;48.155722551;1605009833681;1605009833681;4.889999866485596;"Bus700";"OPC_N3:20";"2020-11-10T12:03:53.681Z";"2020-11-10T12:03:53.681Z";
-1.643606222;48.110210701;-1.643606222;48.110210701;1605013429351;1605013429351;1.7899999618530273;"Bus743";"OPC_N3:09";"2020-11-10T13:03:49.351Z";"2020-11-10T13:03:49.351Z";
-1.643592799;48.110210893;-1.643592799;48.110210893;1605013385247;1605013385247;1.6299999952316284;"Bus743";"OPC_N3:09";"2020-11-10T13:03:05.247Z";"2020-11-10T13:03:05.247Z";
-1.643592799;48.110210893;-1.643592799;48.110210893;1605013341148;1605013341148;2.299999952316284;"Bus743";"OPC_N3:09";"2020-11-10T13:02:21.148Z";"2020-11-10T13:02:21.148Z";
-1.686806977;48.15487079;-1.686672615;48.154452697;1605009739355;1605009739355;6.010000228881836;"Bus700";"OPC_N3:20";"2020-11-10T12:02:19.355Z";"2020-11-10T12:02:19.355Z";
-1.686697506;48.15438302;-1.686567483;48.153690914;1605009711246;1605009711246;2.9000000953674316;"Bus700";"OPC_N3:20";"2020-11-10T12:01:51.246Z";"2020-11-10T12:01:51.246Z";
-1.643606222;48.110210701;-1.643606222;48.110210701;1605013297042;1605013297042;1.9700000286102295;"Bus743";"OPC_N3:09";"2020-11-10T13:01:37.042Z";"2020-11-10T13:01:37.042Z";
-1.643606222;48.110210701;-1.643606222;48.110210701;1605013252943;1605013252943;2.569999933242798;"Bus743";"OPC_N3:09";"2020-11-10T13:00:52.943Z";"2020-11-10T13:00:52.943Z";
-1.685845537;48.151368614;-1.68573806;48.150974323;1605009655042;1605009655042;4.75;"Bus700";"OPC_N3:20";"2020-11-10T12:00:55.042Z";"2020-11-10T12:00:55.042Z";
-1.685727361;48.150481979;-1.685636103;48.149485922;1605009640978;1605009640978;4.340000152587891;"Bus700";"OPC_N3:20";"2020-11-10T12:00:40.978Z";"2020-11-10T12:00:40.978Z";
-1.686146485;48.148968908;-1.685831653;48.147079478;1605009626930;1605009626930;4.840000152587891;"Bus700";"OPC_N3:20";"2020-11-10T12:00:26.930Z";"2020-11-10T12:00:26.930Z";
-1.686184015;48.146984012;-1.686184015;48.146972011;1605009598841;1605009598841;3.799999952316284;"Bus700";"OPC_N3:20";"2020-11-10T11:59:58.841Z";"2020-11-10T11:59:58.841Z";
-1.686279203;48.146665319;-1.686214031;48.146198985;1605009584786;1605009584786;5.349999904632568;"Bus700";"OPC_N3:20";"2020-11-10T11:59:44.786Z";"2020-11-10T11:59:44.786Z";
-1.686439924;48.145790328;-1.686332919;48.144114579;1605009570718;1605009570718;4.03000020980835;"Bus700";"OPC_N3:20";"2020-11-10T11:59:30.718Z";"2020-11-10T11:59:30.718Z";
-1.643592799;48.110210893;-1.643592799;48.110210893;1605013164758;1605013164758;2.240000009536743;"Bus743";"OPC_N3:09";"2020-11-10T12:59:24.758Z";"2020-11-10T12:59:24.758Z";
-1.686378289;48.143867443;-1.686194187;48.143583296;1605009546626;1605009546626;5.980000019073486;"Bus700";"OPC_N3:20";"2020-11-10T11:59:06.626Z";"2020-11-10T11:59:06.626Z";
-1.686473863;48.14308911;-1.686473468;48.143070413;1605009532580;1605009532580;6.039999961853027;"Bus700";"OPC_N3:20";"2020-11-10T11:58:52.580Z";"2020-11-10T11:58:52.580Z";
-1.686591932;48.143070319;-1.686527194;48.141726848;1605009518524;1605009518524;4.909999847412109;"Bus700";"OPC_N3:20";"2020-11-10T11:58:38.524Z";"2020-11-10T11:58:38.524Z";
-1.643592799;48.110210893;-1.643592799;48.110210893;1605013120651;1605013120651;2.8399999141693115;"Bus743";"OPC_N3:09";"2020-11-10T12:58:40.651Z";"2020-11-10T12:58:40.651Z";
-1.686636925;48.141032373;-1.686584373;48.140262012;1605009490414;1605009490414;3.2200000286102295;"Bus700";"OPC_N3:20";"2020-11-10T11:58:10.414Z";"2020-11-10T11:58:10.414Z";
-1.643592799;48.110210893;-1.643592799;48.110210893;1605013076551;1605013076551;3.2300000190734863;"Bus743";"OPC_N3:09";"2020-11-10T12:57:56.551Z";"2020-11-10T12:57:56.551Z";
-1.686557877;48.139958773;-1.686426749;48.139429358;1605009476363;1605009476363;3.680000066757202;"Bus700";"OPC_N3:20";"2020-11-10T11:57:56.363Z";"2020-11-10T11:57:56.363Z";
-1.6865385;48.138825239;-1.686487928;48.138489723;1605009462331;1605009462331;3.890000104904175;"Bus700";"OPC_N3:20";"2020-11-10T11:57:42.331Z";"2020-11-10T11:57:42.331Z";
-1.686450391;48.138183323;-1.686450391;48.138183323;1605009448289;1605009448289;3.890000104904175;"Bus700";"OPC_N3:20";"2020-11-10T11:57:28.289Z";"2020-11-10T11:57:28.289Z";
-1.643592414;48.110204201;-1.643592414;48.110204201;1605013032447;1605013032447;1.840000033378601;"Bus743";"OPC_N3:09";"2020-11-10T12:57:12.447Z";"2020-11-10T12:57:12.447Z";
-1.686419972;48.138075451;-1.686332669;48.137872798;1605009434239;1605009434239;5.039999961853027;"Bus700";"OPC_N3:20";"2020-11-10T11:57:14.239Z";"2020-11-10T11:57:14.239Z";
-1.686381236;48.137608932;-1.686136345;48.136944375;1605009420182;1605009420182;4.090000152587891;"Bus700";"OPC_N3:20";"2020-11-10T11:57:00.182Z";"2020-11-10T11:57:00.182Z";
-1.68617739;48.13638612;-1.685855444;48.13518594;1605009406133;1605009406133;4.940000057220459;"Bus700";"OPC_N3:20";"2020-11-10T11:56:46.133Z";"2020-11-10T11:56:46.133Z";
-1.685717189;48.13466508;-1.685538649;48.13407879;1605009392075;1605009392075;4.380000114440918;"Bus700";"OPC_N3:20";"2020-11-10T11:56:32.075Z";"2020-11-10T11:56:32.075Z";
-1.643592414;48.110204201;-1.643592414;48.110204201;1605012988337;1605012988337;2.8499999046325684;"Bus743";"OPC_N3:09";"2020-11-10T12:56:28.337Z";"2020-11-10T12:56:28.337Z";
-1.685266901;48.13357929;-1.685219107;48.133332645;1605009378027;1605009378027;4.829999923706055;"Bus700";"OPC_N3:20";"2020-11-10T11:56:18.027Z";"2020-11-10T11:56:18.027Z";
-1.685217131;48.133251156;-1.685092712;48.132736792;1605009363975;1605009363975;4.440000057220459;"Bus700";"OPC_N3:20";"2020-11-10T11:56:03.975Z";"2020-11-10T11:56:03.975Z";
-1.643578991;48.110204393;-1.643578991;48.110204393;1605012944244;1605012944244;2.109999895095825;"Bus743";"OPC_N3:09";"2020-11-10T12:55:44.244Z";"2020-11-10T12:55:44.244Z";
-1.684913;48.13217243;-1.684681948;48.131283167;1605009325856;1605009325856;3.0399999618530273;"Bus700";"OPC_N3:20";"2020-11-10T11:55:25.856Z";"2020-11-10T11:55:25.856Z";
-1.684518044;48.130788783;-1.684241189;48.13013623;1605009311818;1605009311818;2.1600000858306885;"Bus700";"OPC_N3:20";"2020-11-10T11:55:11.818Z";"2020-11-10T11:55:11.818Z";
-1.643578605;48.110197701;-1.643578605;48.110197701;1605012900158;1605012900158;2.309999942779541;"Bus743";"OPC_N3:09";"2020-11-10T12:55:00.158Z";"2020-11-10T12:55:00.158Z";
-1.684139296;48.129901685;-1.684066234;48.12971222;1605009297753;1605009297753;3.2200000286102295;"Bus700";"OPC_N3:20";"2020-11-10T11:54:57.753Z";"2020-11-10T11:54:57.753Z";
-1.68380124;48.129020688;-1.683787022;48.128995492;1605009269655;1605009269655;3.8299999237060547;"Bus700";"OPC_N3:20";"2020-11-10T11:54:29.655Z";"2020-11-10T11:54:29.655Z";
-1.643578605;48.110197701;-1.643578605;48.110197701;1605012856044;1605012856044;2.369999885559082;"Bus743";"OPC_N3:09";"2020-11-10T12:54:16.044Z";"2020-11-10T12:54:16.044Z";
-1.683503478;48.128127095;-1.683371185;48.127784676;1605009255615;1605009255615;3.0399999618530273;"Bus700";"OPC_N3:20";"2020-11-10T11:54:15.615Z";"2020-11-10T11:54:15.615Z";
-1.683239683;48.127479655;-1.682092559;48.12497276;1605009241538;1605009241538;3.740000009536743;"Bus700";"OPC_N3:20";"2020-11-10T11:54:01.538Z";"2020-11-10T11:54:01.538Z";
-1.643578605;48.110197701;-1.643578605;48.110197701;1605012811945;1605012811945;2.640000104904175;"Bus743";"OPC_N3:09";"2020-11-10T12:53:31.945Z";"2020-11-10T12:53:31.945Z";
-1.682092559;48.12497276;-1.682092559;48.12497276;1605009203442;1605009203442;3.6500000953674316;"Bus700";"OPC_N3:20";"2020-11-10T11:53:23.442Z";"2020-11-10T11:53:23.442Z";
-1.682079132;48.124973153;-1.682065705;48.124972957;1605009189388;1605009189388;3.7799999713897705;"Bus700";"OPC_N3:20";"2020-11-10T11:53:09.388Z";"2020-11-10T11:53:09.388Z";
-1.682065705;48.124973546;-1.682025031;48.124967049;1605009175300;1605009175300;3;"Bus700";"OPC_N3:20";"2020-11-10T11:52:55.300Z";"2020-11-10T11:52:55.300Z";
-1.643564797;48.110191201;-1.643564797;48.110191201;1605012767817;1605012767817;2.180000066757202;"Bus743";"OPC_N3:09";"2020-11-10T12:52:47.817Z";"2020-11-10T12:52:47.817Z";
-1.68198475;48.124973642;-1.681901036;48.124891258;1605009161259;1605009161259;2.9000000953674316;"Bus700";"OPC_N3:20";"2020-11-10T11:52:41.259Z";"2020-11-10T11:52:41.259Z";
-1.682012851;48.124176396;-1.681541717;48.123793736;1605009147207;1605009147207;3.180000066757202;"Bus700";"OPC_N3:20";"2020-11-10T11:52:27.207Z";"2020-11-10T11:52:27.207Z";
-1.643564797;48.110191201;-1.643564797;48.110191201;1605012723728;1605012723728;1.7300000190734863;"Bus743";"OPC_N3:09";"2020-11-10T12:52:03.728Z";"2020-11-10T12:52:03.728Z";
-1.682026277;48.123799739;-1.682012851;48.123799543;1605009119101;1605009119101;3.0299999713897705;"Bus700";"OPC_N3:20";"2020-11-10T11:51:59.101Z";"2020-11-10T11:51:59.101Z";
-1.682534905;48.123799543;-1.682026277;48.123741286;1605009105058;1605009105058;3.630000114440918;"Bus700";"OPC_N3:20";"2020-11-10T11:51:45.058Z";"2020-11-10T11:51:45.058Z";
-1.683552157;48.123695527;-1.683057353;48.123636773;1605009090994;1605009090994;3.869999885559082;"Bus700";"OPC_N3:20";"2020-11-10T11:51:30.994Z";"2020-11-10T11:51:30.994Z";
-1.643564797;48.110191201;-1.643564797;48.110191201;1605012679637;1605012679637;2.190000057220459;"Bus743";"OPC_N3:09";"2020-11-10T12:51:19.637Z";"2020-11-10T12:51:19.637Z";
-1.68357822;48.123635886;-1.683565189;48.123628996;1605009076945;1605009076945;2.359999895095825;"Bus700";"OPC_N3:20";"2020-11-10T11:51:16.945Z";"2020-11-10T11:51:16.945Z";
-1.685568465;48.123568861;-1.684167008;48.122471827;1605009062884;1605009062884;2.3299999237060547;"Bus700";"OPC_N3:20";"2020-11-10T11:51:02.884Z";"2020-11-10T11:51:02.884Z";
-1.643564797;48.110191201;-1.643564797;48.110191201;1605012635551;1605012635551;2.549999952316284;"Bus743";"OPC_N3:09";"2020-11-10T12:50:35.551Z";"2020-11-10T12:50:35.551Z";
-1.685943594;48.122175176;-1.685827502;48.12201435;1605009034809;1605009034809;2.880000114440918;"Bus700";"OPC_N3:20";"2020-11-10T11:50:34.809Z";"2020-11-10T11:50:34.809Z";
-1.686072716;48.12201435;-1.685943199;48.121872028;1605009020758;1605009020758;2.880000114440918;"Bus700";"OPC_N3:20";"2020-11-10T11:50:20.758Z";"2020-11-10T11:50:20.758Z";
-1.689189575;48.121632756;-1.686293051;48.118279679;1605009006715;1605009006715;4.840000152587891;"Bus700";"OPC_N3:20";"2020-11-10T11:50:06.715Z";"2020-11-10T11:50:06.715Z";
-1.643564797;48.110191201;-1.643564797;48.110191201;1605012591435;1605012591435;1.7300000190734863;"Bus743";"OPC_N3:09";"2020-11-10T12:49:51.435Z";"2020-11-10T12:49:51.435Z";
-1.643564797;48.110191201;-1.643564797;48.110191201;1605012547343;1605012547343;2.8399999141693115;"Bus743";"OPC_N3:09";"2020-11-10T12:49:07.343Z";"2020-11-10T12:49:07.343Z";
-1.689295786;48.118280368;-1.689189971;48.118209991;1605008944509;1605008944509;3.359999895095825;"Bus700";"OPC_N3:20";"2020-11-10T11:49:04.509Z";"2020-11-10T11:49:04.509Z";
-1.689321844;48.118184202;-1.689321844;48.118184202;1605008930456;1605008930456;4.429999828338623;"Bus700";"OPC_N3:20";"2020-11-10T11:48:50.456Z";"2020-11-10T11:48:50.456Z";
-1.689335665;48.118190698;-1.689335269;48.118184005;1605008916413;1605008916413;4.519999980926514;"Bus700";"OPC_N3:20";"2020-11-10T11:48:36.413Z";"2020-11-10T11:48:36.413Z";
-1.689362515;48.118178493;-1.68934909;48.118172292;1605008902360;1605008902360;3.0999999046325684;"Bus700";"OPC_N3:20";"2020-11-10T11:48:22.360Z";"2020-11-10T11:48:22.360Z";
-1.690050664;48.117819232;-1.689687841;48.117400718;1605008888302;1605008888302;4.25;"Bus700";"OPC_N3:20";"2020-11-10T11:48:08.302Z";"2020-11-10T11:48:08.302Z";
-1.690828407;48.116506104;-1.690827614;48.116474707;1605008860204;1605008860204;4.900000095367432;"Bus700";"OPC_N3:20";"2020-11-10T11:47:40.204Z";"2020-11-10T11:47:40.204Z";
-1.643564797;48.110191201;-1.643564797;48.110191201;1605012459121;1605012459121;3.140000104904175;"Bus743";"OPC_N3:09";"2020-11-10T12:47:39.121Z";"2020-11-10T12:47:39.121Z";
-1.691928247;48.116269189;-1.690982367;48.115198872;1605008846182;1605008846182;2.990000009536743;"Bus700";"OPC_N3:20";"2020-11-10T11:47:26.182Z";"2020-11-10T11:47:26.182Z";
-1.692689328;48.114695508;-1.692327737;48.114256907;1605008822102;1605008822102;3.4700000286102295;"Bus700";"OPC_N3:20";"2020-11-10T11:47:02.102Z";"2020-11-10T11:47:02.102Z";
-1.643564797;48.110191201;-1.643564797;48.110191201;1605012415026;1605012415026;2.930000066757202;"Bus743";"OPC_N3:09";"2020-11-10T12:46:55.026Z";"2020-11-10T12:46:55.026Z";
-1.693219798;48.113541035;-1.693215898;48.113266138;1605008808033;1605008808033;3.9100000858306885;"Bus700";"OPC_N3:20";"2020-11-10T11:46:48.033Z";"2020-11-10T11:46:48.033Z";
-1.693309398;48.113131094;-1.693280964;48.113086707;1605008793983;1605008793983;5.150000095367432;"Bus700";"OPC_N3:20";"2020-11-10T11:46:33.983Z";"2020-11-10T11:46:33.983Z";
-1.693370563;48.113143395;-1.692935059;48.112761538;1605008779911;1605008779911;4.329999923706055;"Bus700";"OPC_N3:20";"2020-11-10T11:46:19.911Z";"2020-11-10T11:46:19.911Z";
-1.692787401;48.112739696;-1.692666986;48.112730155;1605008751791;1605008751791;3.2100000381469727;"Bus700";"OPC_N3:20";"2020-11-10T11:45:51.791Z";"2020-11-10T11:45:51.791Z";
-1.691673195;48.112258169;-1.691329683;48.112021184;1605008737744;1605008737744;3.450000047683716;"Bus700";"OPC_N3:20";"2020-11-10T11:45:37.744Z";"2020-11-10T11:45:37.744Z";
-1.643564797;48.110191201;-1.643564797;48.110191201;1605012326755;1605012326755;0.7200000286102295;"Bus743";"OPC_N3:09";"2020-11-10T12:45:26.755Z";"2020-11-10T12:45:26.755Z";
-1.690172855;48.111676795;-1.689463799;48.111572136;1605008723688;1605008723688;2.940000057220459;"Bus700";"OPC_N3:20";"2020-11-10T11:45:23.688Z";"2020-11-10T11:45:23.688Z";
-1.689478014;48.111728861;-1.689425509;48.111689491;1605008699637;1605008699637;5.119999885559082;"Bus700";"OPC_N3:20";"2020-11-10T11:44:59.637Z";"2020-11-10T11:44:59.637Z";
-1.689145995;48.112337485;-1.687095806;48.111803182;1605008685575;1605008685575;2.5;"Bus700";"OPC_N3:20";"2020-11-10T11:44:45.575Z";"2020-11-10T11:44:45.575Z";
-1.687028689;48.112352253;-1.686587675;48.112030611;1605008657468;1605008657468;3.1700000762939453;"Bus700";"OPC_N3:20";"2020-11-10T11:44:17.468Z";"2020-11-10T11:44:17.468Z";
-1.686531215;48.111948527;-1.686280506;48.111660047;1605008629358;1605008629358;4;"Bus700";"OPC_N3:20";"2020-11-10T11:43:49.358Z";"2020-11-10T11:43:49.358Z";
-1.686111524;48.11141448;-1.6859532;48.111079838;1605008601257;1605008601257;4.53000020980835;"Bus700";"OPC_N3:20";"2020-11-10T11:43:21.257Z";"2020-11-10T11:43:21.257Z";
-1.685605369;48.11031932;-1.684428494;48.110110473;1605008587211;1605008587211;4.789999961853027;"Bus700";"OPC_N3:20";"2020-11-10T11:43:07.211Z";"2020-11-10T11:43:07.211Z";
-1.68423781;48.110042365;-1.684150564;48.109845715;1605008559109;1605008559109;1.9500000476837158;"Bus700";"OPC_N3:20";"2020-11-10T11:42:39.109Z";"2020-11-10T11:42:39.109Z";
-1.684001729;48.109861553;-1.683574172;48.109809788;1605008545047;1605008545047;2.119999885559082;"Bus700";"OPC_N3:20";"2020-11-10T11:42:25.047Z";"2020-11-10T11:42:25.047Z";
-1.683426521;48.109870705;-1.683210177;48.10983409;1605008530999;1605008530999;2.5999999046325684;"Bus700";"OPC_N3:20";"2020-11-10T11:42:10.999Z";"2020-11-10T11:42:10.999Z";
-1.68279407;48.109866849;-1.682203465;48.10984619;1605008516961;1605008516961;1.9299999475479126;"Bus700";"OPC_N3:20";"2020-11-10T11:41:56.961Z";"2020-11-10T11:41:56.961Z";
-1.681827232;48.109865941;-1.681397701;48.109859655;1605008502929;1605008502929;1.9299999475479126;"Bus700";"OPC_N3:20";"2020-11-10T11:41:42.929Z";"2020-11-10T11:41:42.929Z";
-1.680912115;48.109888991;-1.679316371;48.109801919;1605008488872;1605008488872;2.4100000858306885;"Bus700";"OPC_N3:20";"2020-11-10T11:41:28.872Z";"2020-11-10T11:41:28.872Z";
-1.678334928;48.109858527;-1.678141109;48.109718858;1605008450724;1605008450724;3.4800000190734863;"Bus700";"OPC_N3:20";"2020-11-10T11:40:50.724Z";"2020-11-10T11:40:50.724Z";
-1.678153745;48.109711479;-1.678140323;48.109711283;1605008426682;1605008426682;3.809999942779541;"Bus700";"OPC_N3:20";"2020-11-10T11:40:26.682Z";"2020-11-10T11:40:26.682Z";
-1.678153352;48.109710596;-1.678153352;48.109710596;1605008412632;1605008412632;5.53000020980835;"Bus700";"OPC_N3:20";"2020-11-10T11:40:12.632Z";"2020-11-10T11:40:12.632Z";
-1.678153352;48.109710596;-1.678153352;48.109710596;1605008398566;1605008398566;5.039999961853027;"Bus700";"OPC_N3:20";"2020-11-10T11:39:58.566Z";"2020-11-10T11:39:58.566Z";
-1.678139536;48.1097041;-1.678139143;48.109697408;1605008384508;1605008384508;4.579999923706055;"Bus700";"OPC_N3:20";"2020-11-10T11:39:44.508Z";"2020-11-10T11:39:44.508Z";
-1.678125327;48.109690913;-1.678111511;48.109678412;1605008370464;1605008370464;3.9600000381469727;"Bus700";"OPC_N3:20";"2020-11-10T11:39:30.464Z";"2020-11-10T11:39:30.464Z";
-1.678096908;48.109652527;-1.678069276;48.10963353;1605008356377;1605008356377;3.200000047683716;"Bus700";"OPC_N3:20";"2020-11-10T11:39:16.377Z";"2020-11-10T11:39:16.377Z";
-1.677999803;48.10957034;-1.67777285;48.109191884;1605008342352;1605008342352;2.930000066757202;"Bus700";"OPC_N3:20";"2020-11-10T11:39:02.352Z";"2020-11-10T11:39:02.352Z";
-1.677701412;48.109077219;-1.677638399;48.107981563;1605008314239;1605008314239;5.849999904632568;"Bus700";"OPC_N3:20";"2020-11-10T11:38:34.239Z";"2020-11-10T11:38:34.239Z";
-1.677610825;48.107536683;-1.677527146;48.107442289;1605008286126;1605008286126;4.039999961853027;"Bus700";"OPC_N3:20";"2020-11-10T11:38:06.126Z";"2020-11-10T11:38:06.126Z";
-1.676855643;48.107451399;-1.676479035;48.1074435;1605008272091;1605008272091;6.150000095367432;"Bus700";"OPC_N3:20";"2020-11-10T11:37:52.091Z";"2020-11-10T11:37:52.091Z";
-1.676411138;48.107431096;-1.676370478;48.107412982;1605008258047;1605008258047;6.150000095367432;"Bus700";"OPC_N3:20";"2020-11-10T11:37:38.047Z";"2020-11-10T11:37:38.047Z";
-1.676155723;48.107445389;-1.675431316;48.10742212;1605008244004;1605008244004;7.010000228881836;"Bus700";"OPC_N3:20";"2020-11-10T11:37:24.004Z";"2020-11-10T11:37:24.004Z";
-1.675109575;48.107464544;-1.674988775;48.107462783;1605008229938;1605008229938;17.84000015258789;"Bus700";"OPC_N3:20";"2020-11-10T11:37:09.938Z";"2020-11-10T11:37:09.938Z";
-1.674988775;48.107464544;-1.674935086;48.107459322;1605008215908;1605008215908;6.989999771118164;"Bus700";"OPC_N3:20";"2020-11-10T11:36:55.908Z";"2020-11-10T11:36:55.908Z";
-1.67485416;48.107447799;-1.674827708;48.107442872;1605008201678;1605008201678;3.6500000953674316;"Bus700";"OPC_N3:20";"2020-11-10T11:36:41.678Z";"2020-11-10T11:36:41.678Z";
-1.67452614;48.107262042;-1.674420414;48.10690052;1605008187607;1605008187607;3.240000009536743;"Bus700";"OPC_N3:20";"2020-11-10T11:36:27.607Z";"2020-11-10T11:36:27.607Z";
-1.674272854;48.106488798;-1.67409453;48.105968514;1605008173540;1605008173540;4.53000020980835;"Bus700";"OPC_N3:20";"2020-11-10T11:36:13.540Z";"2020-11-10T11:36:13.540Z";
-1.674066902;48.105950104;-1.674026636;48.105949517;1605008159497;1605008159497;3.640000104904175;"Bus700";"OPC_N3:20";"2020-11-10T11:35:59.497Z";"2020-11-10T11:35:59.497Z";
-1.673941398;48.105792909;-1.673843131;48.105654612;1605008145429;1605008145429;5.929999828338623;"Bus700";"OPC_N3:20";"2020-11-10T11:35:45.429Z";"2020-11-10T11:35:45.429Z";
-1.673801383;48.105375277;-1.673739766;48.105208553;1605008131401;1605008131401;5.28000020980835;"Bus700";"OPC_N3:20";"2020-11-10T11:35:31.401Z";"2020-11-10T11:35:31.401Z";
-1.673671176;48.104887571;-1.673595833;48.104621914;1605008117328;1605008117328;8.069999694824219;"Bus700";"OPC_N3:20";"2020-11-10T11:35:17.328Z";"2020-11-10T11:35:17.328Z";
-1.673379218;48.104135672;-1.673149486;48.104088207;1605008103281;1605008103281;6.960000038146973;"Bus700";"OPC_N3:20";"2020-11-10T11:35:03.281Z";"2020-11-10T11:35:03.281Z";
-1.672882234;48.104222694;-1.672494581;48.104148223;1605008089246;1605008089246;6.150000095367432;"Bus700";"OPC_N3:20";"2020-11-10T11:34:49.246Z";"2020-11-10T11:34:49.246Z";
-1.672494581;48.104216689;-1.672494581;48.104216689;1605008075207;1605008075207;6.150000095367432;"Bus700";"OPC_N3:20";"2020-11-10T11:34:35.207Z";"2020-11-10T11:34:35.207Z";
-1.672494973;48.10422338;-1.672494973;48.10422338;1605008061167;1605008061167;6.96999979019165;"Bus700";"OPC_N3:20";"2020-11-10T11:34:21.167Z";"2020-11-10T11:34:21.167Z";
-1.67236311;48.10431612;-1.671271272;48.104170977;1605008033049;1605008033049;9.819999694824219;"Bus700";"OPC_N3:20";"2020-11-10T11:33:53.049Z";"2020-11-10T11:33:53.049Z";
-1.670790841;48.104341988;-1.67013632;48.104248867;1605007994906;1605007994906;5.409999847412109;"Bus700";"OPC_N3:20";"2020-11-10T11:33:14.906Z";"2020-11-10T11:33:14.906Z";
-1.669761301;48.104645471;-1.667607861;48.104360833;1605007980857;1605007980857;3.359999895095825;"Bus700";"OPC_N3:20";"2020-11-10T11:33:00.857Z";"2020-11-10T11:33:00.857Z";
-1.667219416;48.104755722;-1.664582538;48.104661643;1605007952773;1605007952773;4.349999904632568;"Bus700";"OPC_N3:20";"2020-11-10T11:32:32.773Z";"2020-11-10T11:32:32.773Z";
-1.664376535;48.104542224;-1.663964141;48.104278677;1605007910610;1605007910610;2.950000047683716;"Bus700";"OPC_N3:20";"2020-11-10T11:31:50.610Z";"2020-11-10T11:31:50.610Z";
-1.662759283;48.103587324;-1.661473543;48.102848393;1605007896552;1605007896552;6.710000038146973;"Bus700";"OPC_N3:20";"2020-11-10T11:31:36.552Z";"2020-11-10T11:31:36.552Z";
-1.661460122;48.102842581;-1.661269502;48.102756419;1605007868437;1605007868437;3.380000114440918;"Bus700";"OPC_N3:20";"2020-11-10T11:31:08.437Z";"2020-11-10T11:31:08.437Z";
-1.6609684;48.102570234;-1.659796496;48.101613002;1605007854392;1605007854392;2.549999952316284;"Bus700";"OPC_N3:20";"2020-11-10T11:30:54.392Z";"2020-11-10T11:30:54.392Z";
-1.659782686;48.101606504;-1.658923775;48.100808493;1605007830334;1605007830334;2.25;"Bus700";"OPC_N3:20";"2020-11-10T11:30:30.334Z";"2020-11-10T11:30:30.334Z";
-1.658092897;48.100036168;-1.657927191;48.099892134;1605007802240;1605007802240;2.4200000762939453;"Bus700";"OPC_N3:20";"2020-11-10T11:30:02.240Z";"2020-11-10T11:30:02.240Z";
-1.657886153;48.099861508;-1.657872733;48.099861315;1605007788177;1605007788177;2.450000047683716;"Bus700";"OPC_N3:20";"2020-11-10T11:29:48.177Z";"2020-11-10T11:29:48.177Z";
-1.657334582;48.099416603;-1.656975173;48.09910284;1605007774126;1605007774126;2.9600000381469727;"Bus700";"OPC_N3:20";"2020-11-10T11:29:34.126Z";"2020-11-10T11:29:34.126Z";
-1.656491494;48.098682551;-1.655941112;48.098263911;1605007760075;1605007760075;3.940000057220459;"Bus700";"OPC_N3:20";"2020-11-10T11:29:20.075Z";"2020-11-10T11:29:20.075Z";
-1.655381197;48.097990451;-1.655353581;48.09797145;1605007746017;1605007746017;4.130000114440918;"Bus700";"OPC_N3:20";"2020-11-10T11:29:06.017Z";"2020-11-10T11:29:06.017Z";
-1.655353581;48.09797145;-1.655353581;48.09797145;1605007731978;1605007731978;4.510000228881836;"Bus700";"OPC_N3:20";"2020-11-10T11:28:51.978Z";"2020-11-10T11:28:51.978Z";
-1.655353581;48.097977649;-1.654546689;48.097553739;1605007707904;1605007707904;4.690000057220459;"Bus700";"OPC_N3:20";"2020-11-10T11:28:27.904Z";"2020-11-10T11:28:27.904Z";
-1.653821103;48.097148245;-1.653411153;48.096942827;1605007651682;1605007651682;2.109999895095825;"Bus700";"OPC_N3:20";"2020-11-10T11:27:31.682Z";"2020-11-10T11:27:31.682Z";
-1.651632935;48.095947365;-1.65156429;48.095903548;1605007623579;1605007623579;2.759999990463257;"Bus700";"OPC_N3:20";"2020-11-10T11:27:03.579Z";"2020-11-10T11:27:03.579Z";
-1.65156429;48.095903548;-1.651537064;48.095891236;1605007609548;1605007609548;2.359999895095825;"Bus700";"OPC_N3:20";"2020-11-10T11:26:49.548Z";"2020-11-10T11:26:49.548Z";
-1.65082456;48.095460822;-1.650453347;48.095192014;1605007595478;1605007595478;2.4700000286102295;"Bus700";"OPC_N3:20";"2020-11-10T11:26:35.478Z";"2020-11-10T11:26:35.478Z";
-1.649806412;48.094697827;-1.649379601;48.094372308;1605007581431;1605007581431;5.070000171661377;"Bus700";"OPC_N3:20";"2020-11-10T11:26:21.431Z";"2020-11-10T11:26:21.431Z";
-1.648443167;48.093634223;-1.648002183;48.09327749;1605007567369;1605007567369;4.710000038146973;"Bus700";"OPC_N3:20";"2020-11-10T11:26:07.369Z";"2020-11-10T11:26:07.369Z";
-1.647631;48.09301468;-1.647260593;48.092759242;1605007553334;1605007553334;3.2100000381469727;"Bus700";"OPC_N3:20";"2020-11-10T11:25:53.334Z";"2020-11-10T11:25:53.334Z";
-1.647260593;48.092759242;-1.647260593;48.092759242;1605007539258;1605007539258;2.990000009536743;"Bus700";"OPC_N3:20";"2020-11-10T11:25:39.258Z";"2020-11-10T11:25:39.258Z";
-1.647260593;48.092759242;-1.647260593;48.092759242;1605007525231;1605007525231;3.680000066757202;"Bus700";"OPC_N3:20";"2020-11-10T11:25:25.231Z";"2020-11-10T11:25:25.231Z";
-1.647260593;48.092759242;-1.647260593;48.092759242;1605007511222;1605007511222;3.700000047683716;"Bus700";"OPC_N3:20";"2020-11-10T11:25:11.222Z";"2020-11-10T11:25:11.222Z";
-1.647260593;48.092759242;-1.647260593;48.092759242;1605007497125;1605007497125;3.700000047683716;"Bus700";"OPC_N3:20";"2020-11-10T11:24:57.125Z";"2020-11-10T11:24:57.125Z";
-1.647260593;48.092753235;-1.647246788;48.09274073;1605007472785;1605007472785;3.2699999809265137;"Bus700";"OPC_N3:20";"2020-11-10T11:24:32.785Z";"2020-11-10T11:24:32.785Z";
-1.646901678;48.092440125;-1.646446525;48.092070197;1605007457777;1605007457777;3.7300000190734863;"Bus700";"OPC_N3:20";"2020-11-10T11:24:17.777Z";"2020-11-10T11:24:17.777Z";
-1.645978346;48.091701143;-1.645258624;48.091023441;1605007443710;1605007443710;3.4800000190734863;"Bus700";"OPC_N3:20";"2020-11-10T11:24:03.710Z";"2020-11-10T11:24:03.710Z";
-1.645104473;48.090821716;-1.645090284;48.090796514;1605007429672;1605007429672;3.059999942779541;"Bus700";"OPC_N3:20";"2020-11-10T11:23:49.672Z";"2020-11-10T11:23:49.672Z";
-1.644992504;48.090676894;-1.644864421;48.090455398;1605007415609;1605007415609;2.430000066757202;"Bus700";"OPC_N3:20";"2020-11-10T11:23:35.609Z";"2020-11-10T11:23:35.609Z";
-1.644715215;48.089974143;-1.644714444;48.089954755;1605007401562;1605007401562;2.5;"Bus700";"OPC_N3:20";"2020-11-10T11:23:21.562Z";"2020-11-10T11:23:21.562Z";
-1.644714059;48.089948065;-1.644678362;48.089680443;1605007387520;1605007387520;3.4000000953674316;"Bus700";"OPC_N3:20";"2020-11-10T11:23:07.520Z";"2020-11-10T11:23:07.520Z";
-1.644652616;48.089286339;-1.644624944;48.088828748;1605007373490;1605007373490;3.4000000953674316;"Bus700";"OPC_N3:20";"2020-11-10T11:22:53.490Z";"2020-11-10T11:22:53.490Z";
-1.644611141;48.088816243;-1.644611141;48.088810236;1605007359430;1605007359430;2.950000047683716;"Bus700";"OPC_N3:20";"2020-11-10T11:22:39.430Z";"2020-11-10T11:22:39.430Z";
-1.644595797;48.088746942;-1.643210929;48.087403165;1605007345375;1605007345375;4;"Bus700";"OPC_N3:20";"2020-11-10T11:22:25.375Z";"2020-11-10T11:22:25.375Z";
-1.643210929;48.087410132;-1.643210544;48.087403442;1605007275125;1605007275125;5.960000038146973;"Bus700";"OPC_N3:20";"2020-11-10T11:21:15.125Z";"2020-11-10T11:21:15.125Z";
-1.643197127;48.087397627;-1.643197127;48.087397627;1605007251060;1605007251060;2.430000066757202;"Bus700";"OPC_N3:20";"2020-11-10T11:20:51.060Z";"2020-11-10T11:20:51.060Z";
-1.643197127;48.087397627;-1.643197127;48.087397627;1605007237015;1605007237015;4.110000133514404;"Bus700";"OPC_N3:20";"2020-11-10T11:20:37.015Z";"2020-11-10T11:20:37.015Z";
-1.643197127;48.087403826;-1.643183709;48.087397627;1605007222946;1605007222946;4.440000057220459;"Bus700";"OPC_N3:20";"2020-11-10T11:20:22.946Z";"2020-11-10T11:20:22.946Z";
-1.643157645;48.087635603;-1.642076617;48.087388;1605007194853;1605007194853;3.4000000953674316;"Bus700";"OPC_N3:20";"2020-11-10T11:19:54.853Z";"2020-11-10T11:19:54.853Z";
-1.640964938;48.088209001;-1.63830099;48.087685308;1605007166740;1605007166740;3.7899999618530273;"Bus700";"OPC_N3:20";"2020-11-10T11:19:26.740Z";"2020-11-10T11:19:26.740Z";
-1.637997377;48.088408352;-1.637402413;48.088113715;1605007110514;1605007110514;4.010000228881836;"Bus700";"OPC_N3:20";"2020-11-10T11:18:30.514Z";"2020-11-10T11:18:30.514Z";
-1.636596976;48.089165165;-1.636043015;48.088839707;1605007096470;1605007096470;4.869999885559082;"Bus700";"OPC_N3:20";"2020-11-10T11:18:16.470Z";"2020-11-10T11:18:16.470Z";
-1.635767373;48.090800111;-1.634373015;48.089372333;1605007082418;1605007082418;2.9100000858306885;"Bus700";"OPC_N3:20";"2020-11-10T11:18:02.418Z";"2020-11-10T11:18:02.418Z";
-1.635235969;48.09175067;-1.634811956;48.091501962;1605007054351;1605007054351;4.03000020980835;"Bus700";"OPC_N3:20";"2020-11-10T11:17:34.351Z";"2020-11-10T11:17:34.351Z";
-1.636638766;48.091960031;-1.636141517;48.091941708;1605007040277;1605007040277;3.0299999713897705;"Bus700";"OPC_N3:20";"2020-11-10T11:17:20.277Z";"2020-11-10T11:17:20.277Z";
-1.639310976;48.092369969;-1.637621381;48.09204765;1605007026234;1605007026234;1.7100000381469727;"Bus700";"OPC_N3:20";"2020-11-10T11:17:06.234Z";"2020-11-10T11:17:06.234Z";
-1.640050176;48.093103285;-1.639572458;48.092564162;1605006998130;1605006998130;1.7999999523162842;"Bus700";"OPC_N3:20";"2020-11-10T11:16:38.130Z";"2020-11-10T11:16:38.130Z";
-1.638669625;48.094985889;-1.637780554;48.093777787;1605006970038;1605006970038;1.2799999713897705;"Bus700";"OPC_N3:20";"2020-11-10T11:16:10.038Z";"2020-11-10T11:16:10.038Z";
-1.63745352;48.096044815;-1.637277539;48.095666546;1605006945975;1605006945975;2.069999933242798;"Bus700";"OPC_N3:20";"2020-11-10T11:15:45.975Z";"2020-11-10T11:15:45.975Z";
-1.637036376;48.096493532;-1.636807475;48.096257991;1605006931910;1605006931910;1.8899999856948853;"Bus700";"OPC_N3:20";"2020-11-10T11:15:31.910Z";"2020-11-10T11:15:31.910Z";
-1.637001866;48.096257991;-1.637001866;48.096257991;1605006903829;1605006903829;2.4000000953674316;"Bus700";"OPC_N3:20";"2020-11-10T11:15:03.829Z";"2020-11-10T11:15:03.829Z";
-1.637001866;48.096257991;-1.637001866;48.096257991;1605006889748;1605006889748;1.7699999809265137;"Bus700";"OPC_N3:20";"2020-11-10T11:14:49.748Z";"2020-11-10T11:14:49.748Z";
-1.636988447;48.096258182;-1.636988447;48.096258182;1605006875712;1605006875712;2.059999942779541;"Bus700";"OPC_N3:20";"2020-11-10T11:14:35.712Z";"2020-11-10T11:14:35.712Z";
-1.637001866;48.096258182;-1.636988447;48.096257991;1605006861641;1605006861641;2.190000057220459;"Bus700";"OPC_N3:20";"2020-11-10T11:14:21.641Z";"2020-11-10T11:14:21.641Z";
-1.637001866;48.096257991;-1.637001866;48.096251985;1605006846831;1605006846831;2.390000104904175;"Bus700";"OPC_N3:20";"2020-11-10T11:14:06.831Z";"2020-11-10T11:14:06.831Z";
-1.637001866;48.096251985;-1.637001866;48.096251985;1605006832775;1605006832775;2.609999895095825;"Bus700";"OPC_N3:20";"2020-11-10T11:13:52.775Z";"2020-11-10T11:13:52.775Z";
-1.637001866;48.096251985;-1.637001866;48.096251985;1605006808725;1605006808725;2.2200000286102295;"Bus700";"OPC_N3:20";"2020-11-10T11:13:28.725Z";"2020-11-10T11:13:28.725Z";
-1.637015286;48.096251793;-1.637015286;48.096251793;1605006780638;1605006780638;1.6799999475479126;"Bus700";"OPC_N3:20";"2020-11-10T11:13:00.638Z";"2020-11-10T11:13:00.638Z";
-1.637028322;48.096244911;-1.637028322;48.096244911;1605006766561;1605006766561;2.309999942779541;"Bus700";"OPC_N3:20";"2020-11-10T11:12:46.561Z";"2020-11-10T11:12:46.561Z";
-1.637028322;48.096250918;-1.637028322;48.096244911;1605006752515;1605006752515;2.009999990463257;"Bus700";"OPC_N3:20";"2020-11-10T11:12:32.515Z";"2020-11-10T11:12:32.515Z";
-1.637028322;48.096244911;-1.637028322;48.096244911;1605006738445;1605006738445;2.0999999046325684;"Bus700";"OPC_N3:20";"2020-11-10T11:12:18.445Z";"2020-11-10T11:12:18.445Z";
-1.637028322;48.096244911;-1.637028322;48.096244911;1605006724404;1605006724404;1.809999942779541;"Bus700";"OPC_N3:20";"2020-11-10T11:12:04.404Z";"2020-11-10T11:12:04.404Z";
-1.637028705;48.096257609;-1.637028705;48.096257609;1605006710343;1605006710343;2.5299999713897705;"Bus700";"OPC_N3:20";"2020-11-10T11:11:50.343Z";"2020-11-10T11:11:50.343Z";
-1.637028705;48.096257609;-1.637028705;48.096257609;1605006686276;1605006686276;2.200000047683716;"Bus700";"OPC_N3:20";"2020-11-10T11:11:26.276Z";"2020-11-10T11:11:26.276Z";
-1.637028705;48.096257609;-1.637028322;48.096250918;1605006672213;1605006672213;2.509999990463257;"Bus700";"OPC_N3:20";"2020-11-10T11:11:12.213Z";"2020-11-10T11:11:12.213Z";
-1.637028322;48.096250918;-1.637028322;48.096250918;1605006658183;1605006658183;2.240000009536743;"Bus700";"OPC_N3:20";"2020-11-10T11:10:58.183Z";"2020-11-10T11:10:58.183Z";
-1.637028322;48.096250918;-1.637028322;48.096250918;1605006644117;1605006644117;1.9800000190734863;"Bus700";"OPC_N3:20";"2020-11-10T11:10:44.117Z";"2020-11-10T11:10:44.117Z";
-1.637028322;48.096250918;-1.637028322;48.096250918;1605006630066;1605006630066;2.380000114440918;"Bus700";"OPC_N3:20";"2020-11-10T11:10:30.066Z";"2020-11-10T11:10:30.066Z";
-1.637028322;48.096250918;-1.637028322;48.096250918;1605006616036;1605006616036;2.0999999046325684;"Bus700";"OPC_N3:20";"2020-11-10T11:10:16.036Z";"2020-11-10T11:10:16.036Z";
-1.637028322;48.096250918;-1.637028322;48.096250918;1605006601965;1605006601965;1.5299999713897705;"Bus700";"OPC_N3:20";"2020-11-10T11:10:01.965Z";"2020-11-10T11:10:01.965Z";
-1.637028322;48.0962578;-1.637014902;48.096250918;1605006587903;1605006587903;2.049999952316284;"Bus700";"OPC_N3:20";"2020-11-10T11:09:47.903Z";"2020-11-10T11:09:47.903Z";
-1.637015286;48.0962578;-1.637014902;48.096251109;1605006563867;1605006563867;2.190000057220459;"Bus700";"OPC_N3:20";"2020-11-10T11:09:23.867Z";"2020-11-10T11:09:23.867Z";
-1.637014902;48.096251109;-1.637014902;48.096251109;1605006549796;1605006549796;3.119999885559082;"Bus700";"OPC_N3:20";"2020-11-10T11:09:09.796Z";"2020-11-10T11:09:09.796Z";
-1.637014902;48.096251109;-1.637014902;48.096251109;1605006535751;1605006535751;3.5799999237060547;"Bus700";"OPC_N3:20";"2020-11-10T11:08:55.751Z";"2020-11-10T11:08:55.751Z";
-1.637014902;48.096251109;-1.637014902;48.096251109;1605006521686;1605006521686;4.380000114440918;"Bus700";"OPC_N3:20";"2020-11-10T11:08:41.686Z";"2020-11-10T11:08:41.686Z";
-1.637028322;48.096251109;-1.637014902;48.096250918;1605006507646;1605006507646;6.210000038146973;"Bus700";"OPC_N3:20";"2020-11-10T11:08:27.646Z";"2020-11-10T11:08:27.646Z";
-1.637028705;48.096257609;-1.637028322;48.096250918;1605006493582;1605006493582;3.440000057220459;"Bus700";"OPC_N3:20";"2020-11-10T11:08:13.582Z";"2020-11-10T11:08:13.582Z";
-1.637028705;48.096257609;-1.637028705;48.096257609;1605006465488;1605006465488;2.9200000762939453;"Bus700";"OPC_N3:20";"2020-11-10T11:07:45.488Z";"2020-11-10T11:07:45.488Z";
-1.637028705;48.096251793;-1.637015286;48.096251602;1605006441425;1605006441425;4.070000171661377;"Bus700";"OPC_N3:20";"2020-11-10T11:07:21.425Z";"2020-11-10T11:07:21.425Z";
-1.637131843;48.096245787;-1.637014902;48.096104398;1605006427364;1605006427364;3.7799999713897705;"Bus700";"OPC_N3:20";"2020-11-10T11:07:07.364Z";"2020-11-10T11:07:07.364Z";
-1.637524829;48.095752016;-1.637322395;48.095354661;1605006413323;1605006413323;3.559999942779541;"Bus700";"OPC_N3:20";"2020-11-10T11:06:53.323Z";"2020-11-10T11:06:53.323Z";
-1.639822059;48.094495889;-1.637968027;48.092728759;1605006385221;1605006385221;5.610000133514404;"Bus700";"OPC_N3:20";"2020-11-10T11:06:25.221Z";"2020-11-10T11:06:25.221Z";
-1.639644544;48.092716254;-1.639603136;48.092684744;1605006333024;1605006333024;2.9000000953674316;"Bus700";"OPC_N3:20";"2020-11-10T11:05:33.024Z";"2020-11-10T11:05:33.024Z";
-1.639260374;48.092460298;-1.638957871;48.092247291;1605006318976;1605006318976;3.8499999046325684;"Bus700";"OPC_N3:20";"2020-11-10T11:05:18.976Z";"2020-11-10T11:05:18.976Z";
-1.637675823;48.092048251;-1.63728592;48.09203441;1605006304948;1605006304948;3.8499999046325684;"Bus700";"OPC_N3:20";"2020-11-10T11:05:04.948Z";"2020-11-10T11:05:04.948Z";
-1.636518767;48.091982204;-1.636492314;48.091969125;1605006290893;1605006290893;3.5899999141693115;"Bus700";"OPC_N3:20";"2020-11-10T11:04:50.893Z";"2020-11-10T11:04:50.893Z";
-1.636492314;48.091995092;-1.636358512;48.091982204;1605006276832;1605006276832;3.7300000190734863;"Bus700";"OPC_N3:20";"2020-11-10T11:04:36.832Z";"2020-11-10T11:04:36.832Z";
-1.635860113;48.091946404;-1.634343499;48.089606829;1605006262781;1605006262781;3.390000104904175;"Bus700";"OPC_N3:20";"2020-11-10T11:04:22.781Z";"2020-11-10T11:04:22.781Z";
-1.635273596;48.08951634;-1.635273596;48.08951634;1605006220609;1605006220609;2.2200000286102295;"Bus700";"OPC_N3:20";"2020-11-10T11:03:40.609Z";"2020-11-10T11:03:40.609Z";
-1.64065749;48.08951634;-1.635273596;48.087743455;1605006206568;1605006206568;4.010000228881836;"Bus700";"OPC_N3:20";"2020-11-10T11:03:26.568Z";"2020-11-10T11:03:26.568Z";
-1.642727523;48.088248646;-1.640859521;48.087464418;1605006136306;1605006136306;3.4100000858306885;"Bus700";"OPC_N3:20";"2020-11-10T11:02:16.306Z";"2020-11-10T11:02:16.306Z";
-1.643346641;48.087525276;-1.643171447;48.087496177;1605006108240;1605006108240;3.7799999713897705;"Bus700";"OPC_N3:20";"2020-11-10T11:01:48.240Z";"2020-11-10T11:01:48.240Z";
-1.643885641;48.087599597;-1.643562472;48.087566113;1605006080127;1605006080127;3.759999990463257;"Bus700";"OPC_N3:20";"2020-11-10T11:01:20.127Z";"2020-11-10T11:01:20.127Z";
-1.644696774;48.088240966;-1.644109113;48.087247726;1605006066057;1605006066057;4.400000095367432;"Bus700";"OPC_N3:20";"2020-11-10T11:01:06.057Z";"2020-11-10T11:01:06.057Z";
-1.644681763;48.089350123;-1.644606518;48.088699921;1605006037946;1605006037946;3.190000057220459;"Bus700";"OPC_N3:20";"2020-11-10T11:00:37.946Z";"2020-11-10T11:00:37.946Z";
-1.657971725;48.100007196;-1.657432019;48.099535527;1605005773870;1605005773870;3.0999999046325684;"Bus700";"OPC_N3:20";"2020-11-10T10:56:13.870Z";"2020-11-10T10:56:13.870Z";
-1.660120734;48.102080387;-1.658900432;48.100881113;1605005749845;1605005749845;3.0999999046325684;"Bus700";"OPC_N3:20";"2020-11-10T10:55:49.845Z";"2020-11-10T10:55:49.845Z";
-1.660874841;48.102572472;-1.660546899;48.102392484;1605005725831;1605005725831;3.0999999046325684;"Bus700";"OPC_N3:20";"2020-11-10T10:55:25.831Z";"2020-11-10T10:55:25.831Z";
-1.661269891;48.102745094;-1.660874841;48.10257101;1605005701810;1605005701810;3.0999999046325684;"Bus700";"OPC_N3:20";"2020-11-10T10:55:01.810Z";"2020-11-10T10:55:01.810Z";
-1.663463648;48.104110855;-1.661775817;48.103006605;1605005677784;1605005677784;3.0999999046325684;"Bus700";"OPC_N3:20";"2020-11-10T10:54:37.784Z";"2020-11-10T10:54:37.784Z";
-1.666040657;48.104853905;-1.664462524;48.104670771;1605005653768;1605005653768;3.0999999046325684;"Bus700";"OPC_N3:20";"2020-11-10T10:54:13.768Z";"2020-11-10T10:54:13.768Z";
-1.670081069;48.104781364;-1.666615444;48.104394074;1605005629757;1605005629757;3.0999999046325684;"Bus700";"OPC_N3:20";"2020-11-10T10:53:49.757Z";"2020-11-10T10:53:49.757Z";
-1.672536413;48.104309898;-1.670723734;48.104206086;1605005581713;1605005581713;3.0999999046325684;"Bus700";"OPC_N3:20";"2020-11-10T10:53:01.713Z";"2020-11-10T10:53:01.713Z";
-1.672603128;48.104253216;-1.672603128;48.104253216;1605005553655;1605005553655;2.619999885559082;"Bus700";"OPC_N3:20";"2020-11-10T10:52:33.655Z";"2020-11-10T10:52:33.655Z";
-1.672603128;48.104253216;-1.672589707;48.104247406;1605005539636;1605005539636;2.619999885559082;"Bus700";"OPC_N3:20";"2020-11-10T10:52:19.636Z";"2020-11-10T10:52:19.636Z";
-1.672922891;48.104194078;-1.672762617;48.104165849;1605005525606;1605005525606;2.619999885559082;"Bus700";"OPC_N3:20";"2020-11-10T10:52:05.606Z";"2020-11-10T10:52:05.606Z";
-1.672962371;48.104165849;-1.672909077;48.104146365;1605005511624;1605005511624;2.619999885559082;"Bus700";"OPC_N3:20";"2020-11-10T10:51:51.624Z";"2020-11-10T10:51:51.624Z";
-1.673423012;48.104291396;-1.673228838;48.104090982;1605005497570;1605005497570;2.619999885559082;"Bus700";"OPC_N3:20";"2020-11-10T10:51:37.570Z";"2020-11-10T10:51:37.570Z";
-1.673613961;48.104792097;-1.673512559;48.104570241;1605005473556;1605005473556;2.619999885559082;"Bus700";"OPC_N3:20";"2020-11-10T10:51:13.556Z";"2020-11-10T10:51:13.556Z";
-1.673804521;48.105286107;-1.673762295;48.105217204;1605005459508;1605005459508;2.619999885559082;"Bus700";"OPC_N3:20";"2020-11-10T10:50:59.508Z";"2020-11-10T10:50:59.508Z";
-1.674055049;48.10598849;-1.673819119;48.105324002;1605005435460;1605005435460;2.0399999618530273;"Bus700";"OPC_N3:20";"2020-11-10T10:50:35.460Z";"2020-11-10T10:50:35.460Z";
-1.674653611;48.107476127;-1.674128827;48.106197353;1605005421406;1605005421406;3.0399999618530273;"Bus700";"OPC_N3:20";"2020-11-10T10:50:21.406Z";"2020-11-10T10:50:21.406Z";
-1.677739881;48.107771527;-1.675513812;48.107417258;1605005393276;1605005393276;2.0999999046325684;"Bus700";"OPC_N3:20";"2020-11-10T10:49:53.276Z";"2020-11-10T10:49:53.276Z";
-1.677755269;48.107861091;-1.677741453;48.107816113;1605005351127;1605005351127;1.409999966621399;"Bus700";"OPC_N3:20";"2020-11-10T10:49:11.127Z";"2020-11-10T10:49:11.127Z";
-1.677759821;48.109186762;-1.677749206;48.108363647;1605005313016;1605005313016;1.5199999809265137;"Bus700";"OPC_N3:20";"2020-11-10T10:48:33.016Z";"2020-11-10T10:48:33.016Z";
-1.677797282;48.10949916;-1.677765718;48.1093592;1605005284911;1605005284911;2.240000009536743;"Bus700";"OPC_N3:20";"2020-11-10T10:48:04.911Z";"2020-11-10T10:48:04.911Z";
-1.677797282;48.10949916;-1.677797282;48.10949916;1605005270425;1605005270425;1.6100000143051147;"Bus700";"OPC_N3:20";"2020-11-10T10:47:50.425Z";"2020-11-10T10:47:50.425Z";
-1.677797282;48.10951117;-1.677797282;48.109505165;1605005255393;1605005255393;2.2100000381469727;"Bus700";"OPC_N3:20";"2020-11-10T10:47:35.393Z";"2020-11-10T10:47:35.393Z";
-1.677810705;48.109516979;-1.677810705;48.109516979;1605005241320;1605005241320;2.5199999809265137;"Bus700";"OPC_N3:20";"2020-11-10T10:47:21.320Z";"2020-11-10T10:47:21.320Z";
-1.677824521;48.10952948;-1.677824127;48.109522788;1605005227277;1605005227277;1.9900000095367432;"Bus700";"OPC_N3:20";"2020-11-10T10:47:07.277Z";"2020-11-10T10:47:07.277Z";
-1.677837943;48.109535288;-1.677837943;48.109535288;1605005213215;1605005213215;1.850000023841858;"Bus700";"OPC_N3:20";"2020-11-10T10:46:53.215Z";"2020-11-10T10:46:53.215Z";
-1.677838337;48.10954198;-1.677838337;48.10954198;1605005199171;1605005199171;1.9900000095367432;"Bus700";"OPC_N3:20";"2020-11-10T10:46:39.171Z";"2020-11-10T10:46:39.171Z";
-1.677838337;48.10954198;-1.677838337;48.109535976;1605005185112;1605005185112;1.7200000286102295;"Bus700";"OPC_N3:20";"2020-11-10T10:46:25.112Z";"2020-11-10T10:46:25.112Z";
-1.677838337;48.109535976;-1.677838337;48.109535976;1605005146995;1605005146995;3.180000066757202;"Bus700";"OPC_N3:20";"2020-11-10T10:45:46.995Z";"2020-11-10T10:45:46.995Z";
-1.677838337;48.109535976;-1.677838337;48.109535976;1605005132957;1605005132957;3.680000066757202;"Bus700";"OPC_N3:20";"2020-11-10T10:45:32.957Z";"2020-11-10T10:45:32.957Z";
-1.67783873;48.109542667;-1.67783873;48.109542667;1605005118887;1605005118887;3.5;"Bus700";"OPC_N3:20";"2020-11-10T10:45:18.887Z";"2020-11-10T10:45:18.887Z";
-1.67783873;48.109542863;-1.677825307;48.109542667;1605005104855;1605005104855;3.869999885559082;"Bus700";"OPC_N3:20";"2020-11-10T10:45:04.855Z";"2020-11-10T10:45:04.855Z";
-1.677839123;48.109555364;-1.677839123;48.109555364;1605005076752;1605005076752;2;"Bus700";"OPC_N3:20";"2020-11-10T10:44:36.752Z";"2020-11-10T10:44:36.752Z";
-1.677866362;48.109573674;-1.677852939;48.109567669;1605005062681;1605005062681;2.0999999046325684;"Bus700";"OPC_N3:20";"2020-11-10T10:44:22.681Z";"2020-11-10T10:44:22.681Z";
-1.677867934;48.109600442;-1.677867148;48.109587058;1605005038639;1605005038639;2.309999942779541;"Bus700";"OPC_N3:20";"2020-11-10T10:43:58.639Z";"2020-11-10T10:43:58.639Z";
-1.677918426;48.109875927;-1.677860409;48.109755061;1605005024576;1605005024576;3.319999933242798;"Bus700";"OPC_N3:20";"2020-11-10T10:43:44.576Z";"2020-11-10T10:43:44.576Z";
-1.67895356;48.109911299;-1.678188063;48.109904092;1605005010529;1605005010529;3.119999885559082;"Bus700";"OPC_N3:20";"2020-11-10T10:43:30.529Z";"2020-11-10T10:43:30.529Z";
-1.67973248;48.109906928;-1.679343217;48.109906614;1605004996460;1605004996460;3.200000047683716;"Bus700";"OPC_N3:20";"2020-11-10T10:43:16.460Z";"2020-11-10T10:43:16.460Z";
-1.680632992;48.109937872;-1.680404804;48.109935204;1605004982402;1605004982402;4.519999980926514;"Bus700";"OPC_N3:20";"2020-11-10T10:43:02.402Z";"2020-11-10T10:43:02.402Z";
-1.680740375;48.109930296;-1.680740375;48.109918286;1605004968344;1605004968344;4;"Bus700";"OPC_N3:20";"2020-11-10T10:42:48.344Z";"2020-11-10T10:42:48.344Z";
-1.680767221;48.10991809;-1.680753798;48.109917893;1605004939875;1605004939875;4.03000020980835;"Bus700";"OPC_N3:20";"2020-11-10T10:42:19.875Z";"2020-11-10T10:42:19.875Z";
-1.68249995;48.109929608;-1.680834729;48.109894611;1605004925836;1605004925836;3.950000047683716;"Bus700";"OPC_N3:20";"2020-11-10T10:42:05.836Z";"2020-11-10T10:42:05.836Z";
-1.683413098;48.109881928;-1.683036864;48.109880742;1605004901763;1605004901763;4.670000076293945;"Bus700";"OPC_N3:20";"2020-11-10T10:41:41.763Z";"2020-11-10T10:41:41.763Z";
-1.683493635;48.109868738;-1.683493635;48.109862733;1605004887728;1605004887728;4.800000190734863;"Bus700";"OPC_N3:20";"2020-11-10T10:41:27.728Z";"2020-11-10T10:41:27.728Z";
-1.684325455;48.109811653;-1.684016336;48.109807814;1605004873671;1605004873671;3.75;"Bus700";"OPC_N3:20";"2020-11-10T10:41:13.671Z";"2020-11-10T10:41:13.671Z";
-1.685216494;48.109953877;-1.68466142;48.109809586;1605004859607;1605004859607;3.380000114440918;"Bus700";"OPC_N3:20";"2020-11-10T10:40:59.607Z";"2020-11-10T10:40:59.607Z";
-1.685973705;48.1101146;-1.685556015;48.110075923;1605004831510;1605004831510;3.2300000190734863;"Bus700";"OPC_N3:20";"2020-11-10T10:40:31.510Z";"2020-11-10T10:40:31.510Z";
-1.686452214;48.110782894;-1.686264278;48.110365773;1605004817445;1605004817445;2.8399999141693115;"Bus700";"OPC_N3:20";"2020-11-10T10:40:17.445Z";"2020-11-10T10:40:17.445Z";
-1.686965093;48.111728058;-1.686867177;48.111572446;1605004803404;1605004803404;2.4100000858306885;"Bus700";"OPC_N3:20";"2020-11-10T10:40:03.404Z";"2020-11-10T10:40:03.404Z";
-1.687387168;48.11228424;-1.687037349;48.111886126;1605004779344;1605004779344;3.1600000858306885;"Bus700";"OPC_N3:20";"2020-11-10T10:39:39.344Z";"2020-11-10T10:39:39.344Z";
-1.689374191;48.112175072;-1.687948182;48.111805831;1605004765287;1605004765287;2.359999895095825;"Bus700";"OPC_N3:20";"2020-11-10T10:39:25.287Z";"2020-11-10T10:39:25.287Z";
-1.6904804;48.111663288;-1.689973882;48.111559527;1605004751238;1605004751238;2.859999895095825;"Bus700";"OPC_N3:20";"2020-11-10T10:39:11.238Z";"2020-11-10T10:39:11.238Z";
-1.693325928;48.112716521;-1.691380205;48.111990875;1605004737200;1605004737200;3.059999942779541;"Bus700";"OPC_N3:20";"2020-11-10T10:38:57.200Z";"2020-11-10T10:38:57.200Z";
-1.693370167;48.112978128;-1.693360711;48.11283689;1605004695027;1605004695027;4.190000057220459;"Bus700";"OPC_N3:20";"2020-11-10T10:38:15.027Z";"2020-11-10T10:38:15.027Z";
-1.693351256;48.113215132;-1.693343389;48.113055194;1605004656911;1605004656911;2.5199999809265137;"Bus700";"OPC_N3:20";"2020-11-10T10:37:36.911Z";"2020-11-10T10:37:36.911Z";
-1.693359987;48.113316508;-1.693359987;48.113316508;1605004642869;1605004642869;2.700000047683716;"Bus700";"OPC_N3:20";"2020-11-10T10:37:22.869Z";"2020-11-10T10:37:22.869Z";
-1.69334577;48.11345539;-1.693323288;48.11331533;1605004628810;1605004628810;2.4200000762939453;"Bus700";"OPC_N3:20";"2020-11-10T10:37:08.810Z";"2020-11-10T10:37:08.810Z";
-1.693171727;48.114415478;-1.692585904;48.113774494;1605004614757;1605004614757;3.359999895095825;"Bus700";"OPC_N3:20";"2020-11-10T10:36:54.757Z";"2020-11-10T10:36:54.757Z";
-1.692377467;48.115404889;-1.69177033;48.114633797;1605004600701;1605004600701;3.75;"Bus700";"OPC_N3:20";"2020-11-10T10:36:40.701Z";"2020-11-10T10:36:40.701Z";
-1.691433193;48.115974106;-1.691211719;48.115772916;1605004586648;1605004586648;3.240000009536743;"Bus700";"OPC_N3:20";"2020-11-10T10:36:26.648Z";"2020-11-10T10:36:26.648Z";
-1.690964583;48.116656218;-1.690561106;48.116237797;1605004572574;1605004572574;3.700000047683716;"Bus700";"OPC_N3:20";"2020-11-10T10:36:12.574Z";"2020-11-10T10:36:12.574Z";
-1.689909288;48.117994837;-1.689289451;48.117270216;1605004558522;1605004558522;4.090000152587891;"Bus700";"OPC_N3:20";"2020-11-10T10:35:58.522Z";"2020-11-10T10:35:58.522Z";
-1.689291035;48.118107828;-1.68925472;48.118008222;1605004534459;1605004534459;2.759999990463257;"Bus700";"OPC_N3:20";"2020-11-10T10:35:34.459Z";"2020-11-10T10:35:34.459Z";
-1.689255907;48.118127217;-1.689255511;48.118120525;1605004506354;1605004506354;3.2699999809265137;"Bus700";"OPC_N3:20";"2020-11-10T10:35:06.354Z";"2020-11-10T10:35:06.354Z";
-1.689204979;48.11842486;-1.689024551;48.118192868;1605004492309;1605004492309;3.5399999618530273;"Bus700";"OPC_N3:20";"2020-11-10T10:34:52.309Z";"2020-11-10T10:34:52.309Z";
-1.688352568;48.119477928;-1.688119619;48.119213062;1605004478246;1605004478246;3.450000047683716;"Bus700";"OPC_N3:20";"2020-11-10T10:34:38.246Z";"2020-11-10T10:34:38.246Z";
-1.687860608;48.120491718;-1.687199245;48.119774585;1605004464208;1605004464208;5.070000171661377;"Bus700";"OPC_N3:20";"2020-11-10T10:34:24.208Z";"2020-11-10T10:34:24.208Z";
-1.686862437;48.121492213;-1.686318717;48.120866425;1605004450139;1605004450139;2.9800000190734863;"Bus700";"OPC_N3:20";"2020-11-10T10:34:10.139Z";"2020-11-10T10:34:10.139Z";
-1.686072321;48.12212351;-1.685761163;48.121769279;1605004436092;1605004436092;5.119999885559082;"Bus700";"OPC_N3:20";"2020-11-10T10:33:56.092Z";"2020-11-10T10:33:56.092Z";
-1.685761558;48.122310516;-1.685592551;48.122130203;1605004412031;1605004412031;4.519999980926514;"Bus700";"OPC_N3:20";"2020-11-10T10:33:32.031Z";"2020-11-10T10:33:32.031Z";
-1.685217811;48.122788466;-1.685192144;48.122761989;1605004397984;1605004397984;3.5199999809265137;"Bus700";"OPC_N3:20";"2020-11-10T10:33:17.984Z";"2020-11-10T10:33:17.984Z";
-1.685192539;48.122873014;-1.685128173;48.122788466;1605004383928;1605004383928;3.509999990463257;"Bus700";"OPC_N3:20";"2020-11-10T10:33:03.928Z";"2020-11-10T10:33:03.928Z";
-1.684921647;48.123575366;-1.684102639;48.12313679;1605004369876;1605004369876;4.650000095367432;"Bus700";"OPC_N3:20";"2020-11-10T10:32:49.876Z";"2020-11-10T10:32:49.876Z";
-1.683808837;48.123649967;-1.683393802;48.123605779;1605004341767;1605004341767;2.690000057220459;"Bus700";"OPC_N3:20";"2020-11-10T10:32:21.767Z";"2020-11-10T10:32:21.767Z";
-1.682215431;48.123768643;-1.681866737;48.123750836;1605004327706;1605004327706;5.389999866485596;"Bus700";"OPC_N3:20";"2020-11-10T10:32:07.706Z";"2020-11-10T10:32:07.706Z";
-1.682793057;48.126610162;-1.681612003;48.124180936;1605004313661;1605004313661;4.440000057220459;"Bus700";"OPC_N3:20";"2020-11-10T10:31:53.661Z";"2020-11-10T10:31:53.661Z";
-1.683066323;48.127160455;-1.682951409;48.126932799;1605004275556;1605004275556;3.2100000381469727;"Bus700";"OPC_N3:20";"2020-11-10T10:31:15.556Z";"2020-11-10T10:31:15.556Z";
-1.683558767;48.128237122;-1.683471097;48.128021769;1605004247449;1605004247449;4.880000114440918;"Bus700";"OPC_N3:20";"2020-11-10T10:30:47.449Z";"2020-11-10T10:30:47.449Z";
-1.683586806;48.128274818;-1.683586806;48.128274818;1605004233381;1605004233381;4.789999961853027;"Bus700";"OPC_N3:20";"2020-11-10T10:30:33.381Z";"2020-11-10T10:30:33.381Z";
-1.683587201;48.128281512;-1.683587201;48.128281512;1605004219336;1605004219336;3.609999895095825;"Bus700";"OPC_N3:20";"2020-11-10T10:30:19.336Z";"2020-11-10T10:30:19.336Z";
-1.683619187;48.128428166;-1.683587596;48.128288206;1605004205275;1605004205275;3.5199999809265137;"Bus700";"OPC_N3:20";"2020-11-10T10:30:05.275Z";"2020-11-10T10:30:05.275Z";
-1.684219075;48.129929133;-1.683882991;48.129099615;1605004191233;1605004191233;3.069999933242798;"Bus700";"OPC_N3:20";"2020-11-10T10:29:51.233Z";"2020-11-10T10:29:51.233Z";
-1.684367571;48.130372235;-1.684248695;48.130017615;1605004153104;1605004153104;6.800000190734863;"Bus700";"OPC_N3:20";"2020-11-10T10:29:13.104Z";"2020-11-10T10:29:13.104Z";
-1.684835587;48.131957348;-1.684531867;48.130885317;1605004139027;1605004139027;5.010000228881836;"Bus700";"OPC_N3:20";"2020-11-10T10:28:59.027Z";"2020-11-10T10:28:59.027Z";
-1.685124705;48.132991485;-1.68497106;48.132401337;1605004124981;1605004124981;3.5399999618530273;"Bus700";"OPC_N3:20";"2020-11-10T10:28:44.981Z";"2020-11-10T10:28:44.981Z";
-1.685125891;48.133023573;-1.685125891;48.133023573;1605004110921;1605004110921;3.7699999809265137;"Bus700";"OPC_N3:20";"2020-11-10T10:28:30.921Z";"2020-11-10T10:28:30.921Z";
-1.68513932;48.133017374;-1.68513932;48.133017374;1605004082816;1605004082816;4.28000020980835;"Bus700";"OPC_N3:20";"2020-11-10T10:28:02.816Z";"2020-11-10T10:28:02.816Z";
-1.685169338;48.133130556;-1.685138924;48.133010679;1605004068772;1605004068772;4.619999885559082;"Bus700";"OPC_N3:20";"2020-11-10T10:27:48.772Z";"2020-11-10T10:27:48.772Z";
-1.685386187;48.134018629;-1.68524557;48.133409586;1605004054708;1605004054708;4.050000190734863;"Bus700";"OPC_N3:20";"2020-11-10T10:27:34.708Z";"2020-11-10T10:27:34.708Z";
-1.686051779;48.136307557;-1.685537471;48.134538599;1605004040667;1605004040667;3.9700000286102295;"Bus700";"OPC_N3:20";"2020-11-10T10:27:20.667Z";"2020-11-10T10:27:20.667Z";
-1.686305783;48.137087462;-1.686290771;48.137036874;1605004016596;1605004016596;3.0999999046325684;"Bus700";"OPC_N3:20";"2020-11-10T10:26:56.596Z";"2020-11-10T10:26:56.596Z";
-1.686334619;48.13715055;-1.686319213;48.137093267;1605004002556;1605004002556;2.8499999046325684;"Bus700";"OPC_N3:20";"2020-11-10T10:26:42.556Z";"2020-11-10T10:26:42.556Z";
-1.686566502;48.137882232;-1.686409677;48.13739149;1605003988497;1605003988497;4.730000019073486;"Bus700";"OPC_N3:20";"2020-11-10T10:26:28.497Z";"2020-11-10T10:26:28.497Z";
-1.68656892;48.138987124;-1.686460657;48.138129567;1605003974457;1605003974457;5.119999885559082;"Bus700";"OPC_N3:20";"2020-11-10T10:26:14.457Z";"2020-11-10T10:26:14.457Z";
-1.686584343;48.139858757;-1.686583567;48.139458277;1605003960386;1605003960386;4.699999809265137;"Bus700";"OPC_N3:20";"2020-11-10T10:26:00.386Z";"2020-11-10T10:26:00.386Z";
-1.686733693;48.140495657;-1.686604527;48.140334634;1605003946341;1605003946341;3.319999933242798;"Bus700";"OPC_N3:20";"2020-11-10T10:25:46.341Z";"2020-11-10T10:25:46.341Z";
-1.68658956;48.141692678;-1.686559914;48.141190328;1605003932279;1605003932279;3.490000009536743;"Bus700";"OPC_N3:20";"2020-11-10T10:25:32.279Z";"2020-11-10T10:25:32.279Z";
-1.686591948;48.142946485;-1.686574592;48.142182725;1605003918232;1605003918232;4.809999942779541;"Bus700";"OPC_N3:20";"2020-11-10T10:25:18.232Z";"2020-11-10T10:25:18.232Z";
-1.686576569;48.14295318;-1.686576174;48.142946485;1605003894164;1605003894164;4.170000076293945;"Bus700";"OPC_N3:20";"2020-11-10T10:24:54.164Z";"2020-11-10T10:24:54.164Z";
-1.686576965;48.14306184;-1.686553266;48.142965876;1605003880137;1605003880137;3.7799999713897705;"Bus700";"OPC_N3:20";"2020-11-10T10:24:40.137Z";"2020-11-10T10:24:40.137Z";
-1.686091976;48.14745074;-1.686091976;48.14744474;1605003813910;1605003813910;4.699999809265137;"Bus700";"OPC_N3:20";"2020-11-10T10:23:33.910Z";"2020-11-10T10:23:33.910Z";
-1.686069064;48.148581731;-1.685887353;48.147566096;1605003799815;1605003799815;5.429999828338623;"Bus700";"OPC_N3:20";"2020-11-10T10:23:19.815Z";"2020-11-10T10:23:19.815Z";
-1.685785038;48.149936042;-1.685636103;48.149150227;1605003785750;1605003785750;4.960000038146973;"Bus700";"OPC_N3:20";"2020-11-10T10:23:05.750Z";"2020-11-10T10:23:05.750Z";
-1.685693411;48.150877256;-1.685649552;48.150763581;1605003771702;1605003771702;4.170000076293945;"Bus700";"OPC_N3:20";"2020-11-10T10:22:51.702Z";"2020-11-10T10:22:51.702Z";
-1.685710797;48.151010021;-1.685693015;48.15087056;1605003757668;1605003757668;3.569999933242798;"Bus700";"OPC_N3:20";"2020-11-10T10:22:37.668Z";"2020-11-10T10:22:37.668Z";
-1.685971591;48.151993759;-1.68577402;48.151301941;1605003743611;1605003743611;3.859999895095825;"Bus700";"OPC_N3:20";"2020-11-10T10:22:23.611Z";"2020-11-10T10:22:23.611Z";
-1.686045482;48.152190609;-1.686030862;48.152158717;1605003729568;1605003729568;6.400000095367432;"Bus700";"OPC_N3:20";"2020-11-10T10:22:09.568Z";"2020-11-10T10:22:09.568Z";
-1.686059706;48.152209804;-1.686045877;48.152203305;1605003715502;1605003715502;4.940000057220459;"Bus700";"OPC_N3:20";"2020-11-10T10:21:55.502Z";"2020-11-10T10:21:55.502Z";
-1.686136762;48.152496224;-1.686074722;48.152248392;1605003701459;1605003701459;4.650000095367432;"Bus700";"OPC_N3:20";"2020-11-10T10:21:41.459Z";"2020-11-10T10:21:41.459Z";
-1.686729881;48.153786633;-1.686286525;48.152971404;1605003687396;1605003687396;4;"Bus700";"OPC_N3:20";"2020-11-10T10:21:27.396Z";"2020-11-10T10:21:27.396Z";
-1.686600696;48.154361523;-1.686536674;48.15405621;1605003659301;1605003659301;4.679999828338623;"Bus700";"OPC_N3:20";"2020-11-10T10:20:59.301Z";"2020-11-10T10:20:59.301Z";
-1.686727161;48.154927363;-1.686631521;48.154476091;1605003635251;1605003635251;5.269999980926514;"Bus700";"OPC_N3:20";"2020-11-10T10:20:35.251Z";"2020-11-10T10:20:35.251Z";
-1.687066642;48.156218306;-1.686940567;48.15567716;1605003621183;1605003621183;3.299999952316284;"Bus700";"OPC_N3:20";"2020-11-10T10:20:21.183Z";"2020-11-10T10:20:21.183Z";
-1.687408099;48.157170861;-1.687246461;48.156764662;1605003607140;1605003607140;3.5799999237060547;"Bus700";"OPC_N3:20";"2020-11-10T10:20:07.140Z";"2020-11-10T10:20:07.140Z";
-1.687698598;48.158237074;-1.687526267;48.15749408;1605003579029;1605003579029;4.929999828338623;"Bus700";"OPC_N3:20";"2020-11-10T10:19:39.029Z";"2020-11-10T10:19:39.029Z";
-1.687852326;48.158618761;-1.687751572;48.158407348;1605003564973;1605003564973;5.829999923706055;"Bus700";"OPC_N3:20";"2020-11-10T10:19:24.973Z";"2020-11-10T10:19:24.973Z";
-1.686852184;48.159192277;-1.680157287;48.15866337;1605003550916;1605003550916;3.990000009536743;"Bus700";"OPC_N3:20";"2020-11-10T10:19:10.916Z";"2020-11-10T10:19:10.916Z";
-1.679337708;48.159240251;-1.678055804;48.15915314;1605003498750;1605003498750;3.450000047683716;"Bus700";"OPC_N3:20";"2020-11-10T10:18:18.750Z";"2020-11-10T10:18:18.750Z";
-1.677666169;48.159219818;-1.677139816;48.159114297;1605003484699;1605003484699;4.559999942779541;"Bus700";"OPC_N3:20";"2020-11-10T10:18:04.699Z";"2020-11-10T10:18:04.699Z";
-1.6768557;48.159066932;-1.676599636;48.159057263;1605003470637;1605003470637;3.5299999713897705;"Bus700";"OPC_N3:20";"2020-11-10T10:17:50.637Z";"2020-11-10T10:17:50.637Z";
-1.676559329;48.159058635;-1.676505586;48.159057851;1605003456589;1605003456589;3.75;"Bus700";"OPC_N3:20";"2020-11-10T10:17:36.589Z";"2020-11-10T10:17:36.589Z";
-1.676262565;48.159036073;-1.674993325;48.158905343;1605003442530;1605003442530;3.75;"Bus700";"OPC_N3:20";"2020-11-10T10:17:22.530Z";"2020-11-10T10:17:22.530Z";
-1.672820282;48.15910816;-1.672405345;48.159051313;1605003414416;1605003414416;2.8299999237060547;"Bus700";"OPC_N3:20";"2020-11-10T10:16:54.416Z";"2020-11-10T10:16:54.416Z";
-1.672030714;48.159170418;-1.671974226;48.159088326;1605003400368;1605003400368;2.4800000190734863;"Bus700";"OPC_N3:20";"2020-11-10T10:16:40.368Z";"2020-11-10T10:16:40.368Z";
-1.672079851;48.158876816;-1.672034345;48.158609415;1605003386315;1605003386315;1.9800000190734863;"Bus700";"OPC_N3:20";"2020-11-10T10:16:26.315Z";"2020-11-10T10:16:26.315Z";
-1.672106138;48.157755899;-1.671958451;48.157356182;1605003372265;1605003372265;1.940000057220459;"Bus700";"OPC_N3:20";"2020-11-10T10:16:12.265Z";"2020-11-10T10:16:12.265Z";
-1.671759378;48.157033423;-1.671562268;48.156449849;1605003358191;1605003358191;2.0399999618530273;"Bus700";"OPC_N3:20";"2020-11-10T10:15:58.191Z";"2020-11-10T10:15:58.191Z";
-1.671408707;48.156171986;-1.671331732;48.155861558;1605003344161;1605003344161;2.059999942779541;"Bus700";"OPC_N3:20";"2020-11-10T10:15:44.161Z";"2020-11-10T10:15:44.161Z";
-1.671413624;48.155550935;-1.671268193;48.155466609;1605003330110;1605003330110;1.899999976158142;"Bus700";"OPC_N3:20";"2020-11-10T10:15:30.110Z";"2020-11-10T10:15:30.110Z";
-1.671475309;48.155287886;-1.671475309;48.155287886;1605003316039;1605003316039;2.25;"Bus700";"OPC_N3:20";"2020-11-10T10:15:16.039Z";"2020-11-10T10:15:16.039Z";
-1.671475701;48.155294582;-1.671475309;48.155287886;1605003302012;1605003302012;1.75;"Bus700";"OPC_N3:20";"2020-11-10T10:15:02.012Z";"2020-11-10T10:15:02.012Z";
-1.671475701;48.155294582;-1.671475701;48.155294582;1605003287935;1605003287935;1.7599999904632568;"Bus700";"OPC_N3:20";"2020-11-10T10:14:47.935Z";"2020-11-10T10:14:47.935Z";
-1.671475701;48.155294582;-1.671475701;48.155294582;1605003273911;1605003273911;2.890000104904175;"Bus700";"OPC_N3:20";"2020-11-10T10:14:33.911Z";"2020-11-10T10:14:33.911Z";
-1.671475701;48.155294582;-1.671475701;48.155288583;1605003259831;1605003259831;2.0199999809265137;"Bus700";"OPC_N3:20";"2020-11-10T10:14:19.831Z";"2020-11-10T10:14:19.831Z";
-1.671475701;48.155288583;-1.671475701;48.155288583;1605003245789;1605003245789;2.509999990463257;"Bus700";"OPC_N3:20";"2020-11-10T10:14:05.789Z";"2020-11-10T10:14:05.789Z";
-1.671475701;48.155288583;-1.671475701;48.155288583;1605003230970;1605003230970;2.0899999141693115;"Bus700";"OPC_N3:20";"2020-11-10T10:13:50.970Z";"2020-11-10T10:13:50.970Z";
-1.671475701;48.155288583;-1.671475701;48.155288583;1605003216922;1605003216922;1.840000033378601;"Bus700";"OPC_N3:20";"2020-11-10T10:13:36.922Z";"2020-11-10T10:13:36.922Z";
-1.671475701;48.155288583;-1.671475701;48.155288583;1605003192864;1605003192864;2.240000009536743;"Bus700";"OPC_N3:20";"2020-11-10T10:13:12.864Z";"2020-11-10T10:13:12.864Z";
-1.671476093;48.15529528;-1.671476093;48.15529528;1605003178829;1605003178829;2.0399999618530273;"Bus700";"OPC_N3:20";"2020-11-10T10:12:58.829Z";"2020-11-10T10:12:58.829Z";
-1.671462658;48.155295475;-1.671462658;48.155295475;1605003164759;1605003164759;2.240000009536743;"Bus700";"OPC_N3:20";"2020-11-10T10:12:44.759Z";"2020-11-10T10:12:44.759Z";
-1.671462658;48.155295475;-1.671462658;48.155295475;1605003150713;1605003150713;2.4200000762939453;"Bus700";"OPC_N3:20";"2020-11-10T10:12:30.713Z";"2020-11-10T10:12:30.713Z";
-1.671462658;48.155295475;-1.671462658;48.155295475;1605003136651;1605003136651;2.2799999713897705;"Bus700";"OPC_N3:20";"2020-11-10T10:12:16.651Z";"2020-11-10T10:12:16.651Z";
-1.671462658;48.155295475;-1.671448831;48.155288974;1605003122609;1605003122609;2.5999999046325684;"Bus700";"OPC_N3:20";"2020-11-10T10:12:02.609Z";"2020-11-10T10:12:02.609Z";
-1.671448831;48.155288974;-1.671448831;48.155288974;1605003108543;1605003108543;1.590000033378601;"Bus700";"OPC_N3:20";"2020-11-10T10:11:48.543Z";"2020-11-10T10:11:48.543Z";
-1.671448831;48.155288974;-1.671448831;48.155288974;1605003094498;1605003094498;2.0899999141693115;"Bus700";"OPC_N3:20";"2020-11-10T10:11:34.498Z";"2020-11-10T10:11:34.498Z";
-1.671448831;48.155288974;-1.671448831;48.155288974;1605003070432;1605003070432;2.2300000190734863;"Bus700";"OPC_N3:20";"2020-11-10T10:11:10.432Z";"2020-11-10T10:11:10.432Z";
-1.671448831;48.155288974;-1.671448831;48.155288974;1605003056398;1605003056398;2.619999885559082;"Bus700";"OPC_N3:20";"2020-11-10T10:10:56.398Z";"2020-11-10T10:10:56.398Z";
-1.671448831;48.155288974;-1.671448831;48.155288974;1605003042322;1605003042322;2.3299999237060547;"Bus700";"OPC_N3:20";"2020-11-10T10:10:42.322Z";"2020-11-10T10:10:42.322Z";
-1.671448831;48.155288974;-1.671448831;48.155288974;1605003014249;1605003014249;3.390000104904175;"Bus700";"OPC_N3:20";"2020-11-10T10:10:14.249Z";"2020-11-10T10:10:14.249Z";
-1.671448831;48.155288974;-1.671448831;48.155288974;1605003000183;1605003000183;2.490000009536743;"Bus700";"OPC_N3:20";"2020-11-10T10:10:00.183Z";"2020-11-10T10:10:00.183Z";
-1.671435397;48.15528317;-1.671435397;48.15528317;1605002986111;1605002986111;2.9200000762939453;"Bus700";"OPC_N3:20";"2020-11-10T10:09:46.111Z";"2020-11-10T10:09:46.111Z";
-1.671435397;48.155289169;-1.671435397;48.15528317;1605002972073;1605002972073;2.890000104904175;"Bus700";"OPC_N3:20";"2020-11-10T10:09:32.073Z";"2020-11-10T10:09:32.073Z";
-1.671435397;48.155289169;-1.671435397;48.15528317;1605002958011;1605002958011;3.0799999237060547;"Bus700";"OPC_N3:20";"2020-11-10T10:09:18.011Z";"2020-11-10T10:09:18.011Z";
-1.671435397;48.15528317;-1.671435397;48.15528317;1605002943956;1605002943956;3.819999933242798;"Bus700";"OPC_N3:20";"2020-11-10T10:09:03.956Z";"2020-11-10T10:09:03.956Z";
-1.671435397;48.15528317;-1.671435397;48.15528317;1605002929871;1605002929871;4.190000057220459;"Bus700";"OPC_N3:20";"2020-11-10T10:08:49.871Z";"2020-11-10T10:08:49.871Z";
-1.671435397;48.15528317;-1.671435397;48.15528317;1605002915826;1605002915826;4.230000019073486;"Bus700";"OPC_N3:20";"2020-11-10T10:08:35.826Z";"2020-11-10T10:08:35.826Z";
-1.671421962;48.155283365;-1.671421962;48.155283365;1605002901790;1605002901790;3.299999952316284;"Bus700";"OPC_N3:20";"2020-11-10T10:08:21.790Z";"2020-11-10T10:08:21.790Z";
-1.671421962;48.155283365;-1.671421962;48.155283365;1605002887745;1605002887745;3.299999952316284;"Bus700";"OPC_N3:20";"2020-11-10T10:08:07.745Z";"2020-11-10T10:08:07.745Z";
-1.671421962;48.155283365;-1.671421962;48.155283365;1605002873703;1605002873703;2.5;"Bus700";"OPC_N3:20";"2020-11-10T10:07:53.703Z";"2020-11-10T10:07:53.703Z";
-1.671408527;48.15528356;-1.671408527;48.15528356;1605002859654;1605002859654;4;"Bus700";"OPC_N3:20";"2020-11-10T10:07:39.654Z";"2020-11-10T10:07:39.654Z";
-1.671408527;48.15528956;-1.6713947;48.155283059;1605002845597;1605002845597;3.700000047683716;"Bus700";"OPC_N3:20";"2020-11-10T10:07:25.597Z";"2020-11-10T10:07:25.597Z";
-1.671363519;48.155149791;-1.671213385;48.155081763;1605002831540;1605002831540;3.5799999237060547;"Bus700";"OPC_N3:20";"2020-11-10T10:07:11.540Z";"2020-11-10T10:07:11.540Z";
-1.671195816;48.15578273;-1.671028827;48.155192764;1605002817505;1605002817505;4.039999961853027;"Bus700";"OPC_N3:20";"2020-11-10T10:06:57.505Z";"2020-11-10T10:06:57.505Z";
-1.671473424;48.156703716;-1.671220618;48.156126726;1605002803438;1605002803438;3.240000009536743;"Bus700";"OPC_N3:20";"2020-11-10T10:06:43.438Z";"2020-11-10T10:06:43.438Z";
-1.672088288;48.158012306;-1.671572854;48.15703295;1605002789389;1605002789389;3.8299999237060547;"Bus700";"OPC_N3:20";"2020-11-10T10:06:29.389Z";"2020-11-10T10:06:29.389Z";
-1.672087403;48.15840678;-1.672086619;48.158387387;1605002765330;1605002765330;4.809999942779541;"Bus700";"OPC_N3:20";"2020-11-10T10:06:05.330Z";"2020-11-10T10:06:05.330Z";
-1.672087796;48.158597613;-1.672066415;48.158419476;1605002751300;1605002751300;4.489999771118164;"Bus700";"OPC_N3:20";"2020-11-10T10:05:51.300Z";"2020-11-10T10:05:51.300Z";
-1.672338559;48.159121833;-1.67205484;48.159075155;1605002737220;1605002737220;4.210000038146973;"Bus700";"OPC_N3:20";"2020-11-10T10:05:37.220Z";"2020-11-10T10:05:37.220Z";
-1.673959959;48.159055076;-1.67302221;48.158952507;1605002723178;1605002723178;3.9700000286102295;"Bus700";"OPC_N3:20";"2020-11-10T10:05:23.178Z";"2020-11-10T10:05:23.178Z";
-1.676290616;48.15906777;-1.674523471;48.158906543;1605002709112;1605002709112;3.6500000953674316;"Bus700";"OPC_N3:20";"2020-11-10T10:05:09.112Z";"2020-11-10T10:05:09.112Z";
-1.676358187;48.159067488;-1.676357794;48.15906679;1605002681016;1605002681016;4.360000133514404;"Bus700";"OPC_N3:20";"2020-11-10T10:04:41.016Z";"2020-11-10T10:04:41.016Z";
-1.677058809;48.15909078;-1.676371623;48.159067292;1605002666964;1605002666964;6.789999961853027;"Bus700";"OPC_N3:20";"2020-11-10T10:04:26.964Z";"2020-11-10T10:04:26.964Z";
-1.678152609;48.159198646;-1.677418818;48.158996612;1605002652895;1605002652895;3.7899999618530273;"Bus700";"OPC_N3:20";"2020-11-10T10:04:12.895Z";"2020-11-10T10:04:12.895Z";
-1.68057537;48.159278883;-1.679057134;48.159218974;1605002638875;1605002638875;6.980000019073486;"Bus700";"OPC_N3:20";"2020-11-10T10:03:58.875Z";"2020-11-10T10:03:58.875Z";
-1.685179855;48.158947324;-1.683684156;48.158858735;1605002610747;1605002610747;4.409999847412109;"Bus700";"OPC_N3:20";"2020-11-10T10:03:30.747Z";"2020-11-10T10:03:30.747Z";
-1.687626671;48.158940838;-1.68517946;48.158085707;1605002582670;1605002582670;4.610000133514404;"Bus700";"OPC_N3:20";"2020-11-10T10:03:02.670Z";"2020-11-10T10:03:02.670Z";
-1.687527454;48.157532168;-1.687129464;48.156143655;1605002544525;1605002544525;3.880000114440918;"Bus700";"OPC_N3:20";"2020-11-10T10:02:24.525Z";"2020-11-10T10:02:24.525Z";
-1.686882853;48.155197115;-1.68681685;48.154822322;1605002492328;1605002492328;4.989999771118164;"Bus700";"OPC_N3:20";"2020-11-10T10:01:32.328Z";"2020-11-10T10:01:32.328Z";
-1.686725957;48.154511405;-1.686710545;48.154448121;1605002478287;1605002478287;4.659999847412109;"Bus700";"OPC_N3:20";"2020-11-10T10:01:18.287Z";"2020-11-10T10:01:18.287Z";
-1.686697506;48.154449015;-1.685887815;48.151479504;1605002464230;1605002464230;3.869999885559082;"Bus700";"OPC_N3:20";"2020-11-10T10:01:04.230Z";"2020-11-10T10:01:04.230Z";
-1.685874382;48.151479701;-1.685623066;48.149457944;1605002408010;1605002408010;2.630000114440918;"Bus700";"OPC_N3:20";"2020-11-10T10:00:08.010Z";"2020-11-10T10:00:08.010Z";
-1.685991632;48.14830176;-1.685901962;48.147752854;1605002369905;1605002369905;4.760000228881836;"Bus700";"OPC_N3:20";"2020-11-10T09:59:29.905Z";"2020-11-10T09:59:29.905Z";
-1.68624957;48.146711829;-1.686172547;48.146182512;1605002355862;1605002355862;3.309999942779541;"Bus700";"OPC_N3:20";"2020-11-10T09:59:15.862Z";"2020-11-10T09:59:15.862Z";
-1.686402016;48.145673375;-1.686273654;48.144635221;1605002341791;1605002341791;3.680000066757202;"Bus700";"OPC_N3:20";"2020-11-10T09:59:01.791Z";"2020-11-10T09:59:01.791Z";
-1.686454147;48.144157777;-1.686234087;48.143594012;1605002327751;1605002327751;3.5999999046325684;"Bus700";"OPC_N3:20";"2020-11-10T09:58:47.751Z";"2020-11-10T09:58:47.751Z";
-1.686501913;48.143355432;-1.68645491;48.143138806;1605002313700;1605002313700;2.5;"Bus700";"OPC_N3:20";"2020-11-10T09:58:33.700Z";"2020-11-10T09:58:33.700Z";
-1.686499935;48.143075325;-1.686499935;48.143075325;1605002299646;1605002299646;2.880000114440918;"Bus700";"OPC_N3:20";"2020-11-10T09:58:19.646Z";"2020-11-10T09:58:19.646Z";
-1.686500331;48.143076019;-1.68649954;48.143056628;1605002285575;1605002285575;2.819999933242798;"Bus700";"OPC_N3:20";"2020-11-10T09:58:05.575Z";"2020-11-10T09:58:05.575Z";
-1.686535074;48.14305043;-1.686512971;48.142489811;1605002261532;1605002261532;4.230000019073486;"Bus700";"OPC_N3:20";"2020-11-10T09:57:41.532Z";"2020-11-10T09:57:41.532Z";
-1.68658165;48.141967479;-1.686526695;48.140159842;1605002247470;1605002247470;4.690000057220459;"Bus700";"OPC_N3:20";"2020-11-10T09:57:27.470Z";"2020-11-10T09:57:27.470Z";
-1.686466208;48.138721186;-1.686456322;48.13841578;1605002205320;1605002205320;5.019999980926514;"Bus700";"OPC_N3:20";"2020-11-10T09:56:45.320Z";"2020-11-10T09:56:45.320Z";
-1.686409309;48.138218537;-1.686395088;48.13818734;1605002191253;1605002191253;3.5399999618530273;"Bus700";"OPC_N3:20";"2020-11-10T09:56:31.253Z";"2020-11-10T09:56:31.253Z";
-1.686395088;48.138193341;-1.686395088;48.138193341;1605002177211;1605002177211;4.630000114440918;"Bus700";"OPC_N3:20";"2020-11-10T09:56:17.211Z";"2020-11-10T09:56:17.211Z";
-1.686395088;48.138193341;-1.686395088;48.13818734;1605002163157;1605002163157;3.9000000953674316;"Bus700";"OPC_N3:20";"2020-11-10T09:56:03.157Z";"2020-11-10T09:56:03.157Z";
-1.686408518;48.138181141;-1.686321216;48.137972486;1605002139103;1605002139103;3.3399999141693115;"Bus700";"OPC_N3:20";"2020-11-10T09:55:39.103Z";"2020-11-10T09:55:39.103Z";
-1.686311713;48.137483124;-1.686224425;48.137277909;1605002125025;1605002125025;3.6600000858306885;"Bus700";"OPC_N3:20";"2020-11-10T09:55:25.025Z";"2020-11-10T09:55:25.025Z";
-1.686197541;48.136673783;-1.685830166;48.135297139;1605002110963;1605002110963;2.609999895095825;"Bus700";"OPC_N3:20";"2020-11-10T09:55:10.963Z";"2020-11-10T09:55:10.963Z";
-1.685677296;48.134720382;-1.68524636;48.133398967;1605002086868;1605002086868;3.119999885559082;"Bus700";"OPC_N3:20";"2020-11-10T09:54:46.868Z";"2020-11-10T09:54:46.868Z";
-1.685197381;48.133126237;-1.684928404;48.132271729;1605002062806;1605002062806;2.390000104904175;"Bus700";"OPC_N3:20";"2020-11-10T09:54:22.806Z";"2020-11-10T09:54:22.806Z";
-1.684790956;48.131770259;-1.684625075;48.131212394;1605002048764;1605002048764;2.490000009536743;"Bus700";"OPC_N3:20";"2020-11-10T09:54:08.764Z";"2020-11-10T09:54:08.764Z";
-1.684443794;48.13058524;-1.68427002;48.130211324;1605002034696;1605002034696;3.4000000953674316;"Bus700";"OPC_N3:20";"2020-11-10T09:53:54.696Z";"2020-11-10T09:53:54.696Z";
-1.684181949;48.129989278;-1.684152329;48.129906799;1605002020653;1605002020653;4.320000171661377;"Bus700";"OPC_N3:20";"2020-11-10T09:53:40.653Z";"2020-11-10T09:53:40.653Z";
-1.68406426;48.12967875;-1.683829674;48.129095091;1605002006595;1605002006595;4.53000020980835;"Bus700";"OPC_N3:20";"2020-11-10T09:53:26.595Z";"2020-11-10T09:53:26.595Z";
-1.683814668;48.129056507;-1.683814273;48.129049813;1605001992542;1605001992542;3.25;"Bus700";"OPC_N3:20";"2020-11-10T09:53:12.542Z";"2020-11-10T09:53:12.542Z";
-1.683799266;48.129023234;-1.683709226;48.128755713;1605001978483;1605001978483;3.799999952316284;"Bus700";"OPC_N3:20";"2020-11-10T09:52:58.483Z";"2020-11-10T09:52:58.483Z";
-1.683453724;48.127955028;-1.683323405;48.127670089;1605001964439;1605001964439;3.2699999809265137;"Bus700";"OPC_N3:20";"2020-11-10T09:52:44.439Z";"2020-11-10T09:52:44.439Z";
-1.683278387;48.127530522;-1.68326496;48.127511626;1605001950373;1605001950373;3.119999885559082;"Bus700";"OPC_N3:20";"2020-11-10T09:52:30.373Z";"2020-11-10T09:52:30.373Z";
-1.683264171;48.127493124;-1.683116482;48.127099424;1605001912267;1605001912267;2.4800000190734863;"Bus700";"OPC_N3:20";"2020-11-10T09:51:52.267Z";"2020-11-10T09:51:52.267Z";
-1.682887442;48.126687514;-1.682557318;48.126054445;1605001898220;1605001898220;3.630000114440918;"Bus700";"OPC_N3:20";"2020-11-10T09:51:38.220Z";"2020-11-10T09:51:38.220Z";
-1.682093742;48.125058875;-1.681820892;48.124527281;1605001884156;1605001884156;3.6600000858306885;"Bus700";"OPC_N3:20";"2020-11-10T09:51:24.156Z";"2020-11-10T09:51:24.156Z";
-1.682400246;48.124058091;-1.681671252;48.123754568;1605001870118;1605001870118;3.8499999046325684;"Bus700";"OPC_N3:20";"2020-11-10T09:51:10.118Z";"2020-11-10T09:51:10.118Z";
-1.683512272;48.12372426;-1.682735118;48.123650059;1605001842003;1605001842003;2.7300000190734863;"Bus700";"OPC_N3:20";"2020-11-10T09:50:42.003Z";"2020-11-10T09:50:42.003Z";
-1.685547539;48.123650356;-1.683525699;48.122566616;1605001827949;1605001827949;3.309999942779541;"Bus700";"OPC_N3:20";"2020-11-10T09:50:27.949Z";"2020-11-10T09:50:27.949Z";
-1.686401644;48.122276165;-1.685793152;48.121585221;1605001761729;1605001761729;3.390000104904175;"Bus700";"OPC_N3:20";"2020-11-10T09:49:21.729Z";"2020-11-10T09:49:21.729Z";
-1.687128183;48.121204118;-1.686765311;48.120809627;1605001747692;1605001747692;2.950000047683716;"Bus700";"OPC_N3:20";"2020-11-10T09:49:07.692Z";"2020-11-10T09:49:07.692Z";
-1.688022899;48.120227042;-1.687686102;48.119852334;1605001733624;1605001733624;3.0999999046325684;"Bus700";"OPC_N3:20";"2020-11-10T09:48:53.624Z";"2020-11-10T09:48:53.624Z";
-1.688930214;48.119141003;-1.688697666;48.118857436;1605001719573;1605001719573;2.7799999713897705;"Bus700";"OPC_N3:20";"2020-11-10T09:48:39.573Z";"2020-11-10T09:48:39.573Z";
-1.689679168;48.118406246;-1.689332139;48.11791175;1605001705496;1605001705496;2.380000114440918;"Bus700";"OPC_N3:20";"2020-11-10T09:48:25.496Z";"2020-11-10T09:48:25.496Z";
-1.690377566;48.117500323;-1.690015539;48.117056414;1605001667384;1605001667384;3.5299999713897705;"Bus700";"OPC_N3:20";"2020-11-10T09:47:47.384Z";"2020-11-10T09:47:47.384Z";
-1.691581257;48.11609034;-1.691192798;48.115639338;1605001653334;1605001653334;3.0999999046325684;"Bus700";"OPC_N3:20";"2020-11-10T09:47:33.334Z";"2020-11-10T09:47:33.334Z";
-1.692641186;48.114799344;-1.692318676;48.114411435;1605001639279;1605001639279;2.700000047683716;"Bus700";"OPC_N3:20";"2020-11-10T09:47:19.279Z";"2020-11-10T09:47:19.279Z";
-1.693333536;48.113688079;-1.693221057;48.113419667;1605001625226;1605001625226;2.8299999237060547;"Bus700";"OPC_N3:20";"2020-11-10T09:47:05.226Z";"2020-11-10T09:47:05.226Z";
-1.693336245;48.11314034;-1.693322822;48.113070654;1605001611164;1605001611164;3.049999952316284;"Bus700";"OPC_N3:20";"2020-11-10T09:46:51.164Z";"2020-11-10T09:46:51.164Z";
-1.693374135;48.113071539;-1.69269661;48.112710555;1605001597127;1605001597127;4.46999979019165;"Bus700";"OPC_N3:20";"2020-11-10T09:46:37.127Z";"2020-11-10T09:46:37.127Z";
-1.691813376;48.112392603;-1.691427214;48.11208003;1605001540916;1605001540916;2.5799999237060547;"Bus700";"OPC_N3:20";"2020-11-10T09:45:40.916Z";"2020-11-10T09:45:40.916Z";
-1.691000786;48.111774053;-1.690001125;48.111602627;1605001526850;1605001526850;4.289999961853027;"Bus700";"OPC_N3:20";"2020-11-10T09:45:26.850Z";"2020-11-10T09:45:26.850Z";
-1.689760694;48.111683766;-1.689680947;48.111657188;1605001512843;1605001512843;3.380000114440918;"Bus700";"OPC_N3:20";"2020-11-10T09:45:12.843Z";"2020-11-10T09:45:12.843Z";
-1.689667523;48.111689968;-1.689667523;48.111689968;1605001498766;1605001498766;1.8300000429153442;"Bus700";"OPC_N3:20";"2020-11-10T09:44:58.766Z";"2020-11-10T09:44:58.766Z";
-1.68934774;48.11193016;-1.688787919;48.111782895;1605001484724;1605001484724;1.8300000429153442;"Bus700";"OPC_N3:20";"2020-11-10T09:44:44.724Z";"2020-11-10T09:44:44.724Z";
-1.688134923;48.112383752;-1.687121862;48.112110202;1605001470682;1605001470682;2.130000114440918;"Bus700";"OPC_N3:20";"2020-11-10T09:44:30.682Z";"2020-11-10T09:44:30.682Z";
-1.686960781;48.112398126;-1.686866026;48.112374112;1605001456618;1605001456618;2.5899999141693115;"Bus700";"OPC_N3:20";"2020-11-10T09:44:16.618Z";"2020-11-10T09:44:16.618Z";
-1.686756266;48.112299508;-1.686601494;48.112079139;1605001442577;1605001442577;2.4600000381469727;"Bus700";"OPC_N3:20";"2020-11-10T09:44:02.577Z";"2020-11-10T09:44:02.577Z";
-1.686390263;48.11177068;-1.68637684;48.111764872;1605001428509;1605001428509;3.059999942779541;"Bus700";"OPC_N3:20";"2020-11-10T09:43:48.509Z";"2020-11-10T09:43:48.509Z";
-1.686349993;48.111753257;-1.686295115;48.111703945;1605001414473;1605001414473;3.8499999046325684;"Bus700";"OPC_N3:20";"2020-11-10T09:43:34.473Z";"2020-11-10T09:43:34.473Z";
-1.685647613;48.110412237;-1.6843598;48.110084689;1605001386364;1605001386364;2.880000114440918;"Bus700";"OPC_N3:20";"2020-11-10T09:43:06.364Z";"2020-11-10T09:43:06.364Z";
-1.684291107;48.110041088;-1.684277684;48.110040891;1605001362291;1605001362291;3.1600000858306885;"Bus700";"OPC_N3:20";"2020-11-10T09:42:42.291Z";"2020-11-10T09:42:42.291Z";
-1.684218862;48.109876816;-1.683773936;48.109785672;1605001348258;1605001348258;3.5;"Bus700";"OPC_N3:20";"2020-11-10T09:42:28.258Z";"2020-11-10T09:42:28.258Z";
-1.683800781;48.109789407;-1.683800781;48.109783402;1605001320159;1605001320159;3.0999999046325684;"Bus700";"OPC_N3:20";"2020-11-10T09:42:00.159Z";"2020-11-10T09:42:00.159Z";
-1.683800781;48.109783402;-1.683800387;48.10977671;1605001306081;1605001306081;2.3499999046325684;"Bus700";"OPC_N3:20";"2020-11-10T09:41:46.081Z";"2020-11-10T09:41:46.081Z";
-1.683800781;48.109811256;-1.683586411;48.109783402;1605001292015;1605001292015;2.569999933242798;"Bus700";"OPC_N3:20";"2020-11-10T09:41:32.015Z";"2020-11-10T09:41:32.015Z";
-1.683505874;48.109868937;-1.682632602;48.109830451;1605001277945;1605001277945;1.3300000429153442;"Bus700";"OPC_N3:20";"2020-11-10T09:41:17.945Z";"2020-11-10T09:41:17.945Z";
-1.681960672;48.109857174;-1.680939355;48.109849612;1605001239871;1605001239871;1.600000023841858;"Bus700";"OPC_N3:20";"2020-11-10T09:40:39.871Z";"2020-11-10T09:40:39.871Z";
-1.680334933;48.109853313;-1.679771174;48.109842463;1605001225816;1605001225816;2.380000114440918;"Bus700";"OPC_N3:20";"2020-11-10T09:40:25.816Z";"2020-11-10T09:40:25.816Z";
-1.679623522;48.109851706;-1.679502323;48.10984678;1605001197603;1605001197603;0.05000000074505806;"Bus700";"OPC_N3:20";"2020-11-10T09:39:57.603Z";"2020-11-10T09:39:57.603Z";
-1.678937777;48.10985698;-1.678709588;48.109847641;1605001183631;1605001183631;2.0299999713897705;"Bus700";"OPC_N3:20";"2020-11-10T09:39:43.631Z";"2020-11-10T09:39:43.631Z";
-1.678252425;48.109856268;-1.67811269;48.109692483;1605001169591;1605001169591;2.1700000762939453;"Bus700";"OPC_N3:20";"2020-11-10T09:39:29.591Z";"2020-11-10T09:39:29.591Z";
-1.67811269;48.109686478;-1.67811269;48.109686478;1605001127421;1605001127421;2.9000000953674316;"Bus700";"OPC_N3:20";"2020-11-10T09:38:47.421Z";"2020-11-10T09:38:47.421Z";
-1.67811269;48.109686478;-1.67811269;48.109686478;1605001113369;1605001113369;3.5299999713897705;"Bus700";"OPC_N3:20";"2020-11-10T09:38:33.369Z";"2020-11-10T09:38:33.369Z";
-1.67811269;48.109686478;-1.67811269;48.109686478;1605001099297;1605001099297;3.3399999141693115;"Bus700";"OPC_N3:20";"2020-11-10T09:38:19.297Z";"2020-11-10T09:38:19.297Z";
-1.67811269;48.109686478;-1.67811269;48.109686478;1605001085240;1605001085240;3.4600000381469727;"Bus700";"OPC_N3:20";"2020-11-10T09:38:05.240Z";"2020-11-10T09:38:05.240Z";
-1.67811269;48.109686478;-1.678112297;48.109679786;1605001061213;1605001061213;3.4600000381469727;"Bus700";"OPC_N3:20";"2020-11-10T09:37:41.213Z";"2020-11-10T09:37:41.213Z";
-1.678112297;48.109679786;-1.678097695;48.109653901;1605001033106;1605001033106;3.4600000381469727;"Bus700";"OPC_N3:20";"2020-11-10T09:37:13.106Z";"2020-11-10T09:37:13.106Z";
-1.678106792;48.109641204;-1.678096122;48.109532055;1605001005000;1605001005000;3.6500000953674316;"Bus700";"OPC_N3:20";"2020-11-10T09:36:45.000Z";"2020-11-10T09:36:45.000Z";
-1.677819071;48.108901821;-1.677813566;48.108736075;1605000962871;1605000962871;4.03000020980835;"Bus700";"OPC_N3:20";"2020-11-10T09:36:02.871Z";"2020-11-10T09:36:02.871Z";
-1.677792784;48.108335682;-1.677760325;48.107679293;1605000948855;1605000948855;2.9800000190734863;"Bus700";"OPC_N3:20";"2020-11-10T09:35:48.855Z";"2020-11-10T09:35:48.855Z";
-1.677773071;48.107488349;-1.67750266;48.107458811;1605000924732;1605000924732;2.2300000190734863;"Bus700";"OPC_N3:20";"2020-11-10T09:35:24.732Z";"2020-11-10T09:35:24.732Z";
-1.676857214;48.107477902;-1.675862398;48.107471247;1605000910671;1605000910671;3.140000104904175;"Bus700";"OPC_N3:20";"2020-11-10T09:35:10.671Z";"2020-11-10T09:35:10.671Z";
-1.675526449;48.10751321;-1.675405257;48.10749412;1605000896620;1605000896620;2.940000057220459;"Bus700";"OPC_N3:20";"2020-11-10T09:34:56.620Z";"2020-11-10T09:34:56.620Z";
-1.675417894;48.107512523;-1.675404864;48.107505636;1605000882537;1605000882537;3.5399999618530273;"Bus700";"OPC_N3:20";"2020-11-10T09:34:42.537Z";"2020-11-10T09:34:42.537Z";
-1.675430138;48.107497375;-1.674689249;48.107041419;1605000868500;1605000868500;4.28000020980835;"Bus700";"OPC_N3:20";"2020-11-10T09:34:28.500Z";"2020-11-10T09:34:28.500Z";
-1.674530619;48.106688059;-1.674283613;48.106093946;1605000840415;1605000840415;2.559999942779541;"Bus700";"OPC_N3:20";"2020-11-10T09:34:00.415Z";"2020-11-10T09:34:00.415Z";
-1.674240209;48.105986953;-1.674213365;48.105981339;1605000826371;1605000826371;2.819999933242798;"Bus700";"OPC_N3:20";"2020-11-10T09:33:46.371Z";"2020-11-10T09:33:46.371Z";
-1.674159285;48.105945403;-1.674085507;48.105718523;1605000812313;1605000812313;3.380000114440918;"Bus700";"OPC_N3:20";"2020-11-10T09:33:32.313Z";"2020-11-10T09:33:32.313Z";
-1.673898081;48.105296063;-1.673510206;48.10449406;1605000798277;1605000798277;3.640000104904175;"Bus700";"OPC_N3:20";"2020-11-10T09:33:18.277Z";"2020-11-10T09:33:18.277Z";
-1.673408806;48.104260192;-1.673376866;48.104095523;1605000770170;1605000770170;2.8299999237060547;"Bus700";"OPC_N3:20";"2020-11-10T09:32:50.170Z";"2020-11-10T09:32:50.170Z";
-1.673215417;48.104150316;-1.673055929;48.104097183;1605000756093;1605000756093;2.8499999046325684;"Bus700";"OPC_N3:20";"2020-11-10T09:32:36.093Z";"2020-11-10T09:32:36.093Z";
-1.672735775;48.104289835;-1.672562864;48.104236508;1605000742060;1605000742060;3.609999895095825;"Bus700";"OPC_N3:20";"2020-11-10T09:32:22.060Z";"2020-11-10T09:32:22.060Z";
-1.672429041;48.104310492;-1.672429041;48.104310492;1605000727992;1605000727992;3.490000009536743;"Bus700";"OPC_N3:20";"2020-11-10T09:32:07.992Z";"2020-11-10T09:32:07.992Z";
-1.672416012;48.104362252;-1.672268768;48.104323384;1605000713947;1605000713947;3.890000104904175;"Bus700";"OPC_N3:20";"2020-11-10T09:31:53.947Z";"2020-11-10T09:31:53.947Z";
-1.671960466;48.104379442;-1.670012788;48.104210473;1605000689880;1605000689880;3.5;"Bus700";"OPC_N3:20";"2020-11-10T09:31:29.880Z";"2020-11-10T09:31:29.880Z";
-1.669504337;48.104450021;-1.668996275;48.104379126;1605000661774;1605000661774;3.059999942779541;"Bus700";"OPC_N3:20";"2020-11-10T09:31:01.774Z";"2020-11-10T09:31:01.774Z";
-1.66799357;48.104691981;-1.667204432;48.104591609;1605000647730;1605000647730;3.609999895095825;"Bus700";"OPC_N3:20";"2020-11-10T09:30:47.730Z";"2020-11-10T09:30:47.730Z";
-1.667191401;48.104783544;-1.666146469;48.104698867;1605000619622;1605000619622;4.460000038146973;"Bus700";"OPC_N3:20";"2020-11-10T09:30:19.622Z";"2020-11-10T09:30:19.622Z";
-1.665566997;48.104733747;-1.664502789;48.104676193;1605000595564;1605000595564;3.7200000286102295;"Bus700";"OPC_N3:20";"2020-11-10T09:29:55.564Z";"2020-11-10T09:29:55.564Z";
-1.664119185;48.104457726;-1.663653108;48.104188949;1605000581515;1605000581515;4.019999980926514;"Bus700";"OPC_N3:20";"2020-11-10T09:29:41.515Z";"2020-11-10T09:29:41.515Z";
-1.661651911;48.102978845;-1.661501164;48.102891415;1605000553409;1605000553409;4.409999847412109;"Bus700";"OPC_N3:20";"2020-11-10T09:29:13.409Z";"2020-11-10T09:29:13.409Z";
-1.661473933;48.102879107;-1.661473543;48.10286641;1605000539349;1605000539349;4.840000152587891;"Bus700";"OPC_N3:20";"2020-11-10T09:28:59.349Z";"2020-11-10T09:28:59.349Z";
-1.661473543;48.10286641;-1.661336218;48.102778786;1605000525300;1605000525300;4.670000076293945;"Bus700";"OPC_N3:20";"2020-11-10T09:28:45.300Z";"2020-11-10T09:28:45.300Z";
-1.661021305;48.102592109;-1.660637734;48.102355614;1605000511246;1605000511246;4.230000019073486;"Bus700";"OPC_N3:20";"2020-11-10T09:28:31.246Z";"2020-11-10T09:28:31.246Z";
-1.659991;48.101868176;-1.659863989;48.101678781;1605000497191;1605000497191;4.900000095367432;"Bus700";"OPC_N3:20";"2020-11-10T09:28:17.191Z";"2020-11-10T09:28:17.191Z";
-1.659587796;48.101434725;-1.659573986;48.101422222;1605000483126;1605000483126;4.75;"Bus700";"OPC_N3:20";"2020-11-10T09:28:03.126Z";"2020-11-10T09:28:03.126Z";
-1.659573986;48.10141641;-1.659546756;48.101403907;1605000469057;1605000469057;4.25;"Bus700";"OPC_N3:20";"2020-11-10T09:27:49.057Z";"2020-11-10T09:27:49.057Z";
-1.65940866;48.101284881;-1.657928356;48.099918213;1605000454993;1605000454993;5.019999980926514;"Bus700";"OPC_N3:20";"2020-11-10T09:27:34.993Z";"2020-11-10T09:27:34.993Z";
-1.657914936;48.099912401;-1.657914936;48.099912401;1605000412869;1605000412869;5.360000133514404;"Bus700";"OPC_N3:20";"2020-11-10T09:26:52.869Z";"2020-11-10T09:26:52.869Z";
-1.65743163;48.099498806;-1.657155847;48.099279452;1605000398839;1605000398839;7.150000095367432;"Bus700";"OPC_N3:20";"2020-11-10T09:26:38.839Z";"2020-11-10T09:26:38.839Z";
-1.656438202;48.098671997;-1.656189268;48.098446248;1605000384761;1605000384761;7.599999904632568;"Bus700";"OPC_N3:20";"2020-11-10T09:26:24.761Z";"2020-11-10T09:26:24.761Z";
-1.655873236;48.098227471;-1.655365838;48.09790914;1605000370719;1605000370719;8.010000228881836;"Bus700";"OPC_N3:20";"2020-11-10T09:26:10.719Z";"2020-11-10T09:26:10.719Z";
-1.65536545;48.09791534;-1.655352418;48.097896443;1605000328553;1605000328553;8.859999656677246;"Bus700";"OPC_N3:20";"2020-11-10T09:25:28.553Z";"2020-11-10T09:25:28.553Z";
-1.655352806;48.097935799;-1.65423067;48.097340964;1605000314509;1605000314509;10.5;"Bus700";"OPC_N3:20";"2020-11-10T09:25:14.509Z";"2020-11-10T09:25:14.509Z";
-1.653684194;48.097049285;-1.653151145;48.096763415;1605000290449;1605000290449;10.020000457763672;"Bus700";"OPC_N3:20";"2020-11-10T09:24:50.449Z";"2020-11-10T09:24:50.449Z";
-1.652740813;48.096539292;-1.65241255;48.09637681;1605000276382;1605000276382;9.729999542236328;"Bus700";"OPC_N3:20";"2020-11-10T09:24:36.382Z";"2020-11-10T09:24:36.382Z";
-1.651360291;48.095835581;-1.65105965;48.095674078;1605000262336;1605000262336;10.369999885559082;"Bus700";"OPC_N3:20";"2020-11-10T09:24:22.336Z";"2020-11-10T09:24:22.336Z";
-1.650234774;48.095092153;-1.649848602;48.094772748;1605000248292;1605000248292;10.1899995803833;"Bus700";"OPC_N3:20";"2020-11-10T09:24:08.292Z";"2020-11-10T09:24:08.292Z";
-1.649325539;48.094384408;-1.648483037;48.093650982;1605000234228;1605000234228;10;"Bus700";"OPC_N3:20";"2020-11-10T09:23:54.228Z";"2020-11-10T09:23:54.228Z";
-1.648070435;48.093338646;-1.647382904;48.092826319;1605000220187;1605000220187;10.850000381469727;"Bus700";"OPC_N3:20";"2020-11-10T09:23:40.187Z";"2020-11-10T09:23:40.187Z";
-1.647287044;48.092758174;-1.64727324;48.092745669;1605000206115;1605000206115;9.520000457763672;"Bus700";"OPC_N3:20";"2020-11-10T09:23:26.115Z";"2020-11-10T09:23:26.115Z";
-1.647134423;48.092601234;-1.646638626;48.09221318;1605000192075;1605000192075;9.609999656677246;"Bus700";"OPC_N3:20";"2020-11-10T09:23:12.075Z";"2020-11-10T09:23:12.075Z";
-1.645715687;48.091492901;-1.644712066;48.08949405;1605000178003;1605000178003;13.029999732971191;"Bus700";"OPC_N3:20";"2020-11-10T09:22:58.003Z";"2020-11-10T09:22:58.003Z";
-1.644702819;48.089195325;-1.644611075;48.088395678;1605000135860;1605000135860;12.109999656677246;"Bus700";"OPC_N3:20";"2020-11-10T09:22:15.860Z";"2020-11-10T09:22:15.860Z";
-1.644510924;48.087779309;-1.643454364;48.087470164;1605000107780;1605000107780;13.210000038146973;"Bus700";"OPC_N3:20";"2020-11-10T09:21:47.780Z";"2020-11-10T09:21:47.780Z";
-1.643238533;48.087435143;-1.643184864;48.087429711;1605000079676;1605000079676;11.4399995803833;"Bus700";"OPC_N3:20";"2020-11-10T09:21:19.676Z";"2020-11-10T09:21:19.676Z";
-1.643185249;48.087436785;-1.643171832;48.087436593;1605000065622;1605000065622;11.640000343322754;"Bus700";"OPC_N3:20";"2020-11-10T09:21:05.622Z";"2020-11-10T09:21:05.622Z";
-1.642607923;48.088195322;-1.639365935;48.087438154;1605000051535;1605000051535;9.270000457763672;"Bus700";"OPC_N3:20";"2020-11-10T09:20:51.535Z";"2020-11-10T09:20:51.535Z";
-1.638657502;48.088928451;-1.636464333;48.087814706;1605000009393;1605000009393;8.0600004196167;"Bus700";"OPC_N3:20";"2020-11-10T09:20:09.393Z";"2020-11-10T09:20:09.393Z";
-1.635647763;48.09102394;-1.634432449;48.089430166;1604999981284;1604999981284;9.970000267028809;"Bus700";"OPC_N3:20";"2020-11-10T09:19:41.284Z";"2020-11-10T09:19:41.284Z";
-1.635562991;48.091887121;-1.635032395;48.091671344;1604999953185;1604999953185;8.850000381469727;"Bus700";"OPC_N3:20";"2020-11-10T09:19:13.185Z";"2020-11-10T09:19:13.185Z";
-1.63723378;48.092055929;-1.636102795;48.091969042;1604999939132;1604999939132;8.050000190734863;"Bus700";"OPC_N3:20";"2020-11-10T09:18:59.132Z";"2020-11-10T09:18:59.132Z";
-1.638201829;48.092081615;-1.637717996;48.092069115;1604999925097;1604999925097;8.050000190734863;"Bus700";"OPC_N3:20";"2020-11-10T09:18:45.097Z";"2020-11-10T09:18:45.097Z";
-1.639558655;48.092557663;-1.639026499;48.092273095;1604999911059;1604999911059;7.289999961853027;"Bus700";"OPC_N3:20";"2020-11-10T09:18:31.059Z";"2020-11-10T09:18:31.059Z";
-1.640105003;48.093101343;-1.639544852;48.09255698;1604999886962;1604999886962;7.25;"Bus700";"OPC_N3:20";"2020-11-10T09:18:06.962Z";"2020-11-10T09:18:06.962Z";
-1.639367768;48.093908915;-1.638527007;48.093329931;1604999848851;1604999848851;5.389999866485596;"Bus700";"OPC_N3:20";"2020-11-10T09:17:28.851Z";"2020-11-10T09:17:28.851Z";
-1.638161638;48.09485305;-1.63791206;48.094245083;1604999834776;1604999834776;5.159999847412109;"Bus700";"OPC_N3:20";"2020-11-10T09:17:14.776Z";"2020-11-10T09:17:14.776Z";
-1.637887524;48.094998806;-1.63786222;48.094941628;1604999820741;1604999820741;5.190000057220459;"Bus700";"OPC_N3:20";"2020-11-10T09:17:00.741Z";"2020-11-10T09:17:00.741Z";
-1.63765979;48.095505386;-1.637596146;48.095402168;1604999806677;1604999806677;5.800000190734863;"Bus700";"OPC_N3:20";"2020-11-10T09:16:46.677Z";"2020-11-10T09:16:46.677Z";
-1.637609949;48.095658325;-1.637560492;48.095529905;1604999792625;1604999792625;4.949999809265137;"Bus700";"OPC_N3:20";"2020-11-10T09:16:32.625Z";"2020-11-10T09:16:32.625Z";
-1.637458891;48.096349707;-1.637178622;48.095850312;1604999778570;1604999778570;5.309999942779541;"Bus700";"OPC_N3:20";"2020-11-10T09:16:18.570Z";"2020-11-10T09:16:18.570Z";
-1.637090438;48.096632868;-1.636846967;48.096499478;1604999764528;1604999764528;5.739999771118164;"Bus700";"OPC_N3:20";"2020-11-10T09:16:04.528Z";"2020-11-10T09:16:04.528Z";
-1.637055544;48.096311284;-1.637055544;48.096311284;1604999726417;1604999726417;5.460000038146973;"Bus700";"OPC_N3:20";"2020-11-10T09:15:26.417Z";"2020-11-10T09:15:26.417Z";
-1.637055928;48.096323981;-1.637055928;48.096323981;1604999712352;1604999712352;4.829999923706055;"Bus700";"OPC_N3:20";"2020-11-10T09:15:12.352Z";"2020-11-10T09:15:12.352Z";
-1.637055928;48.096323981;-1.637055928;48.096323981;1604999698304;1604999698304;4.78000020980835;"Bus700";"OPC_N3:20";"2020-11-10T09:14:58.304Z";"2020-11-10T09:14:58.304Z";
-1.637055928;48.096317975;-1.637055928;48.096317975;1604999684244;1604999684244;5.239999771118164;"Bus700";"OPC_N3:20";"2020-11-10T09:14:44.244Z";"2020-11-10T09:14:44.244Z";
-1.637055928;48.096318166;-1.637042508;48.096317975;1604999670204;1604999670204;5.059999942779541;"Bus700";"OPC_N3:20";"2020-11-10T09:14:30.204Z";"2020-11-10T09:14:30.204Z";
-1.637042508;48.096318166;-1.637042508;48.096318166;1604999656129;1604999656129;5.25;"Bus700";"OPC_N3:20";"2020-11-10T09:14:16.129Z";"2020-11-10T09:14:16.129Z";
-1.637042892;48.096324857;-1.637042892;48.09631885;1604999642073;1604999642073;5.630000114440918;"Bus700";"OPC_N3:20";"2020-11-10T09:14:02.073Z";"2020-11-10T09:14:02.073Z";
-1.637042892;48.09631885;-1.637042892;48.096312844;1604999604003;1604999604003;5.039999961853027;"Bus700";"OPC_N3:20";"2020-11-10T09:13:24.003Z";"2020-11-10T09:13:24.003Z";
-1.637042892;48.096312844;-1.637042892;48.096312844;1604999589898;1604999589898;6.150000095367432;"Bus700";"OPC_N3:20";"2020-11-10T09:13:09.898Z";"2020-11-10T09:13:09.898Z";
-1.637042892;48.096312844;-1.637042508;48.096306153;1604999575860;1604999575860;5.309999942779541;"Bus700";"OPC_N3:20";"2020-11-10T09:12:55.860Z";"2020-11-10T09:12:55.860Z";
-1.637042508;48.096306153;-1.637042508;48.096306153;1604999561787;1604999561787;5.650000095367432;"Bus700";"OPC_N3:20";"2020-11-10T09:12:41.787Z";"2020-11-10T09:12:41.787Z";
-1.637042508;48.096306153;-1.637042508;48.096306153;1604999533691;1604999533691;5.809999942779541;"Bus700";"OPC_N3:20";"2020-11-10T09:12:13.691Z";"2020-11-10T09:12:13.691Z";
-1.637029089;48.096306344;-1.637029089;48.096306344;1604999519634;1604999519634;6.510000228881836;"Bus700";"OPC_N3:20";"2020-11-10T09:11:59.634Z";"2020-11-10T09:11:59.634Z";
-1.637029089;48.096300338;-1.637029089;48.096300338;1604999505575;1604999505575;6.789999961853027;"Bus700";"OPC_N3:20";"2020-11-10T09:11:45.575Z";"2020-11-10T09:11:45.575Z";
-1.637029089;48.096300338;-1.637029089;48.096300338;1604999481535;1604999481535;7.579999923706055;"Bus700";"OPC_N3:20";"2020-11-10T09:11:21.535Z";"2020-11-10T09:11:21.535Z";
-1.637029089;48.096300338;-1.637029089;48.096300338;1604999467468;1604999467468;7.889999866485596;"Bus700";"OPC_N3:20";"2020-11-10T09:11:07.468Z";"2020-11-10T09:11:07.468Z";
-1.637029089;48.096300338;-1.637029089;48.096300338;1604999453422;1604999453422;8.600000381469727;"Bus700";"OPC_N3:20";"2020-11-10T09:10:53.422Z";"2020-11-10T09:10:53.422Z";
-1.637042125;48.096293456;-1.637042125;48.096293456;1604999439360;1604999439360;6.809999942779541;"Bus700";"OPC_N3:20";"2020-11-10T09:10:39.360Z";"2020-11-10T09:10:39.360Z";
-1.637042125;48.096287641;-1.637028705;48.09628745;1604999425313;1604999425313;9;"Bus700";"OPC_N3:20";"2020-11-10T09:10:25.313Z";"2020-11-10T09:10:25.313Z";
-1.637042125;48.09628745;-1.637042125;48.096281443;1604999411252;1604999411252;10.199999809265137;"Bus700";"OPC_N3:20";"2020-11-10T09:10:11.252Z";"2020-11-10T09:10:11.252Z";
-1.637042125;48.096281443;-1.637042125;48.096281443;1604999397210;1604999397210;10.829999923706055;"Bus700";"OPC_N3:20";"2020-11-10T09:09:57.210Z";"2020-11-10T09:09:57.210Z";
-1.637042508;48.096288134;-1.637029089;48.096282319;1604999383142;1604999383142;9.3100004196167;"Bus700";"OPC_N3:20";"2020-11-10T09:09:43.142Z";"2020-11-10T09:09:43.142Z";
-1.642743249;48.088561266;-1.637272072;48.087540409;1604999123456;1604999123456;4.170000076293945;"Bus700";"OPC_N3:20";"2020-11-10T09:05:23.456Z";"2020-11-10T09:05:23.456Z";
-1.643387663;48.087562792;-1.642836016;48.08750534;1604999051387;1604999051387;3.9200000762939453;"Bus700";"OPC_N3:20";"2020-11-10T09:04:11.387Z";"2020-11-10T09:04:11.387Z";
-1.64420573;48.087590397;-1.643414497;48.087477435;1604999003331;1604999003331;3.9200000762939453;"Bus700";"OPC_N3:20";"2020-11-10T09:03:23.331Z";"2020-11-10T09:03:23.331Z";
-1.644807193;48.08794944;-1.644442618;48.087315604;1604998979300;1604998979300;3.9200000762939453;"Bus700";"OPC_N3:20";"2020-11-10T09:02:59.300Z";"2020-11-10T09:02:59.300Z";
-1.644971379;48.090423143;-1.644683556;48.088548449;1604998955212;1604998955212;5.21999979019165;"Bus700";"OPC_N3:20";"2020-11-10T09:02:35.212Z";"2020-11-10T09:02:35.212Z";
-1.645947653;48.09158657;-1.645492129;48.09118592;1604998907060;1604998907060;3.640000104904175;"Bus700";"OPC_N3:20";"2020-11-10T09:01:47.060Z";"2020-11-10T09:01:47.060Z";
-1.649200518;48.094222447;-1.647449225;48.092787949;1604998848863;1604998848863;4.110000133514404;"Bus700";"OPC_N3:20";"2020-11-10T09:00:48.863Z";"2020-11-10T09:00:48.863Z";
-1.650439541;48.095155483;-1.649682935;48.094616688;1604998824786;1604998824786;3.0799999237060547;"Bus700";"OPC_N3:20";"2020-11-10T09:00:24.786Z";"2020-11-10T09:00:24.786Z";
-1.651567772;48.095939737;-1.650702627;48.09538242;1604998776591;1604998776591;4.130000114440918;"Bus700";"OPC_N3:20";"2020-11-10T08:59:36.591Z";"2020-11-10T08:59:36.591Z";
-1.653181857;48.09680591;-1.651922869;48.096119855;1604998752536;1604998752536;3.1500000953674316;"Bus700";"OPC_N3:20";"2020-11-10T08:59:12.536Z";"2020-11-10T08:59:12.536Z";
-1.654192736;48.097321625;-1.653577999;48.096998826;1604998728431;1604998728431;3.75;"Bus700";"OPC_N3:20";"2020-11-10T08:58:48.431Z";"2020-11-10T08:58:48.431Z";
-1.655367389;48.097935903;-1.654206156;48.097327438;1604998704405;1604998704405;3.299999952316284;"Bus700";"OPC_N3:20";"2020-11-10T08:58:24.405Z";"2020-11-10T08:58:24.405Z";
-1.65689504;48.099050631;-1.65598176;48.098227978;1604998680264;1604998680264;2.7699999809265137;"Bus700";"OPC_N3:20";"2020-11-10T08:58:00.264Z";"2020-11-10T08:58:00.264Z";
-1.658761951;48.100701342;-1.657585467;48.099633762;1604998656176;1604998656176;2.380000114440918;"Bus700";"OPC_N3:20";"2020-11-10T08:57:36.176Z";"2020-11-10T08:57:36.176Z";
-1.660737518;48.102436607;-1.659177786;48.101097197;1604998632121;1604998632121;2.950000047683716;"Bus700";"OPC_N3:20";"2020-11-10T08:57:12.121Z";"2020-11-10T08:57:12.121Z";
-1.661175943;48.102698406;-1.660888262;48.102530043;1604998608039;1604998608039;2.3499999046325684;"Bus700";"OPC_N3:20";"2020-11-10T08:56:48.039Z";"2020-11-10T08:56:48.039Z";
-1.663301032;48.104014354;-1.661640437;48.102934422;1604998583970;1604998583970;2.4800000190734863;"Bus700";"OPC_N3:20";"2020-11-10T08:56:23.970Z";"2020-11-10T08:56:23.970Z";
-1.665073518;48.104842521;-1.663808151;48.104343976;1604998559872;1604998559872;2.7200000286102295;"Bus700";"OPC_N3:20";"2020-11-10T08:55:59.872Z";"2020-11-10T08:55:59.872Z";
-1.666578694;48.104956566;-1.66611206;48.104878204;1604998535815;1604998535815;3.8299999237060547;"Bus700";"OPC_N3:20";"2020-11-10T08:55:35.815Z";"2020-11-10T08:55:35.815Z";
-1.671557039;48.104599264;-1.669215713;48.104281835;1604998487623;1604998487623;3.0799999237060547;"Bus700";"OPC_N3:20";"2020-11-10T08:54:47.623Z";"2020-11-10T08:54:47.623Z";
-1.672605088;48.104399529;-1.671988876;48.10430469;1604998463547;1604998463547;4.340000152587891;"Bus700";"OPC_N3:20";"2020-11-10T08:54:23.547Z";"2020-11-10T08:54:23.547Z";
-1.672987254;48.104303809;-1.672616941;48.104166566;1604998439448;1604998439448;3.3299999237060547;"Bus700";"OPC_N3:20";"2020-11-10T08:53:59.448Z";"2020-11-10T08:53:59.448Z";
-1.673711921;48.104647955;-1.673537138;48.10420591;1604998415407;1604998415407;2.799999952316284;"Bus700";"OPC_N3:20";"2020-11-10T08:53:35.407Z";"2020-11-10T08:53:35.407Z";
-1.67388309;48.105329546;-1.673836942;48.105163701;1604998391289;1604998391289;2.9100000858306885;"Bus700";"OPC_N3:20";"2020-11-10T08:53:11.289Z";"2020-11-10T08:53:11.289Z";
-1.674104813;48.105944813;-1.673883875;48.105348935;1604998367217;1604998367217;2.190000057220459;"Bus700";"OPC_N3:20";"2020-11-10T08:52:47.217Z";"2020-11-10T08:52:47.217Z";
-1.674989167;48.107496039;-1.674162424;48.106077004;1604998343129;1604998343129;2.130000114440918;"Bus700";"OPC_N3:20";"2020-11-10T08:52:23.129Z";"2020-11-10T08:52:23.129Z";
-1.675834375;48.107477241;-1.674989167;48.107428193;1604998294988;1604998294988;2.380000114440918;"Bus700";"OPC_N3:20";"2020-11-10T08:51:34.988Z";"2020-11-10T08:51:34.988Z";
-1.677787673;48.107658357;-1.677081069;48.107371201;1604998270889;1604998270889;3.5299999713897705;"Bus700";"OPC_N3:20";"2020-11-10T08:51:10.889Z";"2020-11-10T08:51:10.889Z";
-1.677766725;48.107843196;-1.677747799;48.107690147;1604998246820;1604998246820;2.819999933242798;"Bus700";"OPC_N3:20";"2020-11-10T08:50:46.820Z";"2020-11-10T08:50:46.820Z";
-1.677780541;48.107849692;-1.677766725;48.107843;1604998198625;1604998198625;2.5199999809265137;"Bus700";"OPC_N3:20";"2020-11-10T08:49:58.625Z";"2020-11-10T08:49:58.625Z";
-1.677785259;48.107984038;-1.677780541;48.107849692;1604998174580;1604998174580;2.7100000381469727;"Bus700";"OPC_N3:20";"2020-11-10T08:49:34.580Z";"2020-11-10T08:49:34.580Z";
-1.67780969;48.108571526;-1.677799467;48.108003231;1604998126417;1604998126417;2;"Bus700";"OPC_N3:20";"2020-11-10T08:48:46.417Z";"2020-11-10T08:48:46.417Z";
-1.677845916;48.109409595;-1.677794137;48.108788746;1604998102313;1604998102313;2.2100000381469727;"Bus700";"OPC_N3:20";"2020-11-10T08:48:22.313Z";"2020-11-10T08:48:22.313Z";
-1.67779453;48.109422488;-1.677781107;48.1094156;1604998078257;1604998078257;2.8399999141693115;"Bus700";"OPC_N3:20";"2020-11-10T08:47:58.257Z";"2020-11-10T08:47:58.257Z";
-1.677795316;48.109435676;-1.6777815;48.10942918;1604998054155;1604998054155;1.850000023841858;"Bus700";"OPC_N3:20";"2020-11-10T08:47:34.155Z";"2020-11-10T08:47:34.155Z";
-1.677812671;48.109568649;-1.677799248;48.109549751;1604998030053;1604998030053;2.180000066757202;"Bus700";"OPC_N3:20";"2020-11-10T08:47:10.053Z";"2020-11-10T08:47:10.053Z";
-1.677799641;48.109569336;-1.677799641;48.109569336;1604997981871;1604997981871;2.430000066757202;"Bus700";"OPC_N3:20";"2020-11-10T08:46:21.871Z";"2020-11-10T08:46:21.871Z";
-1.677800034;48.109576028;-1.677799641;48.109569336;1604997957821;1604997957821;2.5;"Bus700";"OPC_N3:20";"2020-11-10T08:45:57.821Z";"2020-11-10T08:45:57.821Z";
-1.677813457;48.109576028;-1.677800034;48.109575832;1604997933725;1604997933725;2.7899999618530273;"Bus700";"OPC_N3:20";"2020-11-10T08:45:33.725Z";"2020-11-10T08:45:33.725Z";
-1.677813457;48.109575832;-1.677813457;48.109575832;1604997909628;1604997909628;2.4700000286102295;"Bus700";"OPC_N3:20";"2020-11-10T08:45:09.628Z";"2020-11-10T08:45:09.628Z";
-1.67781385;48.10958272;-1.677800427;48.109582524;1604997885560;1604997885560;2.490000009536743;"Bus700";"OPC_N3:20";"2020-11-10T08:44:45.560Z";"2020-11-10T08:44:45.560Z";
-1.677814243;48.109595221;-1.67781385;48.109582524;1604997861461;1604997861461;2.299999952316284;"Bus700";"OPC_N3:20";"2020-11-10T08:44:21.461Z";"2020-11-10T08:44:21.461Z";
-1.677814636;48.109608114;-1.677801214;48.109595221;1604997837422;1604997837422;2.549999952316284;"Bus700";"OPC_N3:20";"2020-11-10T08:43:57.422Z";"2020-11-10T08:43:57.422Z";
-1.677802;48.109633507;-1.677801607;48.109614806;1604997813314;1604997813314;3.240000009536743;"Bus700";"OPC_N3:20";"2020-11-10T08:43:33.314Z";"2020-11-10T08:43:33.314Z";
-1.677789757;48.109665789;-1.677789757;48.109665789;1604997764364;1604997764364;3.640000104904175;"Bus700";"OPC_N3:20";"2020-11-10T08:42:44.364Z";"2020-11-10T08:42:44.364Z";
-1.677789757;48.109665789;-1.677789757;48.109665789;1604997740273;1604997740273;3.630000114440918;"Bus700";"OPC_N3:20";"2020-11-10T08:42:20.273Z";"2020-11-10T08:42:20.273Z";
-1.67779015;48.109678486;-1.677789757;48.109671794;1604997716218;1604997716218;2.9600000381469727;"Bus700";"OPC_N3:20";"2020-11-10T08:41:56.218Z";"2020-11-10T08:41:56.218Z";
-1.677803966;48.109696992;-1.67779015;48.109678486;1604997692113;1604997692113;3.7200000286102295;"Bus700";"OPC_N3:20";"2020-11-10T08:41:32.113Z";"2020-11-10T08:41:32.113Z";
-1.677896299;48.110052701;-1.677804359;48.109709688;1604997668027;1604997668027;3.069999933242798;"Bus700";"OPC_N3:20";"2020-11-10T08:41:08.027Z";"2020-11-10T08:41:08.027Z";
-1.679416234;48.11009008;-1.678259897;48.110067483;1604997643932;1604997643932;3.430000066757202;"Bus700";"OPC_N3:20";"2020-11-10T08:40:43.932Z";"2020-11-10T08:40:43.932Z";
-1.680543758;48.110047299;-1.680288723;48.110012858;1604997619849;1604997619849;3.7799999713897705;"Bus700";"OPC_N3:20";"2020-11-10T08:40:19.849Z";"2020-11-10T08:40:19.849Z";
-1.681711155;48.110000652;-1.680556787;48.109935722;1604997595784;1604997595784;3.740000009536743;"Bus700";"OPC_N3:20";"2020-11-10T08:39:55.784Z";"2020-11-10T08:39:55.784Z";
-1.683483368;48.109933285;-1.682234647;48.10991046;1604997571684;1604997571684;3.359999895095825;"Bus700";"OPC_N3:20";"2020-11-10T08:39:31.684Z";"2020-11-10T08:39:31.684Z";
-1.68353627;48.109904259;-1.683496396;48.109878275;1604997547613;1604997547613;4.480000019073486;"Bus700";"OPC_N3:20";"2020-11-10T08:39:07.613Z";"2020-11-10T08:39:07.613Z";
-1.685205046;48.10995751;-1.684246102;48.109805051;1604997523515;1604997523515;3.2200000286102295;"Bus700";"OPC_N3:20";"2020-11-10T08:38:43.515Z";"2020-11-10T08:38:43.515Z";
-1.685693404;48.11010347;-1.685218074;48.109956626;1604997499472;1604997499472;3.190000057220459;"Bus700";"OPC_N3:20";"2020-11-10T08:38:19.472Z";"2020-11-10T08:38:19.472Z";
-1.686323503;48.110494702;-1.686220453;48.110204054;1604997475371;1604997475371;2.5799999237060547;"Bus700";"OPC_N3:20";"2020-11-10T08:37:55.371Z";"2020-11-10T08:37:55.371Z";
-1.686484593;48.110894202;-1.686381937;48.110634266;1604997451268;1604997451268;3.049999952316284;"Bus700";"OPC_N3:20";"2020-11-10T08:37:31.268Z";"2020-11-10T08:37:31.268Z";
-1.692895582;48.112715471;-1.690899294;48.11157623;1604997330887;1604997330887;3.450000047683716;"Bus700";"OPC_N3:20";"2020-11-10T08:35:30.887Z";"2020-11-10T08:35:30.887Z";
-1.693355949;48.112811695;-1.69324499;48.11271702;1604997282684;1604997282684;3.119999885559082;"Bus700";"OPC_N3:20";"2020-11-10T08:34:42.684Z";"2020-11-10T08:34:42.684Z";
-1.693363886;48.114547863;-1.692457614;48.112985018;1604997258623;1604997258623;0.1599999964237213;"Bus700";"OPC_N3:20";"2020-11-10T08:34:18.623Z";"2020-11-10T08:34:18.623Z";
-1.692158778;48.116360442;-1.690807057;48.114881836;1604997210466;1604997210466;2.9800000190734863;"Bus700";"OPC_N3:20";"2020-11-10T08:33:30.466Z";"2020-11-10T08:33:30.466Z";
-1.690493587;48.117617465;-1.689665308;48.116674529;1604997162269;1604997162269;2.819999933242798;"Bus700";"OPC_N3:20";"2020-11-10T08:32:42.269Z";"2020-11-10T08:32:42.269Z";
-1.68927959;48.118161863;-1.689253928;48.118109304;1604997138191;1604997138191;3.0899999141693115;"Bus700";"OPC_N3:20";"2020-11-10T08:32:18.191Z";"2020-11-10T08:32:18.191Z";
-1.689152467;48.119236782;-1.688325322;48.118279778;1604997114172;1604997114172;3.0899999141693115;"Bus700";"OPC_N3:20";"2020-11-10T08:31:54.172Z";"2020-11-10T08:31:54.172Z";
-1.687598429;48.121089849;-1.686666982;48.120017697;1604997090072;1604997090072;4.190000057220459;"Bus700";"OPC_N3:20";"2020-11-10T08:31:30.072Z";"2020-11-10T08:31:30.072Z";
-1.685010101;48.125355241;-1.681593452;48.123011689;1604997041928;1604997041928;3.619999885559082;"Bus700";"OPC_N3:20";"2020-11-10T08:30:41.928Z";"2020-11-10T08:30:41.928Z";
-1.68329655;48.127664479;-1.682360663;48.125741855;1604996945566;1604996945566;4.21999979019165;"Bus700";"OPC_N3:20";"2020-11-10T08:29:05.566Z";"2020-11-10T08:29:05.566Z";
-1.68354455;48.128271952;-1.68345767;48.12807599;1604996921491;1604996921491;4.71999979019165;"Bus700";"OPC_N3:20";"2020-11-10T08:28:41.491Z";"2020-11-10T08:28:41.491Z";
-1.684072161;48.129626855;-1.68354455;48.128271952;1604996897425;1604996897425;5.590000152587891;"Bus700";"OPC_N3:20";"2020-11-10T08:28:17.425Z";"2020-11-10T08:28:17.425Z";
-1.68480399;48.131883413;-1.684202093;48.129917104;1604996863294;1604996863294;3.359999895095825;"Bus700";"OPC_N3:20";"2020-11-10T08:27:43.294Z";"2020-11-10T08:27:43.294Z";
-1.685214761;48.133337034;-1.684954471;48.132377991;1604996815113;1604996815113;3.799999952316284;"Bus700";"OPC_N3:20";"2020-11-10T08:26:55.113Z";"2020-11-10T08:26:55.113Z";
-1.685734183;48.135289052;-1.685314295;48.133507404;1604996791021;1604996791021;5.519999980926514;"Bus700";"OPC_N3:20";"2020-11-10T08:26:31.021Z";"2020-11-10T08:26:31.021Z";
-1.686291957;48.137128978;-1.685854662;48.135694455;1604996766975;1604996766975;4.46999979019165;"Bus700";"OPC_N3:20";"2020-11-10T08:26:06.975Z";"2020-11-10T08:26:06.975Z";
-1.686340155;48.13736431;-1.686291957;48.137128978;1604996742897;1604996742897;4.739999771118164;"Bus700";"OPC_N3:20";"2020-11-10T08:25:42.897Z";"2020-11-10T08:25:42.897Z";
-1.686576769;48.138230248;-1.686372959;48.137609578;1604996718855;1604996718855;5.880000114440918;"Bus700";"OPC_N3:20";"2020-11-10T08:25:18.855Z";"2020-11-10T08:25:18.855Z";
-1.686704854;48.142008998;-1.686558243;48.138668328;1604996694705;1604996694705;5.329999923706055;"Bus700";"OPC_N3:20";"2020-11-10T08:24:54.705Z";"2020-11-10T08:24:54.705Z";
-1.686626324;48.142926201;-1.686588419;48.142441564;1604996646573;1604996646573;5.900000095367432;"Bus700";"OPC_N3:20";"2020-11-10T08:24:06.573Z";"2020-11-10T08:24:06.573Z";
-1.68678399;48.143861716;-1.686574607;48.143066058;1604996622477;1604996622477;5.679999828338623;"Bus700";"OPC_N3:20";"2020-11-10T08:23:42.477Z";"2020-11-10T08:23:42.477Z";
-1.686472339;48.146153412;-1.68633135;48.144705802;1604996598377;1604996598377;5.909999847412109;"Bus700";"OPC_N3:20";"2020-11-10T08:23:18.377Z";"2020-11-10T08:23:18.377Z";
-1.686189155;48.148574641;-1.685913823;48.147137062;1604996574276;1604996574276;6.619999885559082;"Bus700";"OPC_N3:20";"2020-11-10T08:22:54.276Z";"2020-11-10T08:22:54.276Z";
-1.685809136;48.151002037;-1.685628212;48.149072959;1604996550238;1604996550238;10.329999923706055;"Bus700";"OPC_N3:20";"2020-11-10T08:22:30.238Z";"2020-11-10T08:22:30.238Z";
-1.686074327;48.152259695;-1.685845537;48.151446614;1604996526130;1604996526130;6.340000152587891;"Bus700";"OPC_N3:20";"2020-11-10T08:22:06.130Z";"2020-11-10T08:22:06.130Z";
-1.686501484;48.153418115;-1.686119769;48.152406154;1604996502037;1604996502037;6.699999809265137;"Bus700";"OPC_N3:20";"2020-11-10T08:21:42.037Z";"2020-11-10T08:21:42.037Z";
-1.686718425;48.154372628;-1.68656552;48.153880309;1604996477970;1604996477970;7.670000076293945;"Bus700";"OPC_N3:20";"2020-11-10T08:21:17.970Z";"2020-11-10T08:21:17.970Z";
-1.687263458;48.15687873;-1.686628752;48.154417215;1604996453874;1604996453874;5.840000152587891;"Bus700";"OPC_N3:20";"2020-11-10T08:20:53.874Z";"2020-11-10T08:20:53.874Z";
-1.687634168;48.157919065;-1.687263458;48.156872731;1604996405737;1604996405737;5.840000152587891;"Bus700";"OPC_N3:20";"2020-11-10T08:20:05.737Z";"2020-11-10T08:20:05.737Z";
-1.687867345;48.158695747;-1.686785797;48.158457935;1604996357568;1604996357568;4.809999942779541;"Bus700";"OPC_N3:20";"2020-11-10T08:19:17.568Z";"2020-11-10T08:19:17.568Z";
-1.685773395;48.158984046;-1.68433025;48.158881373;1604996333475;1604996333475;5.550000190734863;"Bus700";"OPC_N3:20";"2020-11-10T08:18:53.475Z";"2020-11-10T08:18:53.475Z";
-1.682701384;48.159221683;-1.680197594;48.158851614;1604996299375;1604996299375;5.480000019073486;"Bus700";"OPC_N3:20";"2020-11-10T08:18:19.375Z";"2020-11-10T08:18:19.375Z";
-1.679351144;48.159264051;-1.673207955;48.158920082;1604996275321;1604996275321;5.050000190734863;"Bus700";"OPC_N3:20";"2020-11-10T08:17:55.321Z";"2020-11-10T08:17:55.321Z";
-1.672257552;48.159144048;-1.67196079;48.157518859;1604996203030;1604996203030;3.0999999046325684;"Bus700";"OPC_N3:20";"2020-11-10T08:16:43.030Z";"2020-11-10T08:16:43.030Z";
-1.671843126;48.157157816;-1.671270153;48.155686409;1604996154882;1604996154882;3.109999895095825;"Bus700";"OPC_N3:20";"2020-11-10T08:15:54.882Z";"2020-11-10T08:15:54.882Z";
-1.671550428;48.15550166;-1.671237012;48.155228957;1604996130785;1604996130785;4.159999847412109;"Bus700";"OPC_N3:20";"2020-11-10T08:15:30.785Z";"2020-11-10T08:15:30.785Z";
-1.671550428;48.155228957;-1.671550428;48.155228957;1604996106685;1604996106685;3.299999952316284;"Bus700";"OPC_N3:20";"2020-11-10T08:15:06.685Z";"2020-11-10T08:15:06.685Z";
-1.671550428;48.155235849;-1.671536994;48.155228957;1604996082620;1604996082620;3.509999990463257;"Bus700";"OPC_N3:20";"2020-11-10T08:14:42.620Z";"2020-11-10T08:14:42.620Z";
-1.671537386;48.155235849;-1.671537386;48.155235849;1604996058522;1604996058522;3.259999990463257;"Bus700";"OPC_N3:20";"2020-11-10T08:14:18.522Z";"2020-11-10T08:14:18.522Z";
-1.671537386;48.155235849;-1.671537386;48.155235849;1604996034470;1604996034470;3.309999942779541;"Bus700";"OPC_N3:20";"2020-11-10T08:13:54.470Z";"2020-11-10T08:13:54.470Z";
-1.671537778;48.155242545;-1.671537386;48.155235849;1604996010394;1604996010394;3.690000057220459;"Bus700";"OPC_N3:20";"2020-11-10T08:13:30.394Z";"2020-11-10T08:13:30.394Z";
-1.671537778;48.155243438;-1.671524343;48.155236546;1604995962216;1604995962216;5.53000020980835;"Bus700";"OPC_N3:20";"2020-11-10T08:12:42.216Z";"2020-11-10T08:12:42.216Z";
-1.671525127;48.155250135;-1.671524735;48.155243438;1604995938109;1604995938109;4.75;"Bus700";"OPC_N3:20";"2020-11-10T08:12:18.109Z";"2020-11-10T08:12:18.109Z";
-1.671525127;48.15525033;-1.671511693;48.155250135;1604995914065;1604995914065;4.409999847412109;"Bus700";"OPC_N3:20";"2020-11-10T08:11:54.065Z";"2020-11-10T08:11:54.065Z";
-1.671512085;48.155263919;-1.671499042;48.155257027;1604995889965;1604995889965;5.909999847412109;"Bus700";"OPC_N3:20";"2020-11-10T08:11:29.965Z";"2020-11-10T08:11:29.965Z";
-1.671485999;48.155264811;-1.671485607;48.155258115;1604995865873;1604995865873;6.5;"Bus700";"OPC_N3:20";"2020-11-10T08:11:05.873Z";"2020-11-10T08:11:05.873Z";
-1.671472957;48.155285292;-1.671459914;48.155271704;1604995841779;1604995841779;6.71999979019165;"Bus700";"OPC_N3:20";"2020-11-10T08:10:41.779Z";"2020-11-10T08:10:41.779Z";
-1.671434221;48.155305969;-1.671421178;48.15529238;1604995817731;1604995817731;5.130000114440918;"Bus700";"OPC_N3:20";"2020-11-10T08:10:17.731Z";"2020-11-10T08:10:17.731Z";
-1.671408135;48.155313056;-1.671171906;48.155080258;1604995793627;1604995793627;5.199999809265137;"Bus700";"OPC_N3:20";"2020-11-10T08:09:53.627Z";"2020-11-10T08:09:53.627Z";
-1.671212387;48.155902102;-1.671028827;48.155234761;1604995769529;1604995769529;4.070000171661377;"Bus700";"OPC_N3:20";"2020-11-10T08:09:29.529Z";"2020-11-10T08:09:29.529Z";
-1.671478913;48.156923959;-1.671262099;48.156176227;1604995745468;1604995745468;3.950000047683716;"Bus700";"OPC_N3:20";"2020-11-10T08:09:05.468Z";"2020-11-10T08:09:05.468Z";
-1.673478238;48.15913344;-1.671937463;48.157523018;1604995721365;1604995721365;5.070000171661377;"Bus700";"OPC_N3:20";"2020-11-10T08:08:41.365Z";"2020-11-10T08:08:41.365Z";
-1.675373453;48.158978827;-1.67404018;48.158932637;1604995673214;1604995673214;7.210000038146973;"Bus700";"OPC_N3:20";"2020-11-10T08:07:53.214Z";"2020-11-10T08:07:53.214Z";
-1.676358974;48.159081079;-1.675860674;48.159068042;1604995649151;1604995649151;6.889999866485596;"Bus700";"OPC_N3:20";"2020-11-10T08:07:29.151Z";"2020-11-10T08:07:29.151Z";
-1.680186523;48.159297362;-1.678179481;48.159192255;1604995600962;1604995600962;7.940000057220459;"Bus700";"OPC_N3:20";"2020-11-10T08:06:40.962Z";"2020-11-10T08:06:40.962Z";
-1.683724068;48.159058881;-1.681605975;48.158841787;1604995576914;1604995576914;7.340000152587891;"Bus700";"OPC_N3:20";"2020-11-10T08:06:16.914Z";"2020-11-10T08:06:16.914Z";
-1.686745491;48.158959927;-1.685045104;48.158708337;1604995552826;1604995552826;7.130000114440918;"Bus700";"OPC_N3:20";"2020-11-10T08:05:52.826Z";"2020-11-10T08:05:52.826Z";
-1.687608485;48.158568959;-1.687130768;48.157651537;1604995528752;1604995528752;7.739999771118164;"Bus700";"OPC_N3:20";"2020-11-10T08:05:28.752Z";"2020-11-10T08:05:28.752Z";
-1.689815842;48.158058128;-1.687481607;48.157311479;1604995504626;1604995504626;7.659999847412109;"Bus700";"OPC_N3:20";"2020-11-10T08:05:04.626Z";"2020-11-10T08:05:04.626Z";
-1.691434935;48.159123324;-1.690421317;48.158878366;1604995456478;1604995456478;98.95999908447266;"Bus700";"OPC_N3:20";"2020-11-10T08:04:16.478Z";"2020-11-10T08:04:16.478Z";
-1.692100144;48.160188474;-1.691417296;48.159745747;1604995432392;1604995432392;4.570000171661377;"Bus700";"OPC_N3:20";"2020-11-10T08:03:52.392Z";"2020-11-10T08:03:52.392Z";
-1.691015756;48.159780974;-1.686997057;48.155435369;1604995408306;1604995408306;5.369999885559082;"Bus700";"OPC_N3:20";"2020-11-10T08:03:28.306Z";"2020-11-10T08:03:28.306Z";
-1.68684095;48.154775052;-1.686571424;48.153494003;1604995311977;1604995311977;5.190000057220459;"Bus700";"OPC_N3:20";"2020-11-10T08:01:51.977Z";"2020-11-10T08:01:51.977Z";
-1.685976721;48.151720942;-1.685949062;48.151571802;1604995239752;1604995239752;6.119999885559082;"Bus700";"OPC_N3:20";"2020-11-10T08:00:39.752Z";"2020-11-10T08:00:39.752Z";
-1.68615915;48.151234204;-1.685796512;48.147935628;1604995215667;1604995215667;5.630000114440918;"Bus700";"OPC_N3:20";"2020-11-10T08:00:15.667Z";"2020-11-10T08:00:15.667Z";
-1.644794787;48.11041102;-1.644794787;48.11041102;1605046921697;1605046921697;2.740000009536743;"Bus700";"OPC_N3:20";"2020-11-10T22:22:01.697Z";"2020-11-10T22:22:01.697Z";
-1.644780978;48.11040452;-1.644780978;48.11040452;1605046851289;1605046851289;1.9500000476837158;"Bus700";"OPC_N3:20";"2020-11-10T22:20:51.289Z";"2020-11-10T22:20:51.289Z";
-1.644780978;48.11040452;-1.644780978;48.11040452;1605046837197;1605046837197;2.7300000190734863;"Bus700";"OPC_N3:20";"2020-11-10T22:20:37.197Z";"2020-11-10T22:20:37.197Z";
-1.644780978;48.11040452;-1.644780978;48.11040452;1605046823140;1605046823140;2.190000057220459;"Bus700";"OPC_N3:20";"2020-11-10T22:20:23.140Z";"2020-11-10T22:20:23.140Z";
-1.644767555;48.110404712;-1.644767555;48.110404712;1605046738564;1605046738564;2.0199999809265137;"Bus700";"OPC_N3:20";"2020-11-10T22:18:58.564Z";"2020-11-10T22:18:58.564Z";
-1.644767555;48.110404712;-1.644767555;48.110404712;1605046696342;1605046696342;1.649999976158142;"Bus700";"OPC_N3:20";"2020-11-10T22:18:16.342Z";"2020-11-10T22:18:16.342Z";
-1.644767555;48.110404712;-1.644767555;48.110404712;1605046682255;1605046682255;1.6100000143051147;"Bus700";"OPC_N3:20";"2020-11-10T22:18:02.255Z";"2020-11-10T22:18:02.255Z";
-1.644767555;48.110404712;-1.644767555;48.110404712;1605046668156;1605046668156;1.3700000047683716;"Bus700";"OPC_N3:20";"2020-11-10T22:17:48.156Z";"2020-11-10T22:17:48.156Z";
-1.644781749;48.110423909;-1.644781749;48.110423909;1605046569572;1605046569572;2.619999885559082;"Bus700";"OPC_N3:20";"2020-11-10T22:16:09.572Z";"2020-11-10T22:16:09.572Z";
-1.644781749;48.110423909;-1.644781749;48.110423909;1605046555459;1605046555459;2.1600000858306885;"Bus700";"OPC_N3:20";"2020-11-10T22:15:55.459Z";"2020-11-10T22:15:55.459Z";
-1.644782134;48.110430601;-1.644782134;48.110430601;1605046404593;1605046404593;3.319999933242798;"Bus700";"OPC_N3:20";"2020-11-10T22:13:24.593Z";"2020-11-10T22:13:24.593Z";
-1.644769097;48.110431481;-1.644769097;48.110431481;1605046249618;1605046249618;2.890000104904175;"Bus700";"OPC_N3:20";"2020-11-10T22:10:49.618Z";"2020-11-10T22:10:49.618Z";
-1.644782134;48.110430601;-1.644782134;48.110430601;1605046097697;1605046097697;1.1399999856948853;"Bus700";"OPC_N3:20";"2020-11-10T22:08:17.697Z";"2020-11-10T22:08:17.697Z";
-1.64478252;48.110431288;-1.644782134;48.110424596;1605046013198;1605046013198;0.9700000286102295;"Bus700";"OPC_N3:20";"2020-11-10T22:06:53.198Z";"2020-11-10T22:06:53.198Z";
-1.644782134;48.110424596;-1.644782134;48.110424596;1605045999103;1605045999103;0.9900000095367432;"Bus700";"OPC_N3:20";"2020-11-10T22:06:39.103Z";"2020-11-10T22:06:39.103Z";
-1.644782134;48.110424596;-1.644782134;48.110424596;1605045985013;1605045985013;1.2200000286102295;"Bus700";"OPC_N3:20";"2020-11-10T22:06:25.013Z";"2020-11-10T22:06:25.013Z";
-1.644782134;48.110424596;-1.644782134;48.110424596;1605045914571;1605045914571;1.0299999713897705;"Bus700";"OPC_N3:20";"2020-11-10T22:05:14.571Z";"2020-11-10T22:05:14.571Z";
-1.644782134;48.110418591;-1.644782134;48.110418591;1605045731456;1605045731456;1.4299999475479126;"Bus700";"OPC_N3:20";"2020-11-10T22:02:11.456Z";"2020-11-10T22:02:11.456Z";
-1.644795558;48.110412394;-1.644795558;48.110412394;1605045580606;1605045580606;3.0799999237060547;"Bus700";"OPC_N3:20";"2020-11-10T21:59:40.606Z";"2020-11-10T21:59:40.606Z";
-1.644795558;48.110412394;-1.644795558;48.110412394;1605045566515;1605045566515;2.0999999046325684;"Bus700";"OPC_N3:20";"2020-11-10T21:59:26.515Z";"2020-11-10T21:59:26.515Z";
-1.644795558;48.11040639;-1.644795558;48.11040639;1605045425620;1605045425620;1.7999999523162842;"Bus700";"OPC_N3:20";"2020-11-10T21:57:05.620Z";"2020-11-10T21:57:05.620Z";
-1.644795558;48.11040639;-1.644795558;48.11040639;1605045242538;1605045242538;1.2899999618530273;"Bus700";"OPC_N3:20";"2020-11-10T21:54:02.538Z";"2020-11-10T21:54:02.538Z";
-1.644795558;48.11040639;-1.644795558;48.11040639;1605045228463;1605045228463;1.2000000476837158;"Bus700";"OPC_N3:20";"2020-11-10T21:53:48.463Z";"2020-11-10T21:53:48.463Z";
-1.644782134;48.110406582;-1.644782134;48.110406582;1605045171040;1605045171040;1.059999942779541;"Bus700";"OPC_N3:20";"2020-11-10T21:52:51.040Z";"2020-11-10T21:52:51.040Z";
-1.644782134;48.110406582;-1.644782134;48.110406582;1605045156951;1605045156951;1.100000023841858;"Bus700";"OPC_N3:20";"2020-11-10T21:52:36.951Z";"2020-11-10T21:52:36.951Z";
-1.644782134;48.110406582;-1.644782134;48.110406582;1605045142850;1605045142850;0.8299999833106995;"Bus700";"OPC_N3:20";"2020-11-10T21:52:22.850Z";"2020-11-10T21:52:22.850Z";
-1.644768711;48.110412779;-1.644768711;48.110412779;1605045001983;1605045001983;1.2100000381469727;"Bus700";"OPC_N3:20";"2020-11-10T21:50:01.983Z";"2020-11-10T21:50:01.983Z";
-1.644755288;48.110412971;-1.644755288;48.110412971;1605044987900;1605044987900;0.8999999761581421;"Bus700";"OPC_N3:20";"2020-11-10T21:49:47.900Z";"2020-11-10T21:49:47.900Z";
-1.644755288;48.110412971;-1.644755288;48.110412971;1605044973841;1605044973841;1.0099999904632568;"Bus700";"OPC_N3:20";"2020-11-10T21:49:33.841Z";"2020-11-10T21:49:33.841Z";
-1.644755288;48.110412971;-1.644755288;48.110412971;1605044959743;1605044959743;1.4199999570846558;"Bus700";"OPC_N3:20";"2020-11-10T21:49:19.743Z";"2020-11-10T21:49:19.743Z";
-1.644755288;48.110412971;-1.644755288;48.110412971;1605044935548;1605044935548;0.9200000166893005;"Bus700";"OPC_N3:20";"2020-11-10T21:48:55.548Z";"2020-11-10T21:48:55.548Z";
-1.644755288;48.110412971;-1.644755288;48.110412971;1605044921520;1605044921520;1.2200000286102295;"Bus700";"OPC_N3:20";"2020-11-10T21:48:41.520Z";"2020-11-10T21:48:41.520Z";
-1.644755288;48.110412971;-1.644755288;48.110412971;1605044907472;1605044907472;0.75;"Bus700";"OPC_N3:20";"2020-11-10T21:48:27.472Z";"2020-11-10T21:48:27.472Z";
-1.644741479;48.110412476;-1.644741479;48.110412476;1605044893405;1605044893405;1.6100000143051147;"Bus700";"OPC_N3:20";"2020-11-10T21:48:13.405Z";"2020-11-10T21:48:13.405Z";
-1.644741479;48.110412476;-1.644741479;48.110412476;1605044879363;1605044879363;0.8700000047683716;"Bus700";"OPC_N3:20";"2020-11-10T21:47:59.363Z";"2020-11-10T21:47:59.363Z";
-1.644807439;48.110409453;-1.644807439;48.110409453;1605039854401;1605039854401;1.8600000143051147;"Bus700";"OPC_N3:20";"2020-11-10T20:24:14.401Z";"2020-11-10T20:24:14.401Z";
-1.644807439;48.110409453;-1.644807439;48.110409453;1605039878430;1605039878430;1.8600000143051147;"Bus700";"OPC_N3:20";"2020-11-10T20:24:38.430Z";"2020-11-10T20:24:38.430Z";
-1.644807439;48.110409453;-1.644807439;48.110409453;1605039902450;1605039902450;1.8600000143051147;"Bus700";"OPC_N3:20";"2020-11-10T20:25:02.450Z";"2020-11-10T20:25:02.450Z";
-1.644807439;48.110409453;-1.644807439;48.110409453;1605039926464;1605039926464;1.8600000143051147;"Bus700";"OPC_N3:20";"2020-11-10T20:25:26.464Z";"2020-11-10T20:25:26.464Z";
-1.644807439;48.110409453;-1.644807439;48.110409453;1605039950483;1605039950483;1.8600000143051147;"Bus700";"OPC_N3:20";"2020-11-10T20:25:50.483Z";"2020-11-10T20:25:50.483Z";
-1.644807439;48.110409453;-1.644807439;48.110409453;1605039974501;1605039974501;1.8600000143051147;"Bus700";"OPC_N3:20";"2020-11-10T20:26:14.501Z";"2020-11-10T20:26:14.501Z";
-1.644807439;48.110409453;-1.644807439;48.110409453;1605039998523;1605039998523;1.8600000143051147;"Bus700";"OPC_N3:20";"2020-11-10T20:26:38.523Z";"2020-11-10T20:26:38.523Z";
-1.644807439;48.110409453;-1.644807439;48.110409453;1605040022542;1605040022542;1.8600000143051147;"Bus700";"OPC_N3:20";"2020-11-10T20:27:02.542Z";"2020-11-10T20:27:02.542Z";
-1.644807439;48.110409453;-1.644807439;48.110409453;1605040046569;1605040046569;1.8600000143051147;"Bus700";"OPC_N3:20";"2020-11-10T20:27:26.569Z";"2020-11-10T20:27:26.569Z";
-1.644820862;48.110403256;-1.644820862;48.110403256;1605039830419;1605039830419;1.8600000143051147;"Bus700";"OPC_N3:20";"2020-11-10T20:23:50.419Z";"2020-11-10T20:23:50.419Z";
-1.644820862;48.110403256;-1.644820862;48.110403256;1605039816340;1605039816340;2.069999933242798;"Bus700";"OPC_N3:20";"2020-11-10T20:23:36.340Z";"2020-11-10T20:23:36.340Z";
-1.644821248;48.110409948;-1.644821248;48.110409948;1605039802282;1605039802282;0.14000000059604645;"Bus700";"OPC_N3:20";"2020-11-10T20:23:22.282Z";"2020-11-10T20:23:22.282Z";
-1.644821248;48.110409948;-1.644821248;48.110409948;1605039788238;1605039788238;2.8299999237060547;"Bus700";"OPC_N3:20";"2020-11-10T20:23:08.238Z";"2020-11-10T20:23:08.238Z";
-1.644821248;48.110409948;-1.644821248;48.110409948;1605039760123;1605039760123;2.4000000953674316;"Bus700";"OPC_N3:20";"2020-11-10T20:22:40.123Z";"2020-11-10T20:22:40.123Z";
-1.644821248;48.110403943;-1.644821248;48.110403943;1605039736060;1605039736060;2.5299999713897705;"Bus700";"OPC_N3:20";"2020-11-10T20:22:16.060Z";"2020-11-10T20:22:16.060Z";
-1.644821248;48.110410828;-1.64480821;48.110403943;1605039722015;1605039722015;2.130000114440918;"Bus700";"OPC_N3:20";"2020-11-10T20:22:02.015Z";"2020-11-10T20:22:02.015Z";
-1.644821633;48.110410635;-1.644821633;48.110410635;1605039707957;1605039707957;2.4100000858306885;"Bus700";"OPC_N3:20";"2020-11-10T20:21:47.957Z";"2020-11-10T20:21:47.957Z";
-1.64480821;48.110410828;-1.64480821;48.110410828;1605039693916;1605039693916;2.4100000858306885;"Bus700";"OPC_N3:20";"2020-11-10T20:21:33.916Z";"2020-11-10T20:21:33.916Z";
-1.64480821;48.110410828;-1.64480821;48.110410828;1605039679839;1605039679839;2.4100000858306885;"Bus700";"OPC_N3:20";"2020-11-10T20:21:19.839Z";"2020-11-10T20:21:19.839Z";
-1.64480821;48.110410828;-1.64480821;48.110410828;1605039665775;1605039665775;2.890000104904175;"Bus700";"OPC_N3:20";"2020-11-10T20:21:05.775Z";"2020-11-10T20:21:05.775Z";
-1.644821633;48.110410635;-1.644821633;48.110410635;1605039651723;1605039651723;3.4600000381469727;"Bus700";"OPC_N3:20";"2020-11-10T20:20:51.723Z";"2020-11-10T20:20:51.723Z";
-1.644821633;48.110410635;-1.644821633;48.110410635;1605039637675;1605039637675;3.2799999713897705;"Bus700";"OPC_N3:20";"2020-11-10T20:20:37.675Z";"2020-11-10T20:20:37.675Z";
-1.644821633;48.110410635;-1.644821633;48.110410635;1605039613612;1605039613612;3.6600000858306885;"Bus700";"OPC_N3:20";"2020-11-10T20:20:13.612Z";"2020-11-10T20:20:13.612Z";
-1.644821633;48.110410635;-1.644821633;48.110410635;1605039599573;1605039599573;3.059999942779541;"Bus700";"OPC_N3:20";"2020-11-10T20:19:59.573Z";"2020-11-10T20:19:59.573Z";
-1.644821633;48.110410635;-1.644821633;48.110410635;1605039585493;1605039585493;3.5799999237060547;"Bus700";"OPC_N3:20";"2020-11-10T20:19:45.493Z";"2020-11-10T20:19:45.493Z";
-1.644821633;48.110410635;-1.644821633;48.110410635;1605039571464;1605039571464;3.0999999046325684;"Bus700";"OPC_N3:20";"2020-11-10T20:19:31.464Z";"2020-11-10T20:19:31.464Z";
-1.644821633;48.110410828;-1.64480821;48.110410635;1605039557398;1605039557398;3.2100000381469727;"Bus700";"OPC_N3:20";"2020-11-10T20:19:17.398Z";"2020-11-10T20:19:17.398Z";
-1.64480821;48.110410828;-1.64480821;48.110410828;1605039543359;1605039543359;3.619999885559082;"Bus700";"OPC_N3:20";"2020-11-10T20:19:03.359Z";"2020-11-10T20:19:03.359Z";
-1.644821633;48.110410828;-1.64480821;48.110410635;1605039529289;1605039529289;3.4000000953674316;"Bus700";"OPC_N3:20";"2020-11-10T20:18:49.289Z";"2020-11-10T20:18:49.289Z";
-1.644821633;48.110410828;-1.64480821;48.110410635;1605039515249;1605039515249;4.150000095367432;"Bus700";"OPC_N3:20";"2020-11-10T20:18:35.249Z";"2020-11-10T20:18:35.249Z";
-1.644821633;48.110410635;-1.644821633;48.110410635;1605039491181;1605039491181;3.380000114440918;"Bus700";"OPC_N3:20";"2020-11-10T20:18:11.181Z";"2020-11-10T20:18:11.181Z";
-1.644821633;48.110410828;-1.64480821;48.110410635;1605039477134;1605039477134;4.179999828338623;"Bus700";"OPC_N3:20";"2020-11-10T20:17:57.134Z";"2020-11-10T20:17:57.134Z";
-1.64480821;48.110410828;-1.64480821;48.110410828;1605039463081;1605039463081;3.5199999809265137;"Bus700";"OPC_N3:20";"2020-11-10T20:17:43.081Z";"2020-11-10T20:17:43.081Z";
-1.64480821;48.110410828;-1.64480821;48.110410828;1605039449030;1605039449030;4.070000171661377;"Bus700";"OPC_N3:20";"2020-11-10T20:17:29.030Z";"2020-11-10T20:17:29.030Z";
-1.64480821;48.110410828;-1.64480821;48.110410828;1605039424937;1605039424937;4.019999980926514;"Bus700";"OPC_N3:20";"2020-11-10T20:17:04.937Z";"2020-11-10T20:17:04.937Z";
-1.64480821;48.110410828;-1.64480821;48.110410828;1605039410871;1605039410871;4.579999923706055;"Bus700";"OPC_N3:20";"2020-11-10T20:16:50.871Z";"2020-11-10T20:16:50.871Z";
-1.64480821;48.110410828;-1.64480821;48.110410828;1605039396836;1605039396836;4.389999866485596;"Bus700";"OPC_N3:20";"2020-11-10T20:16:36.836Z";"2020-11-10T20:16:36.836Z";
-1.64480821;48.110410828;-1.64480821;48.110410828;1605039382769;1605039382769;4.659999847412109;"Bus700";"OPC_N3:20";"2020-11-10T20:16:22.769Z";"2020-11-10T20:16:22.769Z";
-1.64480821;48.110410828;-1.64480821;48.110410828;1605039354678;1605039354678;4.809999942779541;"Bus700";"OPC_N3:20";"2020-11-10T20:15:54.678Z";"2020-11-10T20:15:54.678Z";
-1.644808596;48.11041752;-1.64480821;48.110410828;1605039340660;1605039340660;4.809999942779541;"Bus700";"OPC_N3:20";"2020-11-10T20:15:40.660Z";"2020-11-10T20:15:40.660Z";
-1.644808596;48.110423525;-1.644808596;48.11041752;1605039326593;1605039326593;4.139999866485596;"Bus700";"OPC_N3:20";"2020-11-10T20:15:26.593Z";"2020-11-10T20:15:26.593Z";
-1.644808596;48.110423525;-1.644808596;48.110423525;1605039312546;1605039312546;3.390000104904175;"Bus700";"OPC_N3:20";"2020-11-10T20:15:12.546Z";"2020-11-10T20:15:12.546Z";
-1.644808596;48.110423525;-1.644808596;48.110423525;1605039298492;1605039298492;4.050000190734863;"Bus700";"OPC_N3:20";"2020-11-10T20:14:58.492Z";"2020-11-10T20:14:58.492Z";
-1.644808596;48.110423525;-1.644808596;48.110423525;1605039284441;1605039284441;3.190000057220459;"Bus700";"OPC_N3:20";"2020-11-10T20:14:44.441Z";"2020-11-10T20:14:44.441Z";
-1.64480821;48.110416832;-1.64480821;48.110416832;1605039270396;1605039270396;3.180000066757202;"Bus700";"OPC_N3:20";"2020-11-10T20:14:30.396Z";"2020-11-10T20:14:30.396Z";
-1.644794787;48.110417025;-1.644794787;48.110417025;1605039256297;1605039256297;3.640000104904175;"Bus700";"OPC_N3:20";"2020-11-10T20:14:16.297Z";"2020-11-10T20:14:16.297Z";
-1.644794787;48.110417025;-1.644794787;48.110417025;1605039242259;1605039242259;3.2699999809265137;"Bus700";"OPC_N3:20";"2020-11-10T20:14:02.259Z";"2020-11-10T20:14:02.259Z";
-1.644794787;48.110417025;-1.644794787;48.110417025;1605039218197;1605039218197;3.630000114440918;"Bus700";"OPC_N3:20";"2020-11-10T20:13:38.197Z";"2020-11-10T20:13:38.197Z";
-1.644794787;48.110417025;-1.644794787;48.110417025;1605039204149;1605039204149;3.819999933242798;"Bus700";"OPC_N3:20";"2020-11-10T20:13:24.149Z";"2020-11-10T20:13:24.149Z";
-1.644794787;48.110417025;-1.644794787;48.110417025;1605039190086;1605039190086;3.700000047683716;"Bus700";"OPC_N3:20";"2020-11-10T20:13:10.086Z";"2020-11-10T20:13:10.086Z";
-1.644794787;48.110417025;-1.644794787;48.110417025;1605039176042;1605039176042;5.099999904632568;"Bus700";"OPC_N3:20";"2020-11-10T20:12:56.042Z";"2020-11-10T20:12:56.042Z";
-1.644794787;48.110417025;-1.644794787;48.110417025;1605039161985;1605039161985;4.010000228881836;"Bus700";"OPC_N3:20";"2020-11-10T20:12:41.985Z";"2020-11-10T20:12:41.985Z";
-1.644794787;48.110417025;-1.644794787;48.110417025;1605039147934;1605039147934;3.690000057220459;"Bus700";"OPC_N3:20";"2020-11-10T20:12:27.934Z";"2020-11-10T20:12:27.934Z";
-1.644795172;48.110423717;-1.644794787;48.110417025;1605039133903;1605039133903;3.5199999809265137;"Bus700";"OPC_N3:20";"2020-11-10T20:12:13.903Z";"2020-11-10T20:12:13.903Z";
-1.644795172;48.110423717;-1.644795172;48.110423717;1605039119825;1605039119825;4.349999904632568;"Bus700";"OPC_N3:20";"2020-11-10T20:11:59.825Z";"2020-11-10T20:11:59.825Z";
-1.644795172;48.110423717;-1.644795172;48.110423717;1605039095767;1605039095767;3.8499999046325684;"Bus700";"OPC_N3:20";"2020-11-10T20:11:35.767Z";"2020-11-10T20:11:35.767Z";
-1.644795172;48.110423717;-1.644795172;48.110423717;1605039081721;1605039081721;2.9800000190734863;"Bus700";"OPC_N3:20";"2020-11-10T20:11:21.721Z";"2020-11-10T20:11:21.721Z";
-1.644795172;48.110423717;-1.644795172;48.110423717;1605039067655;1605039067655;2.630000114440918;"Bus700";"OPC_N3:20";"2020-11-10T20:11:07.655Z";"2020-11-10T20:11:07.655Z";
-1.644795172;48.110423717;-1.644795172;48.110423717;1605039053606;1605039053606;2.7200000286102295;"Bus700";"OPC_N3:20";"2020-11-10T20:10:53.606Z";"2020-11-10T20:10:53.606Z";
-1.644795172;48.110423909;-1.644781749;48.110423717;1605039039548;1605039039548;2.6600000858306885;"Bus700";"OPC_N3:20";"2020-11-10T20:10:39.548Z";"2020-11-10T20:10:39.548Z";
-1.644781749;48.110423909;-1.644781749;48.110423909;1605039025496;1605039025496;2.6600000858306885;"Bus700";"OPC_N3:20";"2020-11-10T20:10:25.496Z";"2020-11-10T20:10:25.496Z";
-1.644781749;48.110423909;-1.644781749;48.110423909;1605039011437;1605039011437;2.0999999046325684;"Bus700";"OPC_N3:20";"2020-11-10T20:10:11.437Z";"2020-11-10T20:10:11.437Z";
-1.644781749;48.110423909;-1.644781749;48.110423909;1605038997310;1605038997310;2.25;"Bus700";"OPC_N3:20";"2020-11-10T20:09:57.310Z";"2020-11-10T20:09:57.310Z";
-1.644781364;48.110417217;-1.644781364;48.110417217;1605038983334;1605038983334;2.609999895095825;"Bus700";"OPC_N3:20";"2020-11-10T20:09:43.334Z";"2020-11-10T20:09:43.334Z";
-1.644756059;48.110438365;-1.644714633;48.110400851;1605037724851;1605037724851;4.349999904632568;"Bus700";"OPC_N3:20";"2020-11-10T19:48:44.851Z";"2020-11-10T19:48:44.851Z";
-1.644769482;48.110444178;-1.644769097;48.110425476;1605037710804;1605037710804;3.369999885559082;"Bus700";"OPC_N3:20";"2020-11-10T19:48:30.804Z";"2020-11-10T19:48:30.804Z";
-1.644741094;48.110399779;-1.644713862;48.110393471;1605037696734;1605037696734;3.7699999809265137;"Bus700";"OPC_N3:20";"2020-11-10T19:48:16.734Z";"2020-11-10T19:48:16.734Z";
-1.644672821;48.110362649;-1.644672821;48.110362649;1605037682694;1605037682694;4.829999923706055;"Bus700";"OPC_N3:20";"2020-11-10T19:48:02.694Z";"2020-11-10T19:48:02.694Z";
-1.644755673;48.110425668;-1.644713862;48.110381461;1605037668635;1605037668635;8.350000381469727;"Bus700";"OPC_N3:20";"2020-11-10T19:47:48.635Z";"2020-11-10T19:47:48.635Z";
-1.644754903;48.110406279;-1.644713091;48.110362072;1605037640532;1605037640532;6.650000095367432;"Bus700";"OPC_N3:20";"2020-11-10T19:47:20.532Z";"2020-11-10T19:47:20.532Z";
-1.644739552;48.11037301;-1.644698897;48.110354885;1605037626483;1605037626483;5.440000057220459;"Bus700";"OPC_N3:20";"2020-11-10T19:47:06.483Z";"2020-11-10T19:47:06.483Z";
-1.644827801;48.110739847;-1.644749959;48.110643811;1605037612425;1605037612425;4.71999979019165;"Bus700";"OPC_N3:20";"2020-11-10T19:46:52.425Z";"2020-11-10T19:46:52.425Z";
-1.644749959;48.110739847;-1.644749959;48.110739847;1605037598377;1605037598377;5.239999771118164;"Bus700";"OPC_N3:20";"2020-11-10T19:46:38.377Z";"2020-11-10T19:46:38.377Z";
-1.644749959;48.110739847;-1.644749959;48.110739847;1605037584335;1605037584335;3.2300000190734863;"Bus700";"OPC_N3:20";"2020-11-10T19:46:24.335Z";"2020-11-10T19:46:24.335Z";
-1.644736536;48.110773197;-1.644711231;48.110740039;1605037570302;1605037570302;3.2300000190734863;"Bus700";"OPC_N3:20";"2020-11-10T19:46:10.302Z";"2020-11-10T19:46:10.302Z";
-1.644591962;48.110856809;-1.644565501;48.110837723;1605037556260;1605037556260;3.3399999141693115;"Bus700";"OPC_N3:20";"2020-11-10T19:45:56.260Z";"2020-11-10T19:45:56.260Z";
-1.644565501;48.110856809;-1.644565501;48.110856809;1605037542162;1605037542162;3.130000114440918;"Bus700";"OPC_N3:20";"2020-11-10T19:45:42.162Z";"2020-11-10T19:45:42.162Z";
-1.644565886;48.110869506;-1.644565501;48.110856809;1605037528132;1605037528132;3.0299999713897705;"Bus700";"OPC_N3:20";"2020-11-10T19:45:28.132Z";"2020-11-10T19:45:28.132Z";
-1.644580466;48.11096248;-1.644476162;48.110883386;1605037514073;1605037514073;3.799999952316284;"Bus700";"OPC_N3:20";"2020-11-10T19:45:14.073Z";"2020-11-10T19:45:14.073Z";
-1.64438374;48.111036226;-1.644277509;48.111008607;1605037500029;1605037500029;3.259999990463257;"Bus700";"OPC_N3:20";"2020-11-10T19:45:00.029Z";"2020-11-10T19:45:00.029Z";
-1.644197739;48.111114298;-1.644050852;48.111068777;1605037485954;1605037485954;3.809999942779541;"Bus700";"OPC_N3:20";"2020-11-10T19:44:45.954Z";"2020-11-10T19:44:45.954Z";
-1.644050852;48.111114298;-1.644050852;48.111114298;1605037433797;1605037433797;4.139999866485596;"Bus700";"OPC_N3:20";"2020-11-10T19:43:53.797Z";"2020-11-10T19:43:53.797Z";
-1.644050852;48.11111449;-1.644037428;48.111114298;1605037419738;1605037419738;5.440000057220459;"Bus700";"OPC_N3:20";"2020-11-10T19:43:39.738Z";"2020-11-10T19:43:39.738Z";
-1.644037428;48.111108485;-1.644037428;48.111108485;1605037405694;1605037405694;5.559999942779541;"Bus700";"OPC_N3:20";"2020-11-10T19:43:25.694Z";"2020-11-10T19:43:25.694Z";
-1.644037428;48.11111449;-1.644037428;48.11111449;1605037391631;1605037391631;3.2799999713897705;"Bus700";"OPC_N3:20";"2020-11-10T19:43:11.631Z";"2020-11-10T19:43:11.631Z";
-1.644037043;48.111107798;-1.644037043;48.111107798;1605037377593;1605037377593;4.369999885559082;"Bus700";"OPC_N3:20";"2020-11-10T19:42:57.593Z";"2020-11-10T19:42:57.593Z";
-1.644037043;48.111107798;-1.644037043;48.111107798;1605037363512;1605037363512;4.179999828338623;"Bus700";"OPC_N3:20";"2020-11-10T19:42:43.512Z";"2020-11-10T19:42:43.512Z";
-1.644023234;48.111095293;-1.644023234;48.111095293;1605037349475;1605037349475;5.579999923706055;"Bus700";"OPC_N3:20";"2020-11-10T19:42:29.475Z";"2020-11-10T19:42:29.475Z";
-1.644009811;48.111095485;-1.643806533;48.111022872;1605037335413;1605037335413;4.829999923706055;"Bus700";"OPC_N3:20";"2020-11-10T19:42:15.413Z";"2020-11-10T19:42:15.413Z";
-1.643699916;48.111049802;-1.643672684;48.111049499;1605037297307;1605037297307;7.599999904632568;"Bus700";"OPC_N3:20";"2020-11-10T19:41:37.307Z";"2020-11-10T19:41:37.307Z";
-1.643444871;48.111035436;-1.643444871;48.111035436;1605037283257;1605037283257;8.720000267028809;"Bus700";"OPC_N3:20";"2020-11-10T19:41:23.257Z";"2020-11-10T19:41:23.257Z";
-1.643431448;48.111035628;-1.643431448;48.111035628;1605037269196;1605037269196;8.720000267028809;"Bus700";"OPC_N3:20";"2020-11-10T19:41:09.196Z";"2020-11-10T19:41:09.196Z";
-1.643431448;48.111035628;-1.643431448;48.111035628;1605037255186;1605037255186;5.239999771118164;"Bus700";"OPC_N3:20";"2020-11-10T19:40:55.186Z";"2020-11-10T19:40:55.186Z";
-1.643431448;48.111035628;-1.643431448;48.111035628;1605037226282;1605037226282;5.909999847412109;"Bus700";"OPC_N3:20";"2020-11-10T19:40:26.282Z";"2020-11-10T19:40:26.282Z";
-1.643376599;48.111010315;-1.643335558;48.110991502;1605037212220;1605037212220;8.399999618530273;"Bus700";"OPC_N3:20";"2020-11-10T19:40:12.220Z";"2020-11-10T19:40:12.220Z";
-1.643294133;48.110947982;-1.643266131;48.110922285;1605037198168;1605037198168;8.739999771118164;"Bus700";"OPC_N3:20";"2020-11-10T19:39:58.168Z";"2020-11-10T19:39:58.168Z";
-1.64310428;48.11088118;-1.643010316;48.110876519;1605037184107;1605037184107;5.929999828338623;"Bus700";"OPC_N3:20";"2020-11-10T19:39:44.107Z";"2020-11-10T19:39:44.107Z";
-1.642997278;48.111254798;-1.642785969;48.110883404;1605037170062;1605037170062;6.949999809265137;"Bus700";"OPC_N3:20";"2020-11-10T19:39:30.062Z";"2020-11-10T19:39:30.062Z";
-1.643286981;48.111998463;-1.643060651;48.111614621;1605037155999;1605037155999;7.900000095367432;"Bus700";"OPC_N3:20";"2020-11-10T19:39:15.999Z";"2020-11-10T19:39:15.999Z";
-1.643884942;48.11226973;-1.64385925;48.112219246;1605037141942;1605037141942;7.46999979019165;"Bus700";"OPC_N3:20";"2020-11-10T19:39:01.942Z";"2020-11-10T19:39:01.942Z";
-1.643884942;48.112219246;-1.643884942;48.112219246;1605037127911;1605037127911;7.96999979019165;"Bus700";"OPC_N3:20";"2020-11-10T19:38:47.911Z";"2020-11-10T19:38:47.911Z";
-1.643925213;48.112213049;-1.643898366;48.112200656;1605037113849;1605037113849;9.800000190734863;"Bus700";"OPC_N3:20";"2020-11-10T19:38:33.849Z";"2020-11-10T19:38:33.849Z";
-1.645246064;48.11213983;-1.64420557;48.111902989;1605037099811;1605037099811;8.350000381469727;"Bus700";"OPC_N3:20";"2020-11-10T19:38:19.811Z";"2020-11-10T19:38:19.811Z";
-1.64649901;48.111754478;-1.645859308;48.111586879;1605037085739;1605037085739;9.319999694824219;"Bus700";"OPC_N3:20";"2020-11-10T19:38:05.739Z";"2020-11-10T19:38:05.739Z";
-1.648313795;48.111356406;-1.647512636;48.111205188;1605037071701;1605037071701;8.920000076293945;"Bus700";"OPC_N3:20";"2020-11-10T19:37:51.701Z";"2020-11-10T19:37:51.701Z";
-1.650472531;48.110907059;-1.649566706;48.110677415;1605037057630;1605037057630;7.960000038146973;"Bus700";"OPC_N3:20";"2020-11-10T19:37:37.630Z";"2020-11-10T19:37:37.630Z";
-1.652823405;48.110541381;-1.651099556;48.11028056;1605037043590;1605037043590;7.940000057220459;"Bus700";"OPC_N3:20";"2020-11-10T19:37:23.590Z";"2020-11-10T19:37:23.590Z";
-1.655386681;48.110151376;-1.653342646;48.109822396;1605037029532;1605037029532;8.329999923706055;"Bus700";"OPC_N3:20";"2020-11-10T19:37:09.532Z";"2020-11-10T19:37:09.532Z";
-1.655035205;48.109342686;-1.654610565;48.109087362;1605037005478;1605037005478;7.269999980926514;"Bus700";"OPC_N3:20";"2020-11-10T19:36:45.478Z";"2020-11-10T19:36:45.478Z";
-1.653356681;48.108488995;-1.652894112;48.108304421;1605036991416;1605036991416;6.110000133514404;"Bus700";"OPC_N3:20";"2020-11-10T19:36:31.416Z";"2020-11-10T19:36:31.416Z";
-1.651556633;48.107671672;-1.651197202;48.107357891;1605036977371;1605036977371;8.210000038146973;"Bus700";"OPC_N3:20";"2020-11-10T19:36:17.371Z";"2020-11-10T19:36:17.371Z";
-1.650940511;48.106908218;-1.650789151;48.105972951;1605036963305;1605036963305;9.119999885559082;"Bus700";"OPC_N3:20";"2020-11-10T19:36:03.305Z";"2020-11-10T19:36:03.305Z";
-1.650626038;48.105503225;-1.650399572;48.10469883;1605036949274;1605036949274;8.109999656677246;"Bus700";"OPC_N3:20";"2020-11-10T19:35:49.274Z";"2020-11-10T19:35:49.274Z";
-1.650227298;48.104338936;-1.649892035;48.103917869;1605036934448;1605036934448;5.599999904632568;"Bus700";"OPC_N3:20";"2020-11-10T19:35:34.448Z";"2020-11-10T19:35:34.448Z";
-1.649629682;48.103686293;-1.649334306;48.101856577;1605036920411;1605036920411;4.130000114440918;"Bus700";"OPC_N3:20";"2020-11-10T19:35:20.411Z";"2020-11-10T19:35:20.411Z";
-1.649772308;48.101141859;-1.649694984;48.100618561;1605036892292;1605036892292;5.880000114440918;"Bus700";"OPC_N3:20";"2020-11-10T19:34:52.292Z";"2020-11-10T19:34:52.292Z";
-1.649709736;48.100345317;-1.649519529;48.100283844;1605036868229;1605036868229;5.380000114440918;"Bus700";"OPC_N3:20";"2020-11-10T19:34:28.229Z";"2020-11-10T19:34:28.229Z";
-1.648962331;48.100093226;-1.647862915;48.099762577;1605036854186;1605036854186;3.509999990463257;"Bus700";"OPC_N3:20";"2020-11-10T19:34:14.186Z";"2020-11-10T19:34:14.186Z";
-1.647102109;48.099528685;-1.645013017;48.098899946;1605036840120;1605036840120;4.309999942779541;"Bus700";"OPC_N3:20";"2020-11-10T19:34:00.120Z";"2020-11-10T19:34:00.120Z";
-1.643866848;48.098335967;-1.642144754;48.097421778;1605036816031;1605036816031;5;"Bus700";"OPC_N3:20";"2020-11-10T19:33:36.031Z";"2020-11-10T19:33:36.031Z";
-1.641762075;48.09721662;-1.639888601;48.096195555;1605036791975;1605036791975;6.659999847412109;"Bus700";"OPC_N3:20";"2020-11-10T19:33:11.975Z";"2020-11-10T19:33:11.975Z";
-1.639193069;48.095867138;-1.637744142;48.09546882;1605036763872;1605036763872;3.759999990463257;"Bus700";"OPC_N3:20";"2020-11-10T19:32:43.872Z";"2020-11-10T19:32:43.872Z";
-1.637744142;48.09551617;-1.637730723;48.095510164;1605036739758;1605036739758;7.369999885559082;"Bus700";"OPC_N3:20";"2020-11-10T19:32:19.758Z";"2020-11-10T19:32:19.758Z";
-1.637744526;48.095522669;-1.637744526;48.095522669;1605036715672;1605036715672;5.309999942779541;"Bus700";"OPC_N3:20";"2020-11-10T19:31:55.672Z";"2020-11-10T19:31:55.672Z";
-1.637732258;48.096583206;-1.636863071;48.095548939;1605036701642;1605036701642;5.449999809265137;"Bus700";"OPC_N3:20";"2020-11-10T19:31:41.642Z";"2020-11-10T19:31:41.642Z";
-1.638778511;48.096081166;-1.637172868;48.093784997;1605036649428;1605036649428;5.320000171661377;"Bus700";"OPC_N3:20";"2020-11-10T19:30:49.428Z";"2020-11-10T19:30:49.428Z";
-1.639822827;48.093123547;-1.639684441;48.092828722;1605036611315;1605036611315;4.090000152587891;"Bus700";"OPC_N3:20";"2020-11-10T19:30:11.315Z";"2020-11-10T19:30:11.315Z";
-1.639014232;48.09228735;-1.63844528;48.092135649;1605036597264;1605036597264;5.429999828338623;"Bus700";"OPC_N3:20";"2020-11-10T19:29:57.264Z";"2020-11-10T19:29:57.264Z";
-1.63718049;48.092069391;-1.636722728;48.092037117;1605036583284;1605036583284;4.840000152587891;"Bus700";"OPC_N3:20";"2020-11-10T19:29:43.284Z";"2020-11-10T19:29:43.284Z";
-1.636614997;48.092038837;-1.636601962;48.092031956;1605036569221;1605036569221;4.519999980926514;"Bus700";"OPC_N3:20";"2020-11-10T19:29:29.221Z";"2020-11-10T19:29:29.221Z";
-1.636575508;48.09204591;-1.636360429;48.092042278;1605036555180;1605036555180;5.579999923706055;"Bus700";"OPC_N3:20";"2020-11-10T19:29:15.180Z";"2020-11-10T19:29:15.180Z";
-1.635332579;48.091808178;-1.634391794;48.089741556;1605036541127;1605036541127;4.590000152587891;"Bus700";"OPC_N3:20";"2020-11-10T19:29:01.127Z";"2020-11-10T19:29:01.127Z";
-1.635329183;48.089565791;-1.635237173;48.089506975;1605036502998;1605036502998;4.489999771118164;"Bus700";"OPC_N3:20";"2020-11-10T19:28:22.998Z";"2020-11-10T19:28:22.998Z";
-1.635632046;48.089500094;-1.635342218;48.089324137;1605036488954;1605036488954;6.079999923706055;"Bus700";"OPC_N3:20";"2020-11-10T19:28:08.954Z";"2020-11-10T19:28:08.954Z";
-1.639704441;48.08915315;-1.636043015;48.087776426;1605036474893;1605036474893;5.480000019073486;"Bus700";"OPC_N3:20";"2020-11-10T19:27:54.893Z";"2020-11-10T19:27:54.893Z";
-1.642198912;48.088137634;-1.641192651;48.087726718;1605036417736;1605036417736;6.639999866485596;"Bus700";"OPC_N3:20";"2020-11-10T19:26:57.736Z";"2020-11-10T19:26:57.736Z";
-1.643386508;48.08754156;-1.642662746;48.087459237;1605036403666;1605036403666;7.889999866485596;"Bus700";"OPC_N3:20";"2020-11-10T19:26:43.666Z";"2020-11-10T19:26:43.666Z";
-1.643427144;48.087511918;-1.643427144;48.087511918;1605036389600;1605036389600;7.449999809265137;"Bus700";"OPC_N3:20";"2020-11-10T19:26:29.600Z";"2020-11-10T19:26:29.600Z";
-1.643792105;48.087589608;-1.643494616;48.087523655;1605036375558;1605036375558;7.010000228881836;"Bus700";"OPC_N3:20";"2020-11-10T19:26:15.558Z";"2020-11-10T19:26:15.558Z";
-1.644658063;48.087385985;-1.644252851;48.087308874;1605036361495;1605036361495;7.679999828338623;"Bus700";"OPC_N3:20";"2020-11-10T19:26:01.495Z";"2020-11-10T19:26:01.495Z";
-1.644664998;48.088418342;-1.644565749;48.087602521;1605036347452;1605036347452;12.119999885559082;"Bus700";"OPC_N3:20";"2020-11-10T19:25:47.452Z";"2020-11-10T19:25:47.452Z";
-1.644789557;48.089889979;-1.644636435;48.088837158;1605036333407;1605036333407;5.730000019073486;"Bus700";"OPC_N3:20";"2020-11-10T19:25:33.407Z";"2020-11-10T19:25:33.407Z";
-1.645209891;48.090882842;-1.644939534;48.090402635;1605036319345;1605036319345;4.929999828338623;"Bus700";"OPC_N3:20";"2020-11-10T19:25:19.345Z";"2020-11-10T19:25:19.345Z";
-1.646429636;48.092040212;-1.645988294;48.091682788;1605036305297;1605036305297;6.820000171661377;"Bus700";"OPC_N3:20";"2020-11-10T19:25:05.297Z";"2020-11-10T19:25:05.297Z";
-1.647726475;48.093124189;-1.647284729;48.092748066;1605036291244;1605036291244;5.5;"Bus700";"OPC_N3:20";"2020-11-10T19:24:51.244Z";"2020-11-10T19:24:51.244Z";
-1.649132265;48.094227365;-1.648277894;48.093568946;1605036277194;1605036277194;4.670000076293945;"Bus700";"OPC_N3:20";"2020-11-10T19:24:37.194Z";"2020-11-10T19:24:37.194Z";
-1.651222616;48.095711223;-1.649697127;48.094653903;1605036263123;1605036263123;6.920000076293945;"Bus700";"OPC_N3:20";"2020-11-10T19:24:23.123Z";"2020-11-10T19:24:23.123Z";
-1.653602514;48.097072416;-1.651824676;48.096047609;1605036235032;1605036235032;5.550000190734863;"Bus700";"OPC_N3:20";"2020-11-10T19:23:55.032Z";"2020-11-10T19:23:55.032Z";
-1.654163184;48.097377284;-1.653998659;48.097283348;1605036206910;1605036206910;6.590000152587891;"Bus700";"OPC_N3:20";"2020-11-10T19:23:26.910Z";"2020-11-10T19:23:26.910Z";
-1.655748577;48.098222366;-1.654163571;48.097383975;1605036192867;1605036192867;6.829999923706055;"Bus700";"OPC_N3:20";"2020-11-10T19:23:12.867Z";"2020-11-10T19:23:12.867Z";
-1.655926528;48.098328119;-1.65592614;48.098321428;1605036164771;1605036164771;6;"Bus700";"OPC_N3:20";"2020-11-10T19:22:44.771Z";"2020-11-10T19:22:44.771Z";
-1.656797605;48.099093872;-1.655940336;48.098340622;1605036150721;1605036150721;5.960000038146973;"Bus700";"OPC_N3:20";"2020-11-10T19:22:30.721Z";"2020-11-10T19:22:30.721Z";
-1.657416657;48.099538302;-1.657046544;48.099301601;1605036122642;1605036122642;4.929999828338623;"Bus700";"OPC_N3:20";"2020-11-10T19:22:02.642Z";"2020-11-10T19:22:02.642Z";
-1.657430077;48.099544115;-1.657416657;48.099538302;1605036108575;1605036108575;4.360000133514404;"Bus700";"OPC_N3:20";"2020-11-10T19:21:48.575Z";"2020-11-10T19:21:48.575Z";
-1.658216789;48.100202067;-1.657774517;48.099813287;1605036094546;1605036094546;4.300000190734863;"Bus700";"OPC_N3:20";"2020-11-10T19:21:34.546Z";"2020-11-10T19:21:34.546Z";
-1.660529199;48.102343098;-1.658979401;48.100937268;1605036080473;1605036080473;4.320000171661377;"Bus700";"OPC_N3:20";"2020-11-10T19:21:20.473Z";"2020-11-10T19:21:20.473Z";
-1.6609542;48.102599279;-1.660831076;48.102536661;1605036052365;1605036052365;5.559999942779541;"Bus700";"OPC_N3:20";"2020-11-10T19:20:52.365Z";"2020-11-10T19:20:52.365Z";
-1.66165269;48.102968205;-1.660967621;48.102592886;1605036038308;1605036038308;6.210000038146973;"Bus700";"OPC_N3:20";"2020-11-10T19:20:38.308Z";"2020-11-10T19:20:38.308Z";
-1.662968006;48.103759591;-1.662460119;48.103428594;1605036014243;1605036014243;3.9000000953674316;"Bus700";"OPC_N3:20";"2020-11-10T19:20:14.243Z";"2020-11-10T19:20:14.243Z";
-1.664949993;48.104792787;-1.664856041;48.104791425;1605035986180;1605035986180;3.740000009536743;"Bus700";"OPC_N3:20";"2020-11-10T19:19:46.180Z";"2020-11-10T19:19:46.180Z";
-1.665017491;48.104803928;-1.664963804;48.10480315;1605035972101;1605035972101;5.349999904632568;"Bus700";"OPC_N3:20";"2020-11-10T19:19:32.101Z";"2020-11-10T19:19:32.101Z";
-1.666390791;48.104886935;-1.665313547;48.104818259;1605035958042;1605035958042;3.9200000762939453;"Bus700";"OPC_N3:20";"2020-11-10T19:19:18.042Z";"2020-11-10T19:19:18.042Z";
-1.667514301;48.104815468;-1.666939125;48.104743608;1605035943989;1605035943989;3.2300000190734863;"Bus700";"OPC_N3:20";"2020-11-10T19:19:03.989Z";"2020-11-10T19:19:03.989Z";
-1.671032036;48.104573122;-1.668757816;48.1042807;1605035929922;1605035929922;3.6700000762939453;"Bus700";"OPC_N3:20";"2020-11-10T19:18:49.922Z";"2020-11-10T19:18:49.922Z";
-1.672189023;48.104328763;-1.67148719;48.104229966;1605035901795;1605035901795;10.050000190734863;"Bus700";"OPC_N3:20";"2020-11-10T19:18:21.795Z";"2020-11-10T19:18:21.795Z";
-1.672523775;48.104332133;-1.672417579;48.104292479;1605035887753;1605035887753;6.650000095367432;"Bus700";"OPC_N3:20";"2020-11-10T19:18:07.753Z";"2020-11-10T19:18:07.753Z";
-1.673364621;48.104156912;-1.673110398;48.104133809;1605035859659;1605035859659;4.909999847412109;"Bus700";"OPC_N3:20";"2020-11-10T19:17:39.659Z";"2020-11-10T19:17:39.659Z";
-1.673423012;48.104291396;-1.673422227;48.104272008;1605035845604;1605035845604;4.550000190734863;"Bus700";"OPC_N3:20";"2020-11-10T19:17:25.604Z";"2020-11-10T19:17:25.604Z";
-1.673423012;48.104291396;-1.673423012;48.104291396;1605035831566;1605035831566;4.550000190734863;"Bus700";"OPC_N3:20";"2020-11-10T19:17:11.566Z";"2020-11-10T19:17:11.566Z";
-1.673423012;48.104291396;-1.673423012;48.104291396;1605035817521;1605035817521;5.21999979019165;"Bus700";"OPC_N3:20";"2020-11-10T19:16:57.521Z";"2020-11-10T19:16:57.521Z";
-1.673423012;48.104297402;-1.673423012;48.104297402;1605035803458;1605035803458;3.819999933242798;"Bus700";"OPC_N3:20";"2020-11-10T19:16:43.458Z";"2020-11-10T19:16:43.458Z";
-1.673437609;48.104353313;-1.673423012;48.104309413;1605035789415;1605035789415;3.819999933242798;"Bus700";"OPC_N3:20";"2020-11-10T19:16:29.415Z";"2020-11-10T19:16:29.415Z";
-1.673704687;48.10513906;-1.673615529;48.104872912;1605035775348;1605035775348;3.5999999046325684;"Bus700";"OPC_N3:20";"2020-11-10T19:16:15.348Z";"2020-11-10T19:16:15.348Z";
-1.67407004;48.106045087;-1.673952074;48.105721851;1605035761303;1605035761303;2.190000057220459;"Bus700";"OPC_N3:20";"2020-11-10T19:16:01.303Z";"2020-11-10T19:16:01.303Z";
-1.67456523;48.107229369;-1.67416234;48.106406804;1605035747247;1605035747247;2.0199999809265137;"Bus700";"OPC_N3:20";"2020-11-10T19:15:47.247Z";"2020-11-10T19:15:47.247Z";
-1.677002501;48.107483157;-1.674692701;48.107375809;1605035733200;1605035733200;2.2300000190734863;"Bus700";"OPC_N3:20";"2020-11-10T19:15:33.200Z";"2020-11-10T19:15:33.200Z";
-1.677738308;48.107708729;-1.677663334;48.107467782;1605035695100;1605035695100;2.890000104904175;"Bus700";"OPC_N3:20";"2020-11-10T19:14:55.100Z";"2020-11-10T19:14:55.100Z";
-1.677767401;48.10861827;-1.677756786;48.108287466;1605035681025;1605035681025;3.2100000381469727;"Bus700";"OPC_N3:20";"2020-11-10T19:14:41.025Z";"2020-11-10T19:14:41.025Z";
-1.677807952;48.109482145;-1.677802448;48.108986773;1605035666988;1605035666988;4.550000190734863;"Bus700";"OPC_N3:20";"2020-11-10T19:14:26.988Z";"2020-11-10T19:14:26.988Z";
-1.677837943;48.109589332;-1.67783755;48.109576636;1605035652911;1605035652911;3.740000009536743;"Bus700";"OPC_N3:20";"2020-11-10T19:14:12.911Z";"2020-11-10T19:14:12.911Z";
-1.677838337;48.109602029;-1.677837943;48.109589332;1605035638885;1605035638885;6.050000190734863;"Bus700";"OPC_N3:20";"2020-11-10T19:13:58.885Z";"2020-11-10T19:13:58.885Z";
-1.677838337;48.109602029;-1.677838337;48.109602029;1605035610771;1605035610771;7.239999771118164;"Bus700";"OPC_N3:20";"2020-11-10T19:13:30.771Z";"2020-11-10T19:13:30.771Z";
-1.677865968;48.109645045;-1.677852152;48.109620535;1605035572656;1605035572656;5.059999942779541;"Bus700";"OPC_N3:20";"2020-11-10T19:12:52.656Z";"2020-11-10T19:12:52.656Z";
-1.6778936;48.109688062;-1.677879784;48.109669556;1605035534500;1605035534500;5.539999961853027;"Bus700";"OPC_N3:20";"2020-11-10T19:12:14.500Z";"2020-11-10T19:12:14.500Z";
-1.677966612;48.109931577;-1.677948864;48.109780099;1605035520457;1605035520457;4.769999980926514;"Bus700";"OPC_N3:20";"2020-11-10T19:12:00.457Z";"2020-11-10T19:12:00.457Z";
-1.683482184;48.11010117;-1.677984361;48.109980457;1605035506381;1605035506381;4.329999923706055;"Bus700";"OPC_N3:20";"2020-11-10T19:11:46.381Z";"2020-11-10T19:11:46.381Z";
-1.684795648;48.109919335;-1.683870658;48.109849455;1605035426112;1605035426112;6.090000152587891;"Bus700";"OPC_N3:20";"2020-11-10T19:10:26.112Z";"2020-11-10T19:10:26.112Z";
-1.68543363;48.110080951;-1.684795648;48.109855657;1605035397996;1605035397996;5.429999828338623;"Bus700";"OPC_N3:20";"2020-11-10T19:09:57.996Z";"2020-11-10T19:09:57.996Z";
-1.686725434;48.111339183;-1.68590501;48.110106831;1605035373946;1605035373946;2.9800000190734863;"Bus700";"OPC_N3:20";"2020-11-10T19:09:33.946Z";"2020-11-10T19:09:33.946Z";
-1.686966674;48.111766836;-1.686952856;48.111748331;1605035345833;1605035345833;5.239999771118164;"Bus700";"OPC_N3:20";"2020-11-10T19:09:05.833Z";"2020-11-10T19:09:05.833Z";
-1.687278989;48.112314464;-1.687008526;48.111829041;1605035331781;1605035331781;4.889999866485596;"Bus700";"OPC_N3:20";"2020-11-10T19:08:51.781Z";"2020-11-10T19:08:51.781Z";
-1.689411294;48.112303238;-1.687587333;48.111841772;1605035317723;1605035317723;4.230000019073486;"Bus700";"OPC_N3:20";"2020-11-10T19:08:37.723Z";"2020-11-10T19:08:37.723Z";
-1.690938771;48.11182819;-1.689423925;48.111650276;1605035289615;1605035289615;3.950000047683716;"Bus700";"OPC_N3:20";"2020-11-10T19:08:09.615Z";"2020-11-10T19:08:09.615Z";
-1.691737933;48.112283078;-1.690938771;48.111706365;1605035251500;1605035251500;5.800000190734863;"Bus700";"OPC_N3:20";"2020-11-10T19:07:31.500Z";"2020-11-10T19:07:31.500Z";
-1.692848964;48.112608989;-1.692499955;48.112608127;1605035209348;1605035209348;4.960000038146973;"Bus700";"OPC_N3:20";"2020-11-10T19:06:49.348Z";"2020-11-10T19:06:49.348Z";
-1.693264037;48.113410419;-1.693240365;48.11330845;1605035153141;1605035153141;4.269999980926514;"Bus700";"OPC_N3:20";"2020-11-10T19:05:53.141Z";"2020-11-10T19:05:53.141Z";
-1.693041457;48.114296571;-1.692677888;48.113897435;1605035139080;1605035139080;5.659999847412109;"Bus700";"OPC_N3:20";"2020-11-10T19:05:39.080Z";"2020-11-10T19:05:39.080Z";
-1.692118902;48.115293863;-1.691782168;48.114907135;1605035125031;1605035125031;7.480000019073486;"Bus700";"OPC_N3:20";"2020-11-10T19:05:25.031Z";"2020-11-10T19:05:25.031Z";
-1.69157531;48.11600885;-1.691173824;48.115538951;1605035110975;1605035110975;6.25;"Bus700";"OPC_N3:20";"2020-11-10T19:05:10.975Z";"2020-11-10T19:05:10.975Z";
-1.691146976;48.116361424;-1.690834698;48.116015249;1605035096932;1605035096932;6.619999885559082;"Bus700";"OPC_N3:20";"2020-11-10T19:04:56.932Z";"2020-11-10T19:04:56.932Z";
-1.690548077;48.116871385;-1.690300143;48.116645096;1605035082890;1605035082890;6.5;"Bus700";"OPC_N3:20";"2020-11-10T19:04:42.890Z";"2020-11-10T19:04:42.890Z";
-1.689664516;48.117807136;-1.689457639;48.117562052;1605035068829;1605035068829;6.019999980926514;"Bus700";"OPC_N3:20";"2020-11-10T19:04:28.829Z";"2020-11-10T19:04:28.829Z";
-1.689281965;48.118572698;-1.688881231;48.118103695;1605035054782;1605035054782;9.5;"Bus700";"OPC_N3:20";"2020-11-10T19:04:14.782Z";"2020-11-10T19:04:14.782Z";
-1.688609595;48.120405889;-1.68730309;48.118882939;1605035016618;1605035016618;4.630000114440918;"Bus700";"OPC_N3:20";"2020-11-10T19:03:36.618Z";"2020-11-10T19:03:36.618Z";
-1.686965889;48.122153625;-1.685801836;48.120773903;1605034992563;1605034992563;5.179999828338623;"Bus700";"OPC_N3:20";"2020-11-10T19:03:12.563Z";"2020-11-10T19:03:12.563Z";
-1.685789595;48.122379412;-1.685634805;48.122179906;1605034954409;1605034954409;4.010000228881836;"Bus700";"OPC_N3:20";"2020-11-10T19:02:34.409Z";"2020-11-10T19:02:34.409Z";
-1.685066966;48.123622112;-1.6837808;48.123064448;1605034940378;1605034940378;5.289999961853027;"Bus700";"OPC_N3:20";"2020-11-10T19:02:20.378Z";"2020-11-10T19:02:20.378Z";
-1.683138306;48.124167043;-1.68158042;48.123689034;1605034916315;1605034916315;3.930000066757202;"Bus700";"OPC_N3:20";"2020-11-10T19:01:56.315Z";"2020-11-10T19:01:56.315Z";
-1.681625824;48.1243135;-1.681625824;48.124307496;1605034888195;1605034888195;4;"Bus700";"OPC_N3:20";"2020-11-10T19:01:28.195Z";"2020-11-10T19:01:28.195Z";
-1.682733037;48.126473836;-1.681897093;48.124770295;1605034874148;1605034874148;4.900000095367432;"Bus700";"OPC_N3:20";"2020-11-10T19:01:14.148Z";"2020-11-10T19:01:14.148Z";
-1.683178082;48.127322555;-1.682935614;48.126898836;1605034846049;1605034846049;4.019999980926514;"Bus700";"OPC_N3:20";"2020-11-10T19:00:46.049Z";"2020-11-10T19:00:46.049Z";
-1.683513354;48.128126681;-1.683279966;48.127563104;1605034817944;1605034817944;5.050000190734863;"Bus700";"OPC_N3:20";"2020-11-10T19:00:17.944Z";"2020-11-10T19:00:17.944Z";
-1.683513354;48.128126681;-1.683513354;48.128126681;1605034793867;1605034793867;7.230000019073486;"Bus700";"OPC_N3:20";"2020-11-10T18:59:53.867Z";"2020-11-10T18:59:53.867Z";
-1.683790582;48.128797933;-1.683542182;48.128183767;1605034751715;1605034751715;6.869999885559082;"Bus700";"OPC_N3:20";"2020-11-10T18:59:11.715Z";"2020-11-10T18:59:11.715Z";
-1.684011737;48.129405798;-1.683922485;48.129139661;1605034737650;1605034737650;5.269999980926514;"Bus700";"OPC_N3:20";"2020-11-10T18:58:57.650Z";"2020-11-10T18:58:57.650Z";
-1.684055969;48.129532173;-1.684055969;48.129532173;1605034723605;1605034723605;5.489999771118164;"Bus700";"OPC_N3:20";"2020-11-10T18:58:43.605Z";"2020-11-10T18:58:43.605Z";
-1.684070976;48.129588765;-1.684055969;48.129532173;1605034709543;1605034709543;4.739999771118164;"Bus700";"OPC_N3:20";"2020-11-10T18:58:29.543Z";"2020-11-10T18:58:29.543Z";
-1.684322548;48.130346519;-1.684129426;48.129740336;1605034695510;1605034695510;4.940000057220459;"Bus700";"OPC_N3:20";"2020-11-10T18:58:15.510Z";"2020-11-10T18:58:15.510Z";
-1.684759755;48.131769044;-1.684458407;48.130809207;1605034681415;1605034681415;5.980000019073486;"Bus700";"OPC_N3:20";"2020-11-10T18:58:01.415Z";"2020-11-10T18:58:01.415Z";
-1.685093897;48.13293694;-1.684895226;48.13220703;1605034667345;1605034667345;4.949999809265137;"Bus700";"OPC_N3:20";"2020-11-10T18:57:47.345Z";"2020-11-10T18:57:47.345Z";
-1.685311139;48.133843711;-1.685094687;48.132962333;1605034643322;1605034643322;4.949999809265137;"Bus700";"OPC_N3:20";"2020-11-10T18:57:23.322Z";"2020-11-10T18:57:23.322Z";
-1.686322771;48.137243545;-1.68559593;48.134762192;1605034615216;1605034615216;4.559999942779541;"Bus700";"OPC_N3:20";"2020-11-10T18:56:55.216Z";"2020-11-10T18:56:55.216Z";
-1.686491839;48.137833981;-1.6864089;48.137489106;1605034577109;1605034577109;5.289999961853027;"Bus700";"OPC_N3:20";"2020-11-10T18:56:17.109Z";"2020-11-10T18:56:17.109Z";
-1.686537709;48.138907873;-1.686536508;48.138449912;1605034563061;1605034563061;4.71999979019165;"Bus700";"OPC_N3:20";"2020-11-10T18:56:03.061Z";"2020-11-10T18:56:03.061Z";
-1.686587917;48.140028424;-1.686574867;48.139621446;1605034549004;1605034549004;4.869999885559082;"Bus700";"OPC_N3:20";"2020-11-10T18:55:49.004Z";"2020-11-10T18:55:49.004Z";
-1.686653504;48.140710004;-1.686569771;48.140390522;1605034534946;1605034534946;6.21999979019165;"Bus700";"OPC_N3:20";"2020-11-10T18:55:34.946Z";"2020-11-10T18:55:34.946Z";
-1.686592723;48.141854259;-1.686565436;48.141002217;1605034520882;1605034520882;4.28000020980835;"Bus700";"OPC_N3:20";"2020-11-10T18:55:20.882Z";"2020-11-10T18:55:20.882Z";
-1.686584068;48.142898923;-1.68657301;48.142159365;1605034506837;1605034506837;4.28000020980835;"Bus700";"OPC_N3:20";"2020-11-10T18:55:06.837Z";"2020-11-10T18:55:06.837Z";
-1.686714459;48.143762468;-1.686530358;48.142969494;1605034478738;1605034478738;3.4100000858306885;"Bus700";"OPC_N3:20";"2020-11-10T18:54:38.738Z";"2020-11-10T18:54:38.738Z";
-1.686400829;48.145040403;-1.686346324;48.144651139;1605034454670;1605034454670;4.559999942779541;"Bus700";"OPC_N3:20";"2020-11-10T18:54:14.670Z";"2020-11-10T18:54:14.670Z";
-1.686280759;48.146380139;-1.686174908;48.145500041;1605034440631;1605034440631;6.400000095367432;"Bus700";"OPC_N3:20";"2020-11-10T18:54:00.631Z";"2020-11-10T18:54:00.631Z";
-1.686121981;48.150041222;-1.685610818;48.146820187;1605034426557;1605034426557;4.980000019073486;"Bus700";"OPC_N3:20";"2020-11-10T18:53:46.557Z";"2020-11-10T18:53:46.557Z";
-1.685705658;48.15087497;-1.685705658;48.15086897;1605034356288;1605034356288;3.619999885559082;"Bus700";"OPC_N3:20";"2020-11-10T18:52:36.288Z";"2020-11-10T18:52:36.288Z";
-1.685862925;48.151591378;-1.685771253;48.151255068;1605034342226;1605034342226;3.890000104904175;"Bus700";"OPC_N3:20";"2020-11-10T18:52:22.226Z";"2020-11-10T18:52:22.226Z";
-1.68651571;48.153419312;-1.68608697;48.152240105;1605034328181;1605034328181;4.010000228881836;"Bus700";"OPC_N3:20";"2020-11-10T18:52:08.181Z";"2020-11-10T18:52:08.181Z";
-1.686688787;48.154060816;-1.686535883;48.153645871;1605034300073;1605034300073;4.75;"Bus700";"OPC_N3:20";"2020-11-10T18:51:40.073Z";"2020-11-10T18:51:40.073Z";
-1.687315219;48.156844457;-1.686616109;48.154460804;1605034286011;1605034286011;4.5;"Bus700";"OPC_N3:20";"2020-11-10T18:51:26.011Z";"2020-11-10T18:51:26.011Z";
-1.687674078;48.157899778;-1.687302971;48.156870744;1605034243866;1605034243866;7.409999847412109;"Bus700";"OPC_N3:20";"2020-11-10T18:50:43.866Z";"2020-11-10T18:50:43.866Z";
-1.643620031;48.110223206;-1.643620031;48.110223206;1605038952855;1605038952855;6.889999866485596;"Bus743";"OPC_N3:09";"2020-11-10T20:09:12.855Z";"2020-11-10T20:09:12.855Z";
-1.643620031;48.110223206;-1.643620031;48.110223206;1605038996804;1605038996804;6.130000114440918;"Bus743";"OPC_N3:09";"2020-11-10T20:09:56.804Z";"2020-11-10T20:09:56.804Z";
-1.643620031;48.110223206;-1.643620031;48.110223206;1605039040918;1605039040918;5.519999980926514;"Bus743";"OPC_N3:09";"2020-11-10T20:10:40.918Z";"2020-11-10T20:10:40.918Z";
-1.643620031;48.110223206;-1.643620031;48.110223206;1605077374836;1605077374836;7.110000133514404;"Bus743";"OPC_N3:09";"2020-11-11T06:49:34.836Z";"2020-11-11T06:49:34.836Z";
-1.687892236;48.158963364;-1.685125322;48.158406058;1605034173603;1605034173603;9.460000038146973;"Bus700";"OPC_N3:20";"2020-11-10T18:49:33.603Z";"2020-11-10T18:49:33.603Z";
-1.684397428;48.158880389;-1.682889482;48.158813842;1605034135481;1605034135481;3.619999885559082;"Bus700";"OPC_N3:20";"2020-11-10T18:48:55.481Z";"2020-11-10T18:48:55.481Z";
-1.68213985;48.159267607;-1.679204139;48.158954747;1605034121426;1605034121426;4.010000228881836;"Bus700";"OPC_N3:20";"2020-11-10T18:48:41.426Z";"2020-11-10T18:48:41.426Z";
-1.643620031;48.110223206;-1.643620031;48.110223206;1605037717951;1605037717951;4.119999885559082;"Bus743";"OPC_N3:09";"2020-11-10T19:48:37.951Z";"2020-11-10T19:48:37.951Z";
-1.678056591;48.159228505;-1.67619578;48.159049749;1605034093326;1605034093326;5.260000228881836;"Bus700";"OPC_N3:20";"2020-11-10T18:48:13.326Z";"2020-11-10T18:48:13.326Z";
-1.675737001;48.15899893;-1.674551128;48.158919898;1605034065204;1605034065204;2.490000009536743;"Bus700";"OPC_N3:20";"2020-11-10T18:47:45.204Z";"2020-11-10T18:47:45.204Z";
-1.673986831;48.159080141;-1.67263336;48.158934118;1605034051156;1605034051156;2.240000009536743;"Bus700";"OPC_N3:20";"2020-11-10T18:47:31.156Z";"2020-11-10T18:47:31.156Z";
-1.643620031;48.110223206;-1.643620031;48.110223206;1605037629774;1605037629774;4;"Bus743";"OPC_N3:09";"2020-11-10T19:47:09.774Z";"2020-11-10T19:47:09.774Z";
-1.67205837;48.159183421;-1.671974618;48.159083025;1605034027094;1605034027094;1.9199999570846558;"Bus700";"OPC_N3:20";"2020-11-10T18:47:07.094Z";"2020-11-10T18:47:07.094Z";
-1.672189004;48.158724183;-1.672097209;48.158105503;1605034013048;1605034013048;1.8300000429153442;"Bus700";"OPC_N3:20";"2020-11-10T18:46:53.048Z";"2020-11-10T18:46:53.048Z";
-1.672157427;48.158092807;-1.672059557;48.157571345;1605033984943;1605033984943;1.3600000143051147;"Bus700";"OPC_N3:20";"2020-11-10T18:46:24.943Z";"2020-11-10T18:46:24.943Z";
-1.671467152;48.156323558;-1.671324178;48.156058195;1605033956833;1605033956833;1.5;"Bus700";"OPC_N3:20";"2020-11-10T18:45:56.833Z";"2020-11-10T18:45:56.833Z";
-1.643633454;48.110223014;-1.643633454;48.110223014;1605037541576;1605037541576;4.639999866485596;"Bus743";"OPC_N3:09";"2020-11-10T19:45:41.576Z";"2020-11-10T19:45:41.576Z";
-1.671294279;48.155621588;-1.671189544;48.155525152;1605033942768;1605033942768;1.5;"Bus700";"OPC_N3:20";"2020-11-10T18:45:42.768Z";"2020-11-10T18:45:42.768Z";
-1.671490312;48.155350474;-1.671490312;48.155350474;1605033928730;1605033928730;2.259999990463257;"Bus700";"OPC_N3:20";"2020-11-10T18:45:28.730Z";"2020-11-10T18:45:28.730Z";
-1.671490312;48.155350474;-1.671490312;48.155344474;1605033904656;1605033904656;1.7400000095367432;"Bus700";"OPC_N3:20";"2020-11-10T18:45:04.656Z";"2020-11-10T18:45:04.656Z";
-1.643633069;48.110216322;-1.643633069;48.110216322;1605037497470;1605037497470;4.989999771118164;"Bus743";"OPC_N3:09";"2020-11-10T19:44:57.470Z";"2020-11-10T19:44:57.470Z";
-1.671490312;48.155344474;-1.671490312;48.155344474;1605033890624;1605033890624;1.75;"Bus700";"OPC_N3:20";"2020-11-10T18:44:50.624Z";"2020-11-10T18:44:50.624Z";
-1.671490312;48.155344474;-1.671490312;48.155344474;1605033876549;1605033876549;2.740000009536743;"Bus700";"OPC_N3:20";"2020-11-10T18:44:36.549Z";"2020-11-10T18:44:36.549Z";
-1.67148992;48.155337778;-1.67148992;48.155337778;1605033862485;1605033862485;2.3299999237060547;"Bus700";"OPC_N3:20";"2020-11-10T18:44:22.485Z";"2020-11-10T18:44:22.485Z";
-1.643633069;48.110216322;-1.643633069;48.110216322;1605037453364;1605037453364;4.96999979019165;"Bus743";"OPC_N3:09";"2020-11-10T19:44:13.364Z";"2020-11-10T19:44:13.364Z";
-1.67148992;48.155337778;-1.67148992;48.155337778;1605033848431;1605033848431;2.690000057220459;"Bus700";"OPC_N3:20";"2020-11-10T18:44:08.431Z";"2020-11-10T18:44:08.431Z";
-1.67148992;48.155337778;-1.67148992;48.155337778;1605033834377;1605033834377;1.590000033378601;"Bus700";"OPC_N3:20";"2020-11-10T18:43:54.377Z";"2020-11-10T18:43:54.377Z";
-1.671503354;48.155337778;-1.67148992;48.155337582;1605033820311;1605033820311;1.690000057220459;"Bus700";"OPC_N3:20";"2020-11-10T18:43:40.311Z";"2020-11-10T18:43:40.311Z";
-1.643633069;48.110216322;-1.643633069;48.110216322;1605037409263;1605037409263;4.230000019073486;"Bus743";"OPC_N3:09";"2020-11-10T19:43:29.263Z";"2020-11-10T19:43:29.263Z";
-1.671503354;48.155337582;-1.671503354;48.155337582;1605033806265;1605033806265;1.9199999570846558;"Bus700";"OPC_N3:20";"2020-11-10T18:43:26.265Z";"2020-11-10T18:43:26.265Z";
-1.671503354;48.155337582;-1.671503354;48.155337582;1605033778159;1605033778159;2;"Bus700";"OPC_N3:20";"2020-11-10T18:42:58.159Z";"2020-11-10T18:42:58.159Z";
-1.643619645;48.110216514;-1.643619645;48.110216514;1605037365168;1605037365168;6.150000095367432;"Bus743";"OPC_N3:09";"2020-11-10T19:42:45.168Z";"2020-11-10T19:42:45.168Z";
-1.671503354;48.155337582;-1.671503354;48.155337582;1605033754097;1605033754097;2.6600000858306885;"Bus700";"OPC_N3:20";"2020-11-10T18:42:34.097Z";"2020-11-10T18:42:34.097Z";
-1.671503354;48.155337582;-1.671503354;48.155337582;1605033740056;1605033740056;1.690000057220459;"Bus700";"OPC_N3:20";"2020-11-10T18:42:20.056Z";"2020-11-10T18:42:20.056Z";
-1.671503354;48.155337778;-1.67148992;48.155337582;1605033725986;1605033725986;2.7300000190734863;"Bus700";"OPC_N3:20";"2020-11-10T18:42:05.986Z";"2020-11-10T18:42:05.986Z";
-1.643620031;48.110223206;-1.643620031;48.110223206;1605037321064;1605037321064;5.639999866485596;"Bus743";"OPC_N3:09";"2020-11-10T19:42:01.064Z";"2020-11-10T19:42:01.064Z";
-1.67148992;48.155337778;-1.67148992;48.155337778;1605033711942;1605033711942;1.8300000429153442;"Bus700";"OPC_N3:20";"2020-11-10T18:41:51.942Z";"2020-11-10T18:41:51.942Z";
-1.67148992;48.155337778;-1.67148992;48.155337778;1605033697878;1605033697878;2.0899999141693115;"Bus700";"OPC_N3:20";"2020-11-10T18:41:37.878Z";"2020-11-10T18:41:37.878Z";
-1.67148992;48.155337778;-1.67148992;48.155337778;1605033683718;1605033683718;2.569999933242798;"Bus700";"OPC_N3:20";"2020-11-10T18:41:23.718Z";"2020-11-10T18:41:23.718Z";
-1.643620031;48.110223206;-1.643620031;48.110223206;1605037276990;1605037276990;5.039999961853027;"Bus743";"OPC_N3:09";"2020-11-10T19:41:16.990Z";"2020-11-10T19:41:16.990Z";
-1.67148992;48.155337778;-1.67148992;48.155337778;1605033669658;1605033669658;2.0799999237060547;"Bus700";"OPC_N3:20";"2020-11-10T18:41:09.658Z";"2020-11-10T18:41:09.658Z";
-1.67148992;48.155337778;-1.67148992;48.155337778;1605033655614;1605033655614;2.4600000381469727;"Bus700";"OPC_N3:20";"2020-11-10T18:40:55.614Z";"2020-11-10T18:40:55.614Z";
-1.643620031;48.110223206;-1.643620031;48.110223206;1605037232901;1605037232901;5.380000114440918;"Bus743";"OPC_N3:09";"2020-11-10T19:40:32.901Z";"2020-11-10T19:40:32.901Z";
-1.67148992;48.155337778;-1.67148992;48.155337778;1605033631548;1605033631548;2.1600000858306885;"Bus700";"OPC_N3:20";"2020-11-10T18:40:31.548Z";"2020-11-10T18:40:31.548Z";
-1.671476093;48.155325277;-1.671476093;48.155325277;1605033617503;1605033617503;1.809999942779541;"Bus700";"OPC_N3:20";"2020-11-10T18:40:17.503Z";"2020-11-10T18:40:17.503Z";
-1.671476093;48.155325277;-1.671476093;48.155325277;1605033603437;1605033603437;1.6799999475479126;"Bus700";"OPC_N3:20";"2020-11-10T18:40:03.437Z";"2020-11-10T18:40:03.437Z";
-1.671476093;48.155325277;-1.671476093;48.155325277;1605033589397;1605033589397;2.2100000381469727;"Bus700";"OPC_N3:20";"2020-11-10T18:39:49.397Z";"2020-11-10T18:39:49.397Z";
-1.643620031;48.110223206;-1.643620031;48.110223206;1605037188830;1605037188830;5.320000171661377;"Bus743";"OPC_N3:09";"2020-11-10T19:39:48.830Z";"2020-11-10T19:39:48.830Z";
-1.671476093;48.155325277;-1.671476093;48.155325277;1605033575333;1605033575333;1.9800000190734863;"Bus700";"OPC_N3:20";"2020-11-10T18:39:35.333Z";"2020-11-10T18:39:35.333Z";
-1.671476093;48.155325277;-1.671476093;48.155325277;1605033548730;1605033548730;2.319999933242798;"Bus700";"OPC_N3:20";"2020-11-10T18:39:08.730Z";"2020-11-10T18:39:08.730Z";
-1.643606607;48.110223398;-1.643606607;48.110223398;1605037144680;1605037144680;8.390000343322754;"Bus743";"OPC_N3:09";"2020-11-10T19:39:04.680Z";"2020-11-10T19:39:04.680Z";
-1.671476093;48.155325277;-1.671476093;48.155325277;1605033524682;1605033524682;2.680000066757202;"Bus700";"OPC_N3:20";"2020-11-10T18:38:44.682Z";"2020-11-10T18:38:44.682Z";
-1.671476093;48.155325277;-1.671476093;48.155325277;1605033510624;1605033510624;2.690000057220459;"Bus700";"OPC_N3:20";"2020-11-10T18:38:30.624Z";"2020-11-10T18:38:30.624Z";
-1.671476093;48.155325277;-1.671476093;48.155325277;1605033496582;1605033496582;3.240000009536743;"Bus700";"OPC_N3:20";"2020-11-10T18:38:16.582Z";"2020-11-10T18:38:16.582Z";
-1.671476093;48.155325277;-1.671476093;48.155325277;1605033482521;1605033482521;4.039999961853027;"Bus700";"OPC_N3:20";"2020-11-10T18:38:02.521Z";"2020-11-10T18:38:02.521Z";
-1.671476093;48.155325277;-1.671476093;48.155325277;1605033468461;1605033468461;5.400000095367432;"Bus700";"OPC_N3:20";"2020-11-10T18:37:48.461Z";"2020-11-10T18:37:48.461Z";
-1.643606607;48.110223398;-1.643606607;48.110223398;1605037056480;1605037056480;7.840000152587891;"Bus743";"OPC_N3:09";"2020-11-10T19:37:36.480Z";"2020-11-10T19:37:36.480Z";
-1.671476093;48.155325277;-1.671476093;48.155325277;1605033454378;1605033454378;4.940000057220459;"Bus700";"OPC_N3:20";"2020-11-10T18:37:34.378Z";"2020-11-10T18:37:34.378Z";
-1.671476093;48.155325472;-1.671462658;48.155325277;1605033440336;1605033440336;5.269999980926514;"Bus700";"OPC_N3:20";"2020-11-10T18:37:20.336Z";"2020-11-10T18:37:20.336Z";
-1.671462658;48.155325472;-1.671462658;48.155325472;1605033426277;1605033426277;4.179999828338623;"Bus700";"OPC_N3:20";"2020-11-10T18:37:06.277Z";"2020-11-10T18:37:06.277Z";
-1.643606993;48.11023009;-1.643606993;48.11023009;1605037012385;1605037012385;7.409999847412109;"Bus743";"OPC_N3:09";"2020-11-10T19:36:52.385Z";"2020-11-10T19:36:52.385Z";
-1.671462658;48.155325668;-1.671449223;48.155325472;1605033402225;1605033402225;5.21999979019165;"Bus700";"OPC_N3:20";"2020-11-10T18:36:42.225Z";"2020-11-10T18:36:42.225Z";
-1.671435789;48.155325863;-1.671421962;48.155319362;1605033388164;1605033388164;5.630000114440918;"Bus700";"OPC_N3:20";"2020-11-10T18:36:28.164Z";"2020-11-10T18:36:28.164Z";
-1.671393524;48.155274968;-1.671319295;48.155071412;1605033374119;1605033374119;4.880000114440918;"Bus700";"OPC_N3:20";"2020-11-10T18:36:14.119Z";"2020-11-10T18:36:14.119Z";
-1.671058832;48.155347938;-1.671037559;48.15510021;1605033360056;1605033360056;4.869999885559082;"Bus700";"OPC_N3:20";"2020-11-10T18:36:00.056Z";"2020-11-10T18:36:00.056Z";
-1.67127475;48.156174637;-1.671210819;48.155869316;1605033346024;1605033346024;4.800000190734863;"Bus700";"OPC_N3:20";"2020-11-10T18:35:46.024Z";"2020-11-10T18:35:46.024Z";
-1.671654249;48.157075168;-1.671468614;48.156746213;1605033331449;1605033331449;6.010000228881836;"Bus700";"OPC_N3:20";"2020-11-10T18:35:31.449Z";"2020-11-10T18:35:31.449Z";
-1.643606993;48.110236095;-1.643606993;48.110236095;1605036924183;1605036924183;7.659999847412109;"Bus743";"OPC_N3:09";"2020-11-10T19:35:24.183Z";"2020-11-10T19:35:24.183Z";
-1.672106822;48.158189159;-1.672067793;48.157813967;1605033317409;1605033317409;4.599999904632568;"Bus700";"OPC_N3:20";"2020-11-10T18:35:17.409Z";"2020-11-10T18:35:17.409Z";
-1.672090933;48.159075853;-1.672046996;48.158521045;1605033303337;1605033303337;5.46999979019165;"Bus700";"OPC_N3:20";"2020-11-10T18:35:03.337Z";"2020-11-10T18:35:03.337Z";
-1.674806798;48.159147728;-1.672353171;48.158910876;1605033289297;1605033289297;5.349999904632568;"Bus700";"OPC_N3:20";"2020-11-10T18:34:49.297Z";"2020-11-10T18:34:49.297Z";
-1.643606993;48.110236095;-1.643606993;48.110236095;1605036880110;1605036880110;6.360000133514404;"Bus743";"OPC_N3:09";"2020-11-10T19:34:40.110Z";"2020-11-10T19:34:40.110Z";
-1.676210395;48.159069644;-1.675752795;48.159050915;1605033251185;1605033251185;6.239999771118164;"Bus700";"OPC_N3:20";"2020-11-10T18:34:11.185Z";"2020-11-10T18:34:11.185Z";
-1.643606993;48.110236095;-1.643606993;48.110236095;1605036836023;1605036836023;9.180000305175781;"Bus743";"OPC_N3:09";"2020-11-10T19:33:56.023Z";"2020-11-10T19:33:56.023Z";
-1.678476641;48.159256719;-1.676870316;48.159044258;1605033237124;1605033237124;5.289999961853027;"Bus700";"OPC_N3:20";"2020-11-10T18:33:57.124Z";"2020-11-10T18:33:57.124Z";
-1.68264922;48.15931237;-1.679110877;48.158891187;1605033209013;1605033209013;6.010000228881836;"Bus700";"OPC_N3:20";"2020-11-10T18:33:29.013Z";"2020-11-10T18:33:29.013Z";
-1.643606993;48.110236095;-1.643606993;48.110236095;1605036791903;1605036791903;7.829999923706055;"Bus743";"OPC_N3:09";"2020-11-10T19:33:11.903Z";"2020-11-10T19:33:11.903Z";
-1.684019256;48.15883442;-1.683346687;48.158830868;1605033180907;1605033180907;4.21999979019165;"Bus700";"OPC_N3:20";"2020-11-10T18:33:00.907Z";"2020-11-10T18:33:00.907Z";
-1.687700553;48.158935787;-1.685245452;48.155213628;1605033166869;1605033166869;4.889999866485596;"Bus700";"OPC_N3:20";"2020-11-10T18:32:46.869Z";"2020-11-10T18:32:46.869Z";
-1.643606993;48.110236095;-1.643606993;48.110236095;1605036703701;1605036703701;3.4600000381469727;"Bus743";"OPC_N3:09";"2020-11-10T19:31:43.701Z";"2020-11-10T19:31:43.701Z";
-1.686780486;48.154572006;-1.686674973;48.154211198;1605033100646;1605033100646;4.239999771118164;"Bus700";"OPC_N3:20";"2020-11-10T18:31:40.646Z";"2020-11-10T18:31:40.646Z";
-1.686573797;48.153588179;-1.686442606;48.153277853;1605033086630;1605033086630;5.289999961853027;"Bus700";"OPC_N3:20";"2020-11-10T18:31:26.630Z";"2020-11-10T18:31:26.630Z";
-1.686284931;48.15256075;-1.686192067;48.152174351;1605033072552;1605033072552;5.440000057220459;"Bus700";"OPC_N3:20";"2020-11-10T18:31:12.552Z";"2020-11-10T18:31:12.552Z";
-1.686018999;48.151813831;-1.685988573;48.151705959;1605033058467;1605033058467;6.159999847412109;"Bus700";"OPC_N3:20";"2020-11-10T18:30:58.467Z";"2020-11-10T18:30:58.467Z";
-1.685956565;48.151559303;-1.685707223;48.15011602;1605033044405;1605033044405;2.8499999046325684;"Bus700";"OPC_N3:20";"2020-11-10T18:30:44.405Z";"2020-11-10T18:30:44.405Z";
-1.685824151;48.149682366;-1.685733291;48.149177549;1605033020340;1605033020340;5.070000171661377;"Bus700";"OPC_N3:20";"2020-11-10T18:30:20.340Z";"2020-11-10T18:30:20.340Z";
-1.643606993;48.110236095;-1.643606993;48.110236095;1605036615519;1605036615519;3.869999885559082;"Bus743";"OPC_N3:09";"2020-11-10T19:30:15.519Z";"2020-11-10T19:30:15.519Z";
-1.686025614;48.148430913;-1.685947796;48.147932989;1605033006292;1605033006292;4.380000114440918;"Bus700";"OPC_N3:20";"2020-11-10T18:30:06.292Z";"2020-11-10T18:30:06.292Z";
-1.686335291;48.147172567;-1.686175327;48.145926512;1605032992226;1605032992226;4.659999847412109;"Bus700";"OPC_N3:20";"2020-11-10T18:29:52.226Z";"2020-11-10T18:29:52.226Z";
-1.643606993;48.110236095;-1.643606993;48.110236095;1605036571422;1605036571422;3.2899999618530273;"Bus743";"OPC_N3:09";"2020-11-10T19:29:31.422Z";"2020-11-10T19:29:31.422Z";
-1.686515769;48.145415394;-1.686398879;48.144051053;1605032968125;1605032968125;3.9600000381469727;"Bus700";"OPC_N3:20";"2020-11-10T18:29:28.125Z";"2020-11-10T18:29:28.125Z";
-1.686506658;48.143804997;-1.686332853;48.143369174;1605032944082;1605032944082;3.6600000858306885;"Bus700";"OPC_N3:20";"2020-11-10T18:29:04.082Z";"2020-11-10T18:29:04.082Z";
-1.686554452;48.143228923;-1.686542603;48.143165245;1605032930032;1605032930032;4.659999847412109;"Bus700";"OPC_N3:20";"2020-11-10T18:28:50.032Z";"2020-11-10T18:28:50.032Z";
-1.643606993;48.110236095;-1.643606993;48.110236095;1605036527317;1605036527317;4.5;"Bus743";"OPC_N3:09";"2020-11-10T19:28:47.317Z";"2020-11-10T19:28:47.317Z";
-1.686601835;48.143152548;-1.686553661;48.142127577;1605032915980;1605032915980;6.78000020980835;"Bus700";"OPC_N3:20";"2020-11-10T18:28:35.980Z";"2020-11-10T18:28:35.980Z";
-1.686642857;48.141267161;-1.6866405;48.140923468;1605032891881;1605032891881;5.059999942779541;"Bus700";"OPC_N3:20";"2020-11-10T18:28:11.881Z";"2020-11-10T18:28:11.881Z";
-1.643607378;48.110242787;-1.643607378;48.110242787;1605036483229;1605036483229;4.539999961853027;"Bus743";"OPC_N3:09";"2020-11-10T19:28:03.229Z";"2020-11-10T19:28:03.229Z";
-1.686632179;48.140586669;-1.686534985;48.14007861;1605032877821;1605032877821;4.349999904632568;"Bus700";"OPC_N3:20";"2020-11-10T18:27:57.821Z";"2020-11-10T18:27:57.821Z";
-1.686561421;48.139792493;-1.686485203;48.139249784;1605032863777;1605032863777;5.71999979019165;"Bus700";"OPC_N3:20";"2020-11-10T18:27:43.777Z";"2020-11-10T18:27:43.777Z";
-1.686533359;48.13879822;-1.686474878;48.138244785;1605032849713;1605032849713;5.460000038146973;"Bus700";"OPC_N3:20";"2020-11-10T18:27:29.713Z";"2020-11-10T18:27:29.713Z";
-1.643607378;48.110242787;-1.643607378;48.110242787;1605036439131;1605036439131;3.4100000858306885;"Bus743";"OPC_N3:09";"2020-11-10T19:27:19.131Z";"2020-11-10T19:27:19.131Z";
-1.686446832;48.13820709;-1.686446832;48.138201089;1605032835677;1605032835677;3.990000009536743;"Bus700";"OPC_N3:20";"2020-11-10T18:27:15.677Z";"2020-11-10T18:27:15.677Z";
-1.686446436;48.138188393;-1.686403378;48.138106111;1605032821627;1605032821627;3.890000104904175;"Bus700";"OPC_N3:20";"2020-11-10T18:27:01.627Z";"2020-11-10T18:27:01.627Z";
-1.686313295;48.137567439;-1.686156879;48.137412717;1605032807602;1605032807602;3.890000104904175;"Bus700";"OPC_N3:20";"2020-11-10T18:26:47.602Z";"2020-11-10T18:26:47.602Z";
-1.643607378;48.110242787;-1.643607378;48.110242787;1605036395031;1605036395031;3.109999895095825;"Bus743";"OPC_N3:09";"2020-11-10T19:26:35.031Z";"2020-11-10T19:26:35.031Z";
-1.686349236;48.137278467;-1.686217679;48.136541573;1605032793541;1605032793541;3.380000114440918;"Bus700";"OPC_N3:20";"2020-11-10T18:26:33.541Z";"2020-11-10T18:26:33.541Z";
-1.686109835;48.136116584;-1.685825818;48.135205493;1605032779482;1605032779482;4.5;"Bus700";"OPC_N3:20";"2020-11-10T18:26:19.482Z";"2020-11-10T18:26:19.482Z";
-1.685704155;48.134755999;-1.685567484;48.134261918;1605032765440;1605032765440;3.9100000858306885;"Bus700";"OPC_N3:20";"2020-11-10T18:26:05.440Z";"2020-11-10T18:26:05.440Z";
-1.685344709;48.133603272;-1.685282301;48.133336742;1605032751375;1605032751375;3.509999990463257;"Bus700";"OPC_N3:20";"2020-11-10T18:25:51.375Z";"2020-11-10T18:25:51.375Z";
-1.643607378;48.110242787;-1.643607378;48.110242787;1605036340912;1605036340912;3.2799999713897705;"Bus743";"OPC_N3:09";"2020-11-10T19:25:40.912Z";"2020-11-10T19:25:40.912Z";
-1.684758965;48.13168963;-1.684529892;48.130845844;1605032723258;1605032723258;4.170000076293945;"Bus700";"OPC_N3:20";"2020-11-10T18:25:23.258Z";"2020-11-10T18:25:23.258Z";
-1.684355327;48.130434531;-1.68383876;48.129069282;1605032709217;1605032709217;3.759999990463257;"Bus700";"OPC_N3:20";"2020-11-10T18:25:09.217Z";"2020-11-10T18:25:09.217Z";
-1.643606993;48.110236095;-1.643606993;48.110236095;1605036296829;1605036296829;3.690000057220459;"Bus743";"OPC_N3:09";"2020-11-10T19:24:56.829Z";"2020-11-10T19:24:56.829Z";
-1.683810325;48.129030894;-1.683540603;48.128199011;1605032681126;1605032681126;3.369999885559082;"Bus700";"OPC_N3:20";"2020-11-10T18:24:41.126Z";"2020-11-10T18:24:41.126Z";
-1.683393305;48.127818009;-1.68311372;48.127076579;1605032653009;1605032653009;4.25;"Bus700";"OPC_N3:20";"2020-11-10T18:24:13.009Z";"2020-11-10T18:24:13.009Z";
-1.643606993;48.110236095;-1.643606993;48.110236095;1605036252707;1605036252707;3.4800000190734863;"Bus743";"OPC_N3:09";"2020-11-10T19:24:12.707Z";"2020-11-10T19:24:12.707Z";
-1.682940362;48.12671536;-1.682596416;48.126051783;1605032638943;1605032638943;4.010000228881836;"Bus700";"OPC_N3:20";"2020-11-10T18:23:58.943Z";"2020-11-10T18:23:58.943Z";
-1.682424248;48.125716647;-1.682266299;48.125406708;1605032624905;1605032624905;4.010000228881836;"Bus700";"OPC_N3:20";"2020-11-10T18:23:44.905Z";"2020-11-10T18:23:44.905Z";
-1.643606993;48.11023009;-1.643606993;48.11023009;1605036208641;1605036208641;3.240000009536743;"Bus743";"OPC_N3:09";"2020-11-10T19:23:28.641Z";"2020-11-10T19:23:28.641Z";
-1.682108351;48.125090765;-1.682108351;48.125090765;1605032610861;1605032610861;6.869999885559082;"Bus700";"OPC_N3:20";"2020-11-10T18:23:30.861Z";"2020-11-10T18:23:30.861Z";
-1.682079526;48.125027675;-1.6819508;48.124781515;1605032596807;1605032596807;6.599999904632568;"Bus700";"OPC_N3:20";"2020-11-10T18:23:16.807Z";"2020-11-10T18:23:16.807Z";
-1.682121445;48.124522165;-1.681632155;48.123812244;1605032582749;1605032582749;5.699999809265137;"Bus700";"OPC_N3:20";"2020-11-10T18:23:02.749Z";"2020-11-10T18:23:02.749Z";
-1.643606993;48.11023009;-1.643606993;48.11023009;1605036164516;1605036164516;3.069999933242798;"Bus743";"OPC_N3:09";"2020-11-10T19:22:44.516Z";"2020-11-10T19:22:44.516Z";
-1.682844502;48.123775439;-1.682442497;48.123744147;1605032554642;1605032554642;3.809999942779541;"Bus700";"OPC_N3:20";"2020-11-10T18:22:34.642Z";"2020-11-10T18:22:34.642Z";
-1.683633899;48.123670633;-1.683527277;48.123655672;1605032540588;1605032540588;3.869999885559082;"Bus700";"OPC_N3:20";"2020-11-10T18:22:20.588Z";"2020-11-10T18:22:20.588Z";
-1.685043274;48.123632741;-1.683874785;48.123202434;1605032526541;1605032526541;4.019999980926514;"Bus700";"OPC_N3:20";"2020-11-10T18:22:06.541Z";"2020-11-10T18:22:06.541Z";
-1.643606993;48.11023009;-1.643606993;48.11023009;1605036120422;1605036120422;3.5;"Bus743";"OPC_N3:09";"2020-11-10T19:22:00.422Z";"2020-11-10T19:22:00.422Z";
-1.685807368;48.122642303;-1.685536088;48.122313368;1605032502473;1605032502473;3.690000057220459;"Bus700";"OPC_N3:20";"2020-11-10T18:21:42.473Z";"2020-11-10T18:21:42.473Z";
-1.687346926;48.121964451;-1.686118132;48.120549585;1605032488428;1605032488428;4.420000076293945;"Bus700";"OPC_N3:20";"2020-11-10T18:21:28.428Z";"2020-11-10T18:21:28.428Z";
-1.643606993;48.11023009;-1.643606993;48.11023009;1605036076324;1605036076324;3.2899999618530273;"Bus743";"OPC_N3:09";"2020-11-10T19:21:16.324Z";"2020-11-10T19:21:16.324Z";
-1.688317833;48.11981257;-1.687993674;48.119463451;1605032460313;1605032460313;3.990000009536743;"Bus700";"OPC_N3:20";"2020-11-10T18:21:00.313Z";"2020-11-10T18:21:00.313Z";
-1.689198681;48.118759602;-1.688939285;48.118469636;1605032446259;1605032446259;2.740000009536743;"Bus700";"OPC_N3:20";"2020-11-10T18:20:46.259Z";"2020-11-10T18:20:46.259Z";
-1.643606993;48.11023009;-1.643606993;48.11023009;1605036032220;1605036032220;4.199999809265137;"Bus743";"OPC_N3:09";"2020-11-10T19:20:32.220Z";"2020-11-10T19:20:32.220Z";
-1.689432807;48.118230851;-1.689432411;48.118224158;1605032432202;1605032432202;2.3399999141693115;"Bus700";"OPC_N3:20";"2020-11-10T18:20:32.202Z";"2020-11-10T18:20:32.202Z";
-1.689665743;48.118217957;-1.689445836;48.117965983;1605032418137;1605032418137;2.119999885559082;"Bus700";"OPC_N3:20";"2020-11-10T18:20:18.137Z";"2020-11-10T18:20:18.137Z";
-1.690249262;48.117681821;-1.689938556;48.117284174;1605032404108;1605032404108;3.7899999618530273;"Bus700";"OPC_N3:20";"2020-11-10T18:20:04.108Z";"2020-11-10T18:20:04.108Z";
-1.643606993;48.11023009;-1.643606993;48.11023009;1605035988131;1605035988131;4.199999809265137;"Bus743";"OPC_N3:09";"2020-11-10T19:19:48.131Z";"2020-11-10T19:19:48.131Z";
-1.69076604;48.116815362;-1.690623917;48.11664144;1605032380037;1605032380037;1.2699999809265137;"Bus700";"OPC_N3:20";"2020-11-10T18:19:40.037Z";"2020-11-10T18:19:40.037Z";
-1.643606993;48.11023009;-1.643606993;48.11023009;1605035899928;1605035899928;3.569999933242798;"Bus743";"OPC_N3:09";"2020-11-10T19:18:19.928Z";"2020-11-10T19:18:19.928Z";
-1.643606993;48.11023009;-1.643606993;48.11023009;1605035855825;1605035855825;3.9100000858306885;"Bus743";"OPC_N3:09";"2020-11-10T19:17:35.825Z";"2020-11-10T19:17:35.825Z";
-1.643606993;48.11023009;-1.643606993;48.11023009;1605035811711;1605035811711;3.549999952316284;"Bus743";"OPC_N3:09";"2020-11-10T19:16:51.711Z";"2020-11-10T19:16:51.711Z";
-1.643620416;48.110229898;-1.643620416;48.110229898;1605035767633;1605035767633;3.109999895095825;"Bus743";"OPC_N3:09";"2020-11-10T19:16:07.633Z";"2020-11-10T19:16:07.633Z";
-1.643620416;48.110235903;-1.643620416;48.110235903;1605035723542;1605035723542;3.359999895095825;"Bus743";"OPC_N3:09";"2020-11-10T19:15:23.542Z";"2020-11-10T19:15:23.542Z";
-1.688121104;48.112346642;-1.687148314;48.112109711;1605032105920;1605032105920;3.190000057220459;"Bus700";"OPC_N3:20";"2020-11-10T18:15:05.920Z";"2020-11-10T18:15:05.920Z";
-1.644993506;48.110751834;-1.644993506;48.110751834;1605035679441;1605035679441;3.859999895095825;"Bus743";"OPC_N3:09";"2020-11-10T19:14:39.441Z";"2020-11-10T19:14:39.441Z";
-1.686920115;48.112355998;-1.686379211;48.111817034;1605032081913;1605032081913;3.190000057220459;"Bus700";"OPC_N3:20";"2020-11-10T18:14:41.913Z";"2020-11-10T18:14:41.913Z";
-1.686265897;48.111634163;-1.68438862;48.110087732;1605032057884;1605032057884;3.190000057220459;"Bus700";"OPC_N3:20";"2020-11-10T18:14:17.884Z";"2020-11-10T18:14:17.884Z";
-1.643360865;48.110958344;-1.643360865;48.110958344;1605035635339;1605035635339;2.9200000762939453;"Bus743";"OPC_N3:09";"2020-11-10T19:13:55.339Z";"2020-11-10T19:13:55.339Z";
-1.684347561;48.110068933;-1.684246497;48.109853777;1605032009851;1605032009851;3.190000057220459;"Bus700";"OPC_N3:20";"2020-11-10T18:13:29.851Z";"2020-11-10T18:13:29.851Z";
-1.642398903;48.110253371;-1.642398903;48.110253371;1605035591253;1605035591253;3.809999942779541;"Bus743";"OPC_N3:09";"2020-11-10T19:13:11.253Z";"2020-11-10T19:13:11.253Z";
-1.683750247;48.10988556;-1.681599044;48.109838975;1605031985822;1605031985822;3.190000057220459;"Bus700";"OPC_N3:20";"2020-11-10T18:13:05.822Z";"2020-11-10T18:13:05.822Z";
-1.642131593;48.110295299;-1.642131593;48.110295299;1605035547159;1605035547159;3.75;"Bus743";"OPC_N3:09";"2020-11-10T19:12:27.159Z";"2020-11-10T19:12:27.159Z";
-1.681289924;48.109868281;-1.678221253;48.10971099;1605031937794;1605031937794;3.190000057220459;"Bus700";"OPC_N3:20";"2020-11-10T18:12:17.794Z";"2020-11-10T18:12:17.794Z";
-1.642131593;48.110295299;-1.642131593;48.110295299;1605035503035;1605035503035;3.490000009536743;"Bus743";"OPC_N3:09";"2020-11-10T19:11:43.035Z";"2020-11-10T19:11:43.035Z";
-1.678234282;48.10971099;-1.67822086;48.109704102;1605031841653;1605031841653;3.509999990463257;"Bus700";"OPC_N3:20";"2020-11-10T18:10:41.653Z";"2020-11-10T18:10:41.653Z";
-1.678234282;48.109704102;-1.678234282;48.109698097;1605031817634;1605031817634;3.509999990463257;"Bus700";"OPC_N3:20";"2020-11-10T18:10:17.634Z";"2020-11-10T18:10:17.634Z";
-1.642131593;48.110295299;-1.642131593;48.110295299;1605035414830;1605035414830;4.159999847412109;"Bus743";"OPC_N3:09";"2020-11-10T19:10:14.830Z";"2020-11-10T19:10:14.830Z";
-1.678234282;48.109698097;-1.678234282;48.109698097;1605031793574;1605031793574;4.590000152587891;"Bus700";"OPC_N3:20";"2020-11-10T18:09:53.574Z";"2020-11-10T18:09:53.574Z";
-1.642131593;48.110295299;-1.642131593;48.110295299;1605035370763;1605035370763;7.300000190734863;"Bus743";"OPC_N3:09";"2020-11-10T19:09:30.763Z";"2020-11-10T19:09:30.763Z";
-1.678234282;48.109698097;-1.678233889;48.109691405;1605031769454;1605031769454;2.7699999809265137;"Bus700";"OPC_N3:20";"2020-11-10T18:09:29.454Z";"2020-11-10T18:09:29.454Z";
-1.678233889;48.109691405;-1.678233496;48.109678708;1605031745375;1605031745375;4.130000114440918;"Bus700";"OPC_N3:20";"2020-11-10T18:09:05.375Z";"2020-11-10T18:09:05.375Z";
-1.642131593;48.110295299;-1.642131593;48.110295299;1605035326652;1605035326652;4.440000057220459;"Bus743";"OPC_N3:09";"2020-11-10T19:08:46.652Z";"2020-11-10T19:08:46.652Z";
-1.678233102;48.109672016;-1.6782185;48.109646132;1605031721321;1605031721321;4.269999980926514;"Bus700";"OPC_N3:20";"2020-11-10T18:08:41.321Z";"2020-11-10T18:08:41.321Z";
-1.678218107;48.10963944;-1.678156944;48.109429009;1605031697260;1605031697260;5.269999980926514;"Bus700";"OPC_N3:20";"2020-11-10T18:08:17.260Z";"2020-11-10T18:08:17.260Z";
-1.642131593;48.110295299;-1.642131593;48.110295299;1605035282573;1605035282573;4.449999809265137;"Bus743";"OPC_N3:09";"2020-11-10T19:08:02.573Z";"2020-11-10T19:08:02.573Z";
-1.678140375;48.109345645;-1.677829457;48.107711477;1605031673176;1605031673176;4.849999904632568;"Bus700";"OPC_N3:20";"2020-11-10T18:07:53.176Z";"2020-11-10T18:07:53.176Z";
-1.642131208;48.110288607;-1.642131208;48.110288607;1605035238457;1605035238457;4.550000190734863;"Bus743";"OPC_N3:09";"2020-11-10T19:07:18.457Z";"2020-11-10T19:07:18.457Z";
-1.677854784;48.107519259;-1.674901177;48.107351273;1605031625033;1605031625033;3.109999895095825;"Bus700";"OPC_N3:20";"2020-11-10T18:07:05.033Z";"2020-11-10T18:07:05.033Z";
-1.642131593;48.110295299;-1.642131593;48.110295299;1605035194364;1605035194364;3.700000047683716;"Bus743";"OPC_N3:09";"2020-11-10T19:06:34.364Z";"2020-11-10T19:06:34.364Z";
-1.674787913;48.107174396;-1.674120673;48.105642957;1605031576860;1605031576860;3.109999895095825;"Bus700";"OPC_N3:20";"2020-11-10T18:06:16.860Z";"2020-11-10T18:06:16.860Z";
-1.642131593;48.110295299;-1.642131593;48.110295299;1605035150245;1605035150245;4.21999979019165;"Bus743";"OPC_N3:09";"2020-11-10T19:05:50.245Z";"2020-11-10T19:05:50.245Z";
-1.674006239;48.105403968;-1.673892982;48.105137009;1605031528702;1605031528702;3.2899999618530273;"Bus700";"OPC_N3:20";"2020-11-10T18:05:28.702Z";"2020-11-10T18:05:28.702Z";
-1.673798638;48.105053616;-1.673095801;48.104029164;1605031504602;1605031504602;5.199999809265137;"Bus700";"OPC_N3:20";"2020-11-10T18:05:04.602Z";"2020-11-10T18:05:04.602Z";
-1.642131593;48.110295299;-1.642131593;48.110295299;1605035106151;1605035106151;4.079999923706055;"Bus743";"OPC_N3:09";"2020-11-10T19:05:06.151Z";"2020-11-10T19:05:06.151Z";
-1.642131593;48.110295299;-1.642131593;48.110295299;1605035062046;1605035062046;3.259999990463257;"Bus743";"OPC_N3:09";"2020-11-10T19:04:22.046Z";"2020-11-10T19:04:22.046Z";
-1.673095801;48.104283012;-1.672430217;48.104082983;1605031456464;1605031456464;5.119999885559082;"Bus700";"OPC_N3:20";"2020-11-10T18:04:16.464Z";"2020-11-10T18:04:16.464Z";
-1.642131593;48.110295299;-1.642131593;48.110295299;1605035017946;1605035017946;2.9600000381469727;"Bus743";"OPC_N3:09";"2020-11-10T19:03:37.946Z";"2020-11-10T19:03:37.946Z";
-1.672336267;48.104323439;-1.671580357;48.104209211;1605031408269;1605031408269;4.630000114440918;"Bus700";"OPC_N3:20";"2020-11-10T18:03:28.269Z";"2020-11-10T18:03:28.269Z";
-1.671271272;48.104742275;-1.665607262;48.104194999;1605031384185;1605031384185;3.9200000762939453;"Bus700";"OPC_N3:20";"2020-11-10T18:03:04.185Z";"2020-11-10T18:03:04.185Z";
-1.642131593;48.110295299;-1.642131593;48.110295299;1605034973857;1605034973857;3.009999990463257;"Bus743";"OPC_N3:09";"2020-11-10T19:02:53.857Z";"2020-11-10T19:02:53.857Z";
-1.665162788;48.104688796;-1.663474731;48.104010456;1605031311966;1605031311966;6.110000133514404;"Bus700";"OPC_N3:20";"2020-11-10T18:01:51.966Z";"2020-11-10T18:01:51.966Z";
-1.663077715;48.103780169;-1.661502721;48.102876141;1605031287871;1605031287871;6.519999980926514;"Bus700";"OPC_N3:20";"2020-11-10T18:01:27.871Z";"2020-11-10T18:01:27.871Z";
-1.642145016;48.110289103;-1.642145016;48.110289103;1605034885657;1605034885657;3.309999942779541;"Bus743";"OPC_N3:09";"2020-11-10T19:01:25.657Z";"2020-11-10T19:01:25.657Z";
-1.661488911;48.102863638;-1.659630002;48.101425558;1605031263774;1605031263774;2.5;"Bus700";"OPC_N3:20";"2020-11-10T18:01:03.774Z";"2020-11-10T18:01:03.774Z";
-1.642144631;48.110282411;-1.642144631;48.110282411;1605034841538;1605034841538;3.5899999141693115;"Bus743";"OPC_N3:09";"2020-11-10T19:00:41.538Z";"2020-11-10T19:00:41.538Z";
-1.658979401;48.100835168;-1.65809212;48.100004768;1605031215630;1605031215630;3.369999885559082;"Bus700";"OPC_N3:20";"2020-11-10T18:00:15.630Z";"2020-11-10T18:00:15.630Z";
-1.657926803;48.099879437;-1.657679021;48.099685776;1605031191572;1605031191572;3.8299999237060547;"Bus700";"OPC_N3:20";"2020-11-10T17:59:51.572Z";"2020-11-10T17:59:51.572Z";
-1.657403236;48.099460417;-1.655819168;48.098209542;1605031167336;1605031167336;4.619999885559082;"Bus700";"OPC_N3:20";"2020-11-10T17:59:27.336Z";"2020-11-10T17:59:27.336Z";
-1.642144631;48.110276406;-1.642144631;48.110276406;1605034753255;1605034753255;4.25;"Bus743";"OPC_N3:09";"2020-11-10T18:59:13.255Z";"2020-11-10T18:59:13.255Z";
-1.655423784;48.098024009;-1.65538236;48.097992505;1605031143278;1605031143278;4.570000171661377;"Bus700";"OPC_N3:20";"2020-11-10T17:59:03.278Z";"2020-11-10T17:59:03.278Z";
-1.65538236;48.097992698;-1.65536894;48.097992505;1605031119201;1605031119201;3.9800000190734863;"Bus700";"OPC_N3:20";"2020-11-10T17:58:39.201Z";"2020-11-10T17:58:39.201Z";
-1.642144247;48.110269714;-1.642144247;48.110269714;1605034709173;1605034709173;3.7799999713897705;"Bus743";"OPC_N3:09";"2020-11-10T18:58:29.173Z";"2020-11-10T18:58:29.173Z";
-1.65535552;48.097992891;-1.654891489;48.097751529;1605031095102;1605031095102;5.440000057220459;"Bus700";"OPC_N3:20";"2020-11-10T17:58:15.102Z";"2020-11-10T17:58:15.102Z";
-1.654631859;48.097620856;-1.651619128;48.095910835;1605031071039;1605031071039;4.570000171661377;"Bus700";"OPC_N3:20";"2020-11-10T17:57:51.039Z";"2020-11-10T17:57:51.039Z";
-1.651413195;48.095779383;-1.650687274;48.09534916;1605030998806;1605030998806;2.559999942779541;"Bus700";"OPC_N3:20";"2020-11-10T17:56:38.806Z";"2020-11-10T17:56:38.806Z";
-1.649903824;48.094780719;-1.648609599;48.093773632;1605030974700;1605030974700;3.8299999237060547;"Bus700";"OPC_N3:20";"2020-11-10T17:56:14.700Z";"2020-11-10T17:56:14.700Z";
-1.647769433;48.093116383;-1.64739748;48.092828177;1605030950601;1605030950601;2.369999885559082;"Bus700";"OPC_N3:20";"2020-11-10T17:55:50.601Z";"2020-11-10T17:55:50.601Z";
-1.647231826;48.092684127;-1.645480253;48.091260929;1605030926505;1605030926505;4.349999904632568;"Bus700";"OPC_N3:20";"2020-11-10T17:55:26.505Z";"2020-11-10T17:55:26.505Z";
-1.645243664;48.091002879;-1.645186909;48.090914085;1605030902461;1605030902461;3.7200000286102295;"Bus700";"OPC_N3:20";"2020-11-10T17:55:02.461Z";"2020-11-10T17:55:02.461Z";
-1.645186909;48.090914085;-1.644774598;48.089773303;1605030878366;1605030878366;3.880000114440918;"Bus700";"OPC_N3:20";"2020-11-10T17:54:38.366Z";"2020-11-10T17:54:38.366Z";
-1.643292587;48.087564298;-1.642249503;48.087362712;1605030747967;1605030747967;4.150000095367432;"Bus700";"OPC_N3:20";"2020-11-10T17:52:27.967Z";"2020-11-10T17:52:27.967Z";
-1.641388914;48.088609381;-1.636991454;48.087646893;1605030699758;1605030699758;3.8399999141693115;"Bus700";"OPC_N3:20";"2020-11-10T17:51:39.758Z";"2020-11-10T17:51:39.758Z";
-1.636582025;48.089476448;-1.635447262;48.088825153;1605030627525;1605030627525;3.450000047683716;"Bus700";"OPC_N3:20";"2020-11-10T17:50:27.525Z";"2020-11-10T17:50:27.525Z";
-1.63603532;48.091957301;-1.634356917;48.090008001;1605030603426;1605030603426;5.21999979019165;"Bus700";"OPC_N3:20";"2020-11-10T17:50:03.426Z";"2020-11-10T17:50:03.426Z";
-1.638201061;48.092074241;-1.636854995;48.091983733;1605030555267;1605030555267;3.950000047683716;"Bus700";"OPC_N3:20";"2020-11-10T17:49:15.267Z";"2020-11-10T17:49:15.267Z";
-1.639613097;48.092576284;-1.638538442;48.092126936;1605030531178;1605030531178;4.590000152587891;"Bus700";"OPC_N3:20";"2020-11-10T17:48:51.178Z";"2020-11-10T17:48:51.178Z";
-1.640121496;48.093154265;-1.639684825;48.092780575;1605030483030;1605030483030;1.75;"Bus700";"OPC_N3:20";"2020-11-10T17:48:03.030Z";"2020-11-10T17:48:03.030Z";
-1.638947582;48.095524965;-1.637569691;48.093634782;1605030458970;1605030458970;1.6100000143051147;"Bus700";"OPC_N3:20";"2020-11-10T17:47:38.970Z";"2020-11-10T17:47:38.970Z";
-1.637584645;48.096465621;-1.637115359;48.095563056;1605030410779;1605030410779;1.7300000190734863;"Bus700";"OPC_N3:20";"2020-11-10T17:46:50.779Z";"2020-11-10T17:46:50.779Z";
